{"type": "FeatureCollection", "features": [{"type": "Feature", "properties": {"name": "Основной маршрут"}, "geometry": {"type": "LineString", "coordinates": [[30.693871, 61.699416], [30.693314, 61.699351], [30.692927, 61.699351], [30.69179, 61.699652], [30.69164, 61.699802], [30.691575, 61.700145], [30.688271, 61.701754], [30.69046, 61.702849], [30.696897, 61.705874], [30.69739, 61.706132], [30.697884, 61.706454], [30.698335, 61.707548], [30.698764, 61.708299], [30.698957, 61.709029], [30.699086, 61.71008], [30.699086, 61.710552], [30.698935, 61.71199], [30.69885, 61.712355], [30.69885, 61.712483], [30.698721, 61.712741], [30.698592, 61.71317], [30.69842, 61.714457], [30.698249, 61.714865], [30.697648, 61.715745], [30.697562, 61.716024], [30.697584, 61.716174], [30.697777, 61.71671], [30.698034, 61.717204], [30.698785, 61.718041], [30.699107, 61.718491], [30.700008, 61.719951], [30.70018, 61.720337], [30.700437, 61.722225], [30.700566, 61.722869], [30.700867, 61.723341], [30.701682, 61.724221], [30.701703, 61.7245], [30.701661, 61.724628], [30.701403, 61.724886], [30.700695, 61.725358], [30.700309, 61.72553], [30.699601, 61.725658], [30.69827, 61.725766], [30.697133, 61.726002], [30.695652, 61.726517], [30.693356, 61.727117], [30.69282, 61.727332], [30.692348, 61.727589], [30.691897, 61.727933], [30.691726, 61.728126], [30.69164, 61.728276], [30.691575, 61.728662], [30.691618, 61.729006], [30.691769, 61.729306], [30.691962, 61.729499], [30.692241, 61.729671], [30.694129, 61.730465], [30.694773, 61.730937], [30.69503, 61.731173], [30.695223, 61.731495], [30.695223, 61.731709], [30.695159, 61.732053], [30.694923, 61.732611], [30.694644, 61.732911], [30.694, 61.73349], [30.693035, 61.733962], [30.692756, 61.73422], [30.692369, 61.734971], [30.692262, 61.7351], [30.690481, 61.737074], [30.69003, 61.737439], [30.68767, 61.738511], [30.686447, 61.73922], [30.685675, 61.739713], [30.685052, 61.740121], [30.683636, 61.741172], [30.681598, 61.742438], [30.681211, 61.74276], [30.680503, 61.743597], [30.680074, 61.744026], [30.679581, 61.744369], [30.678658, 61.744777], [30.675697, 61.745828], [30.67383, 61.746386], [30.67001, 61.747137], [30.667457, 61.747502], [30.666899, 61.747631], [30.666341, 61.747867], [30.662693, 61.750099], [30.661835, 61.750721], [30.660505, 61.751901], [30.657179, 61.754691], [30.656814, 61.755055], [30.656599, 61.755334], [30.656557, 61.755527], [30.656728, 61.756729], [30.656964, 61.757652], [30.657157, 61.758746], [30.657222, 61.759325], [30.657179, 61.759604], [30.65617, 61.763102], [30.655999, 61.763553], [30.655655, 61.764304], [30.654132, 61.767115], [30.653917, 61.767608], [30.653917, 61.767801], [30.654196, 61.76881], [30.654947, 61.770784], [30.655012, 61.771127], [30.655012, 61.771578], [30.655054, 61.771792], [30.655312, 61.77235], [30.655741, 61.772887], [30.656642, 61.773702], [30.657501, 61.774196], [30.65941, 61.775075], [30.660397, 61.775376], [30.661363, 61.775569], [30.661899, 61.775612], [30.66147, 61.776513], [30.658466, 61.780719], [30.660119, 61.780998], [30.660119, 61.781191], [30.659518, 61.78162], [30.659668, 61.782049], [30.661127, 61.788272], [30.661556, 61.791684], [30.660955, 61.794645], [30.662157, 61.796147], [30.666534, 61.798207], [30.675375, 61.799988], [30.68001, 61.800867], [30.683615, 61.80282], [30.690481, 61.806833], [30.702154, 61.814128], [30.705845, 61.815952], [30.708849, 61.820179], [30.711252, 61.821724], [30.711831, 61.82196], [30.712733, 61.822196], [30.71387, 61.822218], [30.714406, 61.822153], [30.715458, 61.821853], [30.716359, 61.821767], [30.71726, 61.821767], [30.718591, 61.821874], [30.719191, 61.82181], [30.719578, 61.821681], [30.720243, 61.82166], [30.721187, 61.821789], [30.721509, 61.821896], [30.721745, 61.822046], [30.721831, 61.822111], [30.721895, 61.822239], [30.721917, 61.822368], [30.721874, 61.822583], [30.721895, 61.822776], [30.722153, 61.822947], [30.722882, 61.823098], [30.724105, 61.82357], [30.724642, 61.823698], [30.725414, 61.823784], [30.726401, 61.823634], [30.728053, 61.823548], [30.730736, 61.823613], [30.731208, 61.823677], [30.73153, 61.823849], [30.731573, 61.824042], [30.731551, 61.824557], [30.731701, 61.82475], [30.732088, 61.825072], [30.732753, 61.825436], [30.732903, 61.825587], [30.733289, 61.826123], [30.733525, 61.826252], [30.734405, 61.826445], [30.734705, 61.826552], [30.73492, 61.826767], [30.735242, 61.82726], [30.735821, 61.827775], [30.736186, 61.828312], [30.737731, 61.829192], [30.738332, 61.829449], [30.739963, 61.83005], [30.740714, 61.830458], [30.74316, 61.831466], [30.744576, 61.83211], [30.74625, 61.832754], [30.747537, 61.833161], [30.748588, 61.833569], [30.749425, 61.833998], [30.750048, 61.834384], [30.751013, 61.834749], [30.751464, 61.834878], [30.752172, 61.835007], [30.753052, 61.835028], [30.753545, 61.835092], [30.753996, 61.835221], [30.754897, 61.835607], [30.756292, 61.836122], [30.7573, 61.836337], [30.760047, 61.836509], [30.760691, 61.836616], [30.761055, 61.836788], [30.761163, 61.837152], [30.761249, 61.83726], [30.761849, 61.837539], [30.762085, 61.837603], [30.76348, 61.837732], [30.763931, 61.837839], [30.764253, 61.838161], [30.765068, 61.838697], [30.765583, 61.838955], [30.765733, 61.839148], [30.765733, 61.83932], [30.765626, 61.839491], [30.765047, 61.839792], [30.76481, 61.840028], [30.764725, 61.8405], [30.76481, 61.841294], [30.764682, 61.841508], [30.764381, 61.84168], [30.763158, 61.842131], [30.762515, 61.842452], [30.762171, 61.84256], [30.761356, 61.842688], [30.760712, 61.842839], [30.760154, 61.843032], [30.759489, 61.843354], [30.759124, 61.84359], [30.758824, 61.843869], [30.758223, 61.844276], [30.757408, 61.845178], [30.756807, 61.845671], [30.756056, 61.846143], [30.755369, 61.846959], [30.755348, 61.847173], [30.755476, 61.847302], [30.756185, 61.847731], [30.756699, 61.848632], [30.756785, 61.849426], [30.75685, 61.849769], [30.756914, 61.849877], [30.757601, 61.850242], [30.75803, 61.85052], [30.758953, 61.8514], [30.759317, 61.851937], [30.759532, 61.852173], [30.759639, 61.852366], [30.759618, 61.852623], [30.759639, 61.852688], [30.759596, 61.852859], [30.759639, 61.853525], [30.759596, 61.853761], [30.759425, 61.853975], [30.758867, 61.854533], [30.758459, 61.855027], [30.758094, 61.855284], [30.758051, 61.85537], [30.757815, 61.855584], [30.757622, 61.855863], [30.757429, 61.856014], [30.756442, 61.857108], [30.75627, 61.857859], [30.756292, 61.858288], [30.756206, 61.858481], [30.755991, 61.858739], [30.755884, 61.859125], [30.755906, 61.859297], [30.755863, 61.85949], [30.755948, 61.860348], [30.755906, 61.860756], [30.755927, 61.861743], [30.755948, 61.861957], [30.756056, 61.862151], [30.756077, 61.862301], [30.755541, 61.864017], [30.755348, 61.864275], [30.755155, 61.864704], [30.754983, 61.864897], [30.754961, 61.865047], [30.755047, 61.86524], [30.756657, 61.866313], [30.758373, 61.867107], [30.759274, 61.867386], [30.760068, 61.867515], [30.762858, 61.867429], [30.76333, 61.867494], [30.763673, 61.867579], [30.764338, 61.868051], [30.764746, 61.868287], [30.766398, 61.869081], [30.7673, 61.869639], [30.767922, 61.869811], [30.768887, 61.869918], [30.769467, 61.870133], [30.769896, 61.870347], [30.770003, 61.870455], [30.770003, 61.870519], [30.770068, 61.87054], [30.76996, 61.870648], [30.769939, 61.87112], [30.76996, 61.871377], [30.769874, 61.871721], [30.769402, 61.872257], [30.769081, 61.872536], [30.767793, 61.873351], [30.767042, 61.873995], [30.766377, 61.874446], [30.765755, 61.874682], [30.765454, 61.874746], [30.764853, 61.875218], [30.764424, 61.875712], [30.763072, 61.87642], [30.762729, 61.876806], [30.762257, 61.877128], [30.761377, 61.877514], [30.760133, 61.877986], [30.758309, 61.879231], [30.758244, 61.879403], [30.757987, 61.879639], [30.757901, 61.879832], [30.757858, 61.880454], [30.757815, 61.880647], [30.757644, 61.88099], [30.756721, 61.88172], [30.75612, 61.882085], [30.756056, 61.882192], [30.756378, 61.882514], [30.756571, 61.882964], [30.756742, 61.883136], [30.757043, 61.883286], [30.757858, 61.883565], [30.758159, 61.88378], [30.758395, 61.884424], [30.759317, 61.885539], [30.759339, 61.885711], [30.759296, 61.886419], [30.759446, 61.88775], [30.759575, 61.887986], [30.759854, 61.888393], [30.760068, 61.888629], [30.761077, 61.889123], [30.761377, 61.889316], [30.761635, 61.889616], [30.761763, 61.890324], [30.762042, 61.890689], [30.762021, 61.890861], [30.761828, 61.891161], [30.761721, 61.891462], [30.761656, 61.892406], [30.761721, 61.892535], [30.761935, 61.892749], [30.762858, 61.893264], [30.763223, 61.893565], [30.763373, 61.893844], [30.76348, 61.894702], [30.763544, 61.894895], [30.763673, 61.895045], [30.763909, 61.895174], [30.764832, 61.895496], [30.764982, 61.895625], [30.76524, 61.895946], [30.765604, 61.896204], [30.765647, 61.89629], [30.765669, 61.896418], [30.765626, 61.896547], [30.765283, 61.896955], [30.764896, 61.897255], [30.764253, 61.897556], [30.764167, 61.89762], [30.764017, 61.897856], [30.763781, 61.898114], [30.762643, 61.898779], [30.762257, 61.899101], [30.762085, 61.899315], [30.76215, 61.900088], [30.762343, 61.900324], [30.763287, 61.900925], [30.763587, 61.901225], [30.763909, 61.901676], [30.764918, 61.902856], [30.766484, 61.903972], [30.767106, 61.90468], [30.768072, 61.905474], [30.768308, 61.905795], [30.768287, 61.90586], [30.768158, 61.905989], [30.766355, 61.90704], [30.766076, 61.907255], [30.765948, 61.907405], [30.765883, 61.907555], [30.765755, 61.908091], [30.765626, 61.908392], [30.764446, 61.9094], [30.764188, 61.909851], [30.764188, 61.910023], [30.764381, 61.910259], [30.765047, 61.910752], [30.765261, 61.910838], [30.765562, 61.910881], [30.767192, 61.910967], [30.769617, 61.910774], [30.770003, 61.910795], [30.770282, 61.910924], [30.770754, 61.91131], [30.771913, 61.912125], [30.772192, 61.912254], [30.772814, 61.912404], [30.774424, 61.912683], [30.774681, 61.912791], [30.774767, 61.912876], [30.774831, 61.913048], [30.774853, 61.913263], [30.775003, 61.913542], [30.775775, 61.913928], [30.776033, 61.914207], [30.776269, 61.914786], [30.776376, 61.915387], [30.776655, 61.915945], [30.777041, 61.916224], [30.777277, 61.916331], [30.777513, 61.916503], [30.777621, 61.916674], [30.777749, 61.917125], [30.777835, 61.917297], [30.77805, 61.917511], [30.778479, 61.917812], [30.778822, 61.918434], [30.77908, 61.91867], [30.779766, 61.918992], [30.781741, 61.919636], [30.783758, 61.920558], [30.783994, 61.920709], [30.784144, 61.921009], [30.784552, 61.921417], [30.784659, 61.921739], [30.784723, 61.922103], [30.78468, 61.922575], [30.784573, 61.923069], [30.783457, 61.923777], [30.783371, 61.923906], [30.783414, 61.923992], [30.783693, 61.924163], [30.785152, 61.924807], [30.78586, 61.925193], [30.786697, 61.925537], [30.787599, 61.92603], [30.788392, 61.92633], [30.789208, 61.926588], [30.789852, 61.927081], [30.789937, 61.927189], [30.790088, 61.927725], [30.790152, 61.928176], [30.790367, 61.928562], [30.790324, 61.929034], [30.790431, 61.929485], [30.790367, 61.929721], [30.790367, 61.9303], [30.790088, 61.931051], [30.790152, 61.931459], [30.790216, 61.931566], [30.790345, 61.931652], [30.791697, 61.932145], [30.792255, 61.932403], [30.79277, 61.93251], [30.793414, 61.932167], [30.79468, 61.931781], [30.795538, 61.931116], [30.796375, 61.930601], [30.797769, 61.930021], [30.799078, 61.93], [30.800344, 61.930193], [30.801052, 61.930429], [30.801911, 61.930815], [30.802662, 61.931394], [30.803177, 61.932467], [30.803778, 61.932746], [30.804593, 61.933068], [30.805559, 61.933776], [30.806224, 61.933991], [30.807683, 61.933948], [30.808069, 61.934034], [30.808799, 61.934377], [30.809421, 61.934484], [30.809829, 61.934506], [30.811159, 61.934484], [30.812618, 61.934377], [30.815064, 61.934592], [30.817425, 61.934184], [30.818455, 61.93369], [30.819914, 61.932618], [30.824742, 61.930944], [30.828583, 61.929656], [30.835084, 61.92779], [30.838303, 61.926051], [30.839784, 61.924356], [30.840256, 61.923734], [30.840427, 61.923005], [30.841286, 61.922039], [30.839827, 61.920301], [30.838797, 61.918842], [30.838282, 61.917554], [30.838968, 61.915923], [30.839483, 61.914314], [30.842058, 61.91204], [30.842916, 61.91043], [30.852358, 61.901053], [30.86137, 61.894466], [30.863687, 61.89365], [30.868837, 61.892814], [30.871412, 61.890496], [30.87579, 61.888608], [30.882656, 61.886205], [30.885574, 61.883909], [30.886948, 61.882943], [30.888321, 61.881398], [30.889265, 61.880154], [30.890896, 61.879381], [30.899114, 61.875926], [30.900187, 61.875368], [30.901517, 61.874446], [30.904028, 61.873094], [30.906345, 61.872321], [30.908062, 61.871528], [30.909564, 61.870562], [30.91274, 61.868996], [30.914714, 61.867966], [30.916087, 61.867558], [30.917246, 61.867515], [30.920293, 61.867515], [30.921881, 61.867451], [30.922696, 61.867193], [30.923383, 61.866721], [30.925872, 61.865863], [30.926923, 61.865391], [30.927352, 61.865047], [30.928897, 61.864532], [30.931923, 61.863288], [30.933189, 61.862837], [30.935013, 61.86185], [30.935571, 61.861721], [30.936386, 61.8617], [30.937137, 61.861721], [30.938811, 61.861893], [30.939304, 61.861893], [30.940227, 61.861721], [30.940592, 61.8617], [30.940935, 61.861893], [30.940291, 61.862494], [30.940549, 61.86273], [30.940957, 61.862773], [30.941836, 61.862494], [30.942695, 61.862279], [30.944497, 61.862215], [30.946493, 61.862279], [30.95117, 61.862086], [30.952222, 61.862215], [30.953702, 61.862], [30.955784, 61.860734], [30.956749, 61.860348], [30.955548, 61.859855], [30.954518, 61.85964], [30.952608, 61.859447], [30.950634, 61.858889], [30.949454, 61.858288], [30.948638, 61.858116], [30.947308, 61.857215], [30.946772, 61.856915], [30.946621, 61.856464], [30.946385, 61.856228], [30.945506, 61.856035], [30.945591, 61.855348], [30.945463, 61.855198], [30.945441, 61.855091], [30.945527, 61.855005], [30.946514, 61.854855], [30.946621, 61.854726], [30.9466, 61.854555], [30.946493, 61.854404], [30.946214, 61.854211], [30.945634, 61.853997], [30.945291, 61.853825], [30.94527, 61.853525], [30.945119, 61.852988], [30.945012, 61.852323], [30.944755, 61.851658], [30.944197, 61.851057], [30.944004, 61.850971], [30.943574, 61.850542], [30.942716, 61.849812], [30.942501, 61.849769], [30.941793, 61.849512], [30.940935, 61.848997], [30.940656, 61.848954], [30.93924, 61.849469], [30.937008, 61.85052], [30.936429, 61.850735], [30.934884, 61.851486], [30.934455, 61.851593], [30.934154, 61.851529], [30.934069, 61.851443], [30.934026, 61.851314], [30.933382, 61.850757], [30.933146, 61.850349], [30.933189, 61.850156], [30.933532, 61.849533], [30.933554, 61.849405], [30.933425, 61.848589], [30.933489, 61.848396], [30.933897, 61.848203], [30.935034, 61.847838], [30.935871, 61.847001], [30.936193, 61.846615], [30.936279, 61.846379], [30.936386, 61.846229], [30.936729, 61.845993], [30.936858, 61.845864], [30.937116, 61.845285], [30.937588, 61.844512], [30.937695, 61.843912], [30.937523, 61.843439], [30.936901, 61.842817], [30.936708, 61.842731], [30.936021, 61.842152], [30.935893, 61.841959], [30.935699, 61.841465], [30.935614, 61.840736], [30.935399, 61.840371], [30.935099, 61.840114], [30.934905, 61.840006], [30.934283, 61.839899], [30.933983, 61.839727], [30.933833, 61.839577], [30.933554, 61.838976], [30.933618, 61.838676], [30.93394, 61.838096], [30.933854, 61.837839], [30.933425, 61.837131], [30.933124, 61.836122], [30.933017, 61.835908], [30.932888, 61.835286], [30.932631, 61.834813], [30.932545, 61.833955], [30.932545, 61.833419], [30.932438, 61.832625], [30.932524, 61.832196], [30.932717, 61.831788], [30.93306, 61.831316], [30.933275, 61.83108], [30.933511, 61.830694], [30.933532, 61.830436], [30.933511, 61.830307], [30.933403, 61.830093], [30.933232, 61.829921], [30.933124, 61.829685], [30.932781, 61.829256], [30.932481, 61.828956], [30.931794, 61.828483], [30.931215, 61.827818], [30.930936, 61.827389], [30.930786, 61.827046], [30.9307, 61.826702], [30.9307, 61.826466], [30.930743, 61.826338], [30.931022, 61.826102], [30.931708, 61.825286], [30.932116, 61.8249], [30.932266, 61.824557], [30.932288, 61.824085], [30.932245, 61.82402], [30.932202, 61.823741], [30.932266, 61.823462], [30.932459, 61.823098], [30.932631, 61.822969], [30.932931, 61.822411], [30.933425, 61.821789], [30.934133, 61.820523], [30.934734, 61.819793], [30.934884, 61.819686], [30.935141, 61.819579], [30.935249, 61.81945], [30.935678, 61.819171], [30.936193, 61.818892], [30.936429, 61.818827], [30.938103, 61.818785], [30.939412, 61.818634], [30.939969, 61.818398], [30.941343, 61.818055], [30.941686, 61.817905], [30.941922, 61.817755], [30.942223, 61.817433], [30.94278, 61.816961], [30.94321, 61.816725], [30.943982, 61.816102], [30.944519, 61.815866], [30.945634, 61.815738], [30.945849, 61.815566], [30.945999, 61.815373], [30.946428, 61.815029], [30.946578, 61.814965], [30.946857, 61.815008], [30.946879, 61.815051], [30.9469, 61.815008], [30.947372, 61.815051], [30.947673, 61.815029], [30.947694, 61.815051], [30.947651, 61.815051], [30.948252, 61.815115], [30.948488, 61.814922], [30.949025, 61.814944], [30.949068, 61.815137], [30.950291, 61.815115], [30.951514, 61.815673], [30.952393, 61.816124], [30.953037, 61.816253], [30.953273, 61.816446], [30.953273, 61.816939], [30.953488, 61.817068], [30.953874, 61.817089], [30.956664, 61.816467], [30.957672, 61.816424], [30.959346, 61.816253], [30.959818, 61.816295], [30.96044, 61.816253], [30.96235, 61.816381], [30.9628, 61.816338], [30.963273, 61.816167], [30.963787, 61.816059], [30.964238, 61.815995], [30.964839, 61.815974], [30.966169, 61.816017], [30.967307, 61.816317], [30.968658, 61.816596], [30.969324, 61.816768], [30.969753, 61.816853], [30.970697, 61.816961], [30.971362, 61.817004], [30.971512, 61.816961], [30.97162, 61.816875], [30.972521, 61.816789], [30.977885, 61.816875], [30.978894, 61.816746], [30.981039, 61.816231], [30.98134, 61.816188], [30.982027, 61.816167], [30.983614, 61.815845], [30.984086, 61.815609], [30.98473, 61.815158], [30.985782, 61.814321], [30.986254, 61.81415], [30.986661, 61.814085], [30.987219, 61.814107], [30.988035, 61.814236], [30.988678, 61.814278], [30.990095, 61.814214], [30.990717, 61.814278], [30.991511, 61.8143], [30.992155, 61.814193], [30.992906, 61.813978], [30.993549, 61.813485], [30.994665, 61.812927], [30.994901, 61.812776], [30.995223, 61.812669], [30.996017, 61.812497], [30.997261, 61.812455], [30.998098, 61.812369], [30.999836, 61.811961], [31.000373, 61.811789], [31.000566, 61.811618], [31.001403, 61.811146], [31.002132, 61.810888], [31.002347, 61.810867], [31.003162, 61.81033], [31.003591, 61.810137], [31.004793, 61.809815], [31.005523, 61.809772], [31.007089, 61.809794], [31.007604, 61.809751], [31.008892, 61.809515], [31.009192, 61.809365], [31.010093, 61.809043], [31.010651, 61.808936], [31.010994, 61.808914], [31.011488, 61.808957], [31.011939, 61.809043], [31.014127, 61.809622], [31.01402, 61.809622], [31.01726, 61.809601], [31.018955, 61.809644], [31.022217, 61.809579], [31.025693, 61.809558], [31.025907, 61.809536], [31.026079, 61.809472], [31.02653, 61.808807], [31.026959, 61.808378], [31.027152, 61.808292], [31.027538, 61.808249], [31.028461, 61.808335], [31.028761, 61.808313], [31.029148, 61.808163], [31.029405, 61.808013], [31.029942, 61.807455], [31.030478, 61.806082], [31.030435, 61.805846], [31.030306, 61.805674], [31.029705, 61.805202], [31.029534, 61.80503], [31.029448, 61.804816], [31.029705, 61.803678], [31.02992, 61.803314], [31.030092, 61.802605], [31.03007, 61.802348], [31.030113, 61.802133], [31.030414, 61.801661], [31.03095, 61.801103], [31.031379, 61.800567], [31.031486, 61.800181], [31.031444, 61.799859], [31.031293, 61.799601], [31.030714, 61.799108], [31.030456, 61.798679], [31.030306, 61.79825], [31.029834, 61.79752], [31.029705, 61.79722], [31.029512, 61.796941], [31.029233, 61.796705], [31.028933, 61.796554], [31.027967, 61.796297], [31.027495, 61.796039], [31.027045, 61.795696], [31.026444, 61.795374], [31.025907, 61.79531], [31.025135, 61.795374], [31.024169, 61.795396], [31.022903, 61.795224], [31.022388, 61.795117], [31.022303, 61.795031], [31.022217, 61.794816], [31.022174, 61.794065], [31.022045, 61.793851], [31.021208, 61.79355], [31.0205, 61.79325], [31.019492, 61.792585], [31.018741, 61.792306], [31.018397, 61.79207], [31.01829, 61.791855], [31.018333, 61.791598], [31.018462, 61.79119], [31.018547, 61.790975], [31.018934, 61.790482], [31.01917, 61.789838], [31.019191, 61.789559], [31.01902, 61.789302], [31.018998, 61.78913], [31.018826, 61.788765], [31.018655, 61.788594], [31.018633, 61.78825], [31.018698, 61.788036], [31.018784, 61.787886], [31.018998, 61.787564], [31.019363, 61.787135], [31.01947, 61.786898], [31.019663, 61.785933], [31.019749, 61.78501], [31.019728, 61.784667], [31.01962, 61.784109], [31.019642, 61.784002], [31.019706, 61.783959], [31.019835, 61.783937], [31.02035, 61.784066], [31.02241, 61.784431], [31.022839, 61.784581], [31.023225, 61.784624], [31.023998, 61.784817], [31.025028, 61.784967], [31.026723, 61.785418], [31.027688, 61.785525], [31.027946, 61.785525], [31.02904, 61.785847], [31.029684, 61.785911], [31.030027, 61.785911], [31.030435, 61.785976], [31.031722, 61.786019], [31.032731, 61.786105], [31.034555, 61.786147], [31.036121, 61.786233], [31.036765, 61.786341], [31.037065, 61.786448], [31.037645, 61.786512], [31.038932, 61.786791], [31.039769, 61.78692], [31.040177, 61.787049], [31.040971, 61.787177], [31.042323, 61.787585], [31.042602, 61.787585], [31.04552, 61.788529], [31.048052, 61.789216], [31.048974, 61.789516], [31.05082, 61.789967], [31.052172, 61.790482], [31.052472, 61.790632], [31.052751, 61.790696], [31.053523, 61.790997], [31.055734, 61.791426], [31.056485, 61.791662], [31.057193, 61.791748], [31.05715, 61.791769], [31.058673, 61.791576], [31.061398, 61.791061], [31.062557, 61.790911], [31.063394, 61.79089], [31.063973, 61.790954], [31.065776, 61.790997], [31.066226, 61.79104], [31.067943, 61.79104], [31.068866, 61.791126], [31.071119, 61.791147], [31.075324, 61.791297], [31.078243, 61.79134], [31.078479, 61.791383], [31.078886, 61.791362], [31.079509, 61.791448], [31.082406, 61.79149], [31.082749, 61.791533], [31.083178, 61.791512], [31.084401, 61.791533], [31.085023, 61.791598], [31.087105, 61.791619], [31.089315, 61.791726], [31.089765, 61.791705], [31.091246, 61.791748], [31.093113, 61.791855], [31.094229, 61.791877], [31.094315, 61.791855], [31.094443, 61.791748], [31.094765, 61.791061], [31.095023, 61.790761], [31.095023, 61.790696], [31.095108, 61.790568], [31.095237, 61.790439], [31.095237, 61.790289], [31.095409, 61.79001], [31.095838, 61.789602], [31.096138, 61.789237], [31.096954, 61.788465], [31.097876, 61.787928], [31.098263, 61.787628], [31.099014, 61.787177], [31.0994, 61.786984], [31.100301, 61.786705], [31.10131, 61.786491], [31.103734, 61.786169], [31.104743, 61.785933], [31.105301, 61.785675], [31.105537, 61.785632], [31.105794, 61.785525], [31.105966, 61.785482], [31.106266, 61.785504], [31.106352, 61.785547], [31.106996, 61.786169], [31.10706, 61.786298], [31.107296, 61.786426], [31.107382, 61.786577], [31.107876, 61.786898], [31.108262, 61.78722], [31.109034, 61.787671], [31.110429, 61.788293], [31.111309, 61.788637], [31.113347, 61.789774], [31.11427, 61.790182], [31.114957, 61.790439], [31.116373, 61.790782], [31.117231, 61.791169], [31.119205, 61.79252], [31.119549, 61.792864], [31.119935, 61.793486], [31.120171, 61.793658], [31.120643, 61.793851], [31.121373, 61.794044], [31.121952, 61.794323], [31.122145, 61.794473], [31.122403, 61.794838], [31.122789, 61.795224], [31.123411, 61.79546], [31.124892, 61.795803], [31.125535, 61.795911], [31.127724, 61.796104], [31.128389, 61.796211], [31.128754, 61.796318], [31.129033, 61.796447], [31.129269, 61.79664], [31.129291, 61.796726], [31.12972, 61.796941], [31.129977, 61.797155], [31.130342, 61.797348], [31.131243, 61.798014], [31.132101, 61.798443], [31.132616, 61.798529], [31.134226, 61.798614], [31.135814, 61.798915], [31.136629, 61.799215], [31.136758, 61.799322], [31.137444, 61.79973], [31.138195, 61.800095], [31.138496, 61.800181], [31.138818, 61.800245], [31.139612, 61.80031], [31.141049, 61.800181], [31.1415, 61.799923], [31.141715, 61.799644], [31.141822, 61.79928], [31.141929, 61.799129], [31.142251, 61.79885], [31.143689, 61.798293], [31.144912, 61.797305], [31.145148, 61.796984], [31.145448, 61.796061], [31.14562, 61.795782], [31.146092, 61.795396], [31.14695, 61.795009], [31.147444, 61.794666], [31.147894, 61.794216], [31.148087, 61.793937], [31.148345, 61.793722], [31.148538, 61.7934], [31.148946, 61.793014], [31.149654, 61.792585], [31.150534, 61.79222], [31.151671, 61.791855], [31.151993, 61.791705], [31.152143, 61.791576], [31.152293, 61.791362], [31.152486, 61.790568], [31.152658, 61.790267], [31.152572, 61.790289], [31.152787, 61.790182], [31.153173, 61.789688], [31.153538, 61.78898], [31.153945, 61.788315], [31.154289, 61.787928], [31.154825, 61.787413], [31.154911, 61.787156], [31.155104, 61.786941], [31.155533, 61.786598], [31.155812, 61.786319], [31.156413, 61.78589], [31.157035, 61.785611], [31.15725, 61.785547], [31.157915, 61.785504], [31.158258, 61.785354], [31.159138, 61.785139], [31.159439, 61.784989], [31.159589, 61.78486], [31.159803, 61.78456], [31.160254, 61.784152], [31.161112, 61.783487], [31.161906, 61.782972], [31.163086, 61.782049], [31.163279, 61.781813], [31.163644, 61.78147], [31.163988, 61.781212], [31.164374, 61.780847], [31.164588, 61.780719], [31.165039, 61.780311], [31.165876, 61.779689], [31.166326, 61.77941], [31.166756, 61.779174], [31.167421, 61.778938], [31.167786, 61.778745], [31.168687, 61.777994], [31.168816, 61.7778], [31.168837, 61.777479], [31.168987, 61.777028], [31.168944, 61.776856], [31.16903, 61.776513], [31.16903, 61.776234], [31.169202, 61.775676], [31.169416, 61.774603], [31.169524, 61.774303], [31.169803, 61.773874], [31.170253, 61.773402], [31.170425, 61.773123], [31.170747, 61.772736], [31.170768, 61.772651], [31.171326, 61.772028], [31.171305, 61.771857], [31.17109, 61.771492], [31.170983, 61.771342], [31.170704, 61.771127], [31.170639, 61.77102], [31.170575, 61.770741], [31.170618, 61.770612], [31.171069, 61.770076], [31.171627, 61.769625], [31.17212, 61.769089], [31.172935, 61.768724], [31.173214, 61.768638], [31.173665, 61.768316], [31.173858, 61.768059], [31.173858, 61.767866], [31.173729, 61.767629], [31.173858, 61.767436], [31.174201, 61.767265], [31.17594, 61.766621], [31.177248, 61.76587], [31.177377, 61.765763], [31.177763, 61.765312], [31.178235, 61.764926], [31.178772, 61.764239], [31.179201, 61.763896], [31.179995, 61.76366], [31.180896, 61.763531], [31.181776, 61.763338], [31.182785, 61.763016], [31.183321, 61.762673], [31.183836, 61.762287], [31.184029, 61.762008], [31.184158, 61.761621], [31.184201, 61.761321], [31.184523, 61.761042], [31.185274, 61.760677], [31.185917, 61.760184], [31.186604, 61.759819], [31.187763, 61.759497], [31.188063, 61.759368], [31.188299, 61.759218], [31.188878, 61.759004], [31.189587, 61.758317], [31.190016, 61.757738], [31.190595, 61.757308], [31.191196, 61.757137], [31.191754, 61.757094], [31.192247, 61.757115], [31.19287, 61.757094], [31.193535, 61.757137], [31.194221, 61.757287], [31.194629, 61.757437], [31.19508, 61.757695], [31.195638, 61.757909], [31.196281, 61.758274], [31.196603, 61.758403], [31.197462, 61.758853], [31.199393, 61.759604], [31.199693, 61.759905], [31.199758, 61.760033], [31.199822, 61.760334], [31.199736, 61.760634], [31.199843, 61.760784], [31.200251, 61.761128], [31.200444, 61.761214], [31.20053, 61.76145], [31.200637, 61.761557], [31.200766, 61.761836], [31.200873, 61.761922], [31.201796, 61.762244], [31.202504, 61.76263], [31.203298, 61.762716], [31.204736, 61.762995], [31.205379, 61.763209], [31.205894, 61.763424], [31.206538, 61.763617], [31.20701, 61.76381], [31.207375, 61.764046], [31.207482, 61.764261], [31.207697, 61.764411], [31.208083, 61.764475], [31.208384, 61.764454], [31.209049, 61.764282], [31.209928, 61.76411], [31.210186, 61.76411], [31.210551, 61.764218], [31.211173, 61.764304], [31.211795, 61.764218], [31.213533, 61.763789], [31.214048, 61.763767], [31.21452, 61.763831], [31.214821, 61.763939], [31.215271, 61.764196], [31.215937, 61.764454], [31.217009, 61.764754], [31.21761, 61.765012], [31.218039, 61.765119], [31.218554, 61.765334], [31.219198, 61.765484], [31.219606, 61.765741], [31.21982, 61.765956], [31.219949, 61.766192], [31.220014, 61.766514], [31.220142, 61.766793], [31.220378, 61.766964], [31.220657, 61.767072], [31.220614, 61.767136], [31.220679, 61.767179], [31.221451, 61.767415], [31.222331, 61.767544], [31.222696, 61.767522], [31.223361, 61.767565], [31.223876, 61.767651], [31.224348, 61.767866], [31.224927, 61.768338], [31.226408, 61.769153], [31.22658, 61.769282], [31.22688, 61.769604], [31.226944, 61.769818], [31.226794, 61.770269], [31.226773, 61.770462], [31.226816, 61.770591], [31.226987, 61.770805], [31.226987, 61.770955], [31.227159, 61.771149], [31.22718, 61.771277], [31.227309, 61.771556], [31.227502, 61.771771], [31.227803, 61.772457], [31.227931, 61.77308], [31.228232, 61.77353], [31.228489, 61.773723], [31.228489, 61.773702], [31.229584, 61.774281], [31.231043, 61.775376], [31.231322, 61.775504], [31.231536, 61.775676], [31.23203, 61.775912], [31.232266, 61.775934], [31.232609, 61.776041], [31.232631, 61.775977], [31.232631, 61.776019], [31.233296, 61.776127], [31.234948, 61.776041], [31.235806, 61.776105], [31.236987, 61.776041], [31.238553, 61.776019], [31.239647, 61.775955], [31.240506, 61.776019], [31.241364, 61.776277], [31.242072, 61.776406], [31.242587, 61.776556], [31.242973, 61.77662], [31.243467, 61.776813], [31.243982, 61.776899], [31.244347, 61.777092], [31.244518, 61.777135], [31.246728, 61.777521], [31.246921, 61.777629], [31.2472, 61.777672], [31.248509, 61.778101], [31.250162, 61.77838], [31.25117, 61.778401], [31.252801, 61.77823], [31.253659, 61.778187], [31.253874, 61.77823], [31.255054, 61.778272], [31.255998, 61.778401], [31.256642, 61.77838], [31.256513, 61.778487], [31.256942, 61.77853], [31.257843, 61.778766], [31.258981, 61.778895], [31.259303, 61.778981], [31.260054, 61.779045], [31.260676, 61.779195], [31.261513, 61.779302], [31.262757, 61.779581], [31.264259, 61.779624], [31.265676, 61.779388], [31.266984, 61.779217], [31.269259, 61.779345], [31.269624, 61.779453], [31.270031, 61.779667], [31.270396, 61.780032], [31.270782, 61.78029], [31.271319, 61.780375], [31.271641, 61.780504], [31.272993, 61.78074], [31.273765, 61.780933], [31.274194, 61.780976], [31.275289, 61.781319], [31.275503, 61.781427], [31.275846, 61.781684], [31.275997, 61.781856], [31.276211, 61.782435], [31.276211, 61.782822], [31.276426, 61.783294], [31.276469, 61.783487], [31.276447, 61.783701], [31.276404, 61.78383], [31.276233, 61.78398], [31.275653, 61.784259], [31.275396, 61.784345], [31.274881, 61.784667], [31.274774, 61.784839], [31.274774, 61.784924], [31.274859, 61.785117], [31.275031, 61.785225], [31.276705, 61.785547], [31.278164, 61.785761], [31.27928, 61.785783], [31.280481, 61.78589], [31.282541, 61.785976], [31.283056, 61.785954], [31.283421, 61.785997], [31.284408, 61.78589], [31.285438, 61.785654], [31.286575, 61.785117], [31.289472, 61.784238], [31.291725, 61.783358], [31.294579, 61.782543], [31.295974, 61.782006], [31.296639, 61.781813], [31.297304, 61.781556], [31.297926, 61.781298], [31.298356, 61.780998], [31.299214, 61.780633], [31.300265, 61.780311], [31.301166, 61.780225], [31.302089, 61.780332], [31.30269, 61.780332], [31.304213, 61.780011], [31.304879, 61.779989], [31.305222, 61.780011], [31.305673, 61.780139], [31.306595, 61.780697], [31.307518, 61.781148], [31.308119, 61.781341], [31.308441, 61.781362], [31.308784, 61.781277], [31.309063, 61.781148], [31.309642, 61.780805], [31.310994, 61.780461], [31.312324, 61.780397], [31.313011, 61.780268], [31.313934, 61.780311], [31.314406, 61.780397], [31.314663, 61.780375], [31.315672, 61.779903], [31.316487, 61.779431], [31.316595, 61.779281], [31.316895, 61.779024], [31.317088, 61.778916], [31.317474, 61.77838], [31.317732, 61.778144], [31.318182, 61.777994], [31.319363, 61.777779], [31.319448, 61.777715], [31.319534, 61.777564], [31.319513, 61.7775], [31.319663, 61.7772], [31.31977, 61.776384], [31.319942, 61.776062], [31.319942, 61.775977], [31.320071, 61.77574], [31.320135, 61.775483], [31.320264, 61.775204], [31.320393, 61.774625], [31.320478, 61.774389], [31.320564, 61.773723], [31.320693, 61.773445], [31.320714, 61.773208], [31.320672, 61.773101], [31.320865, 61.772801], [31.320886, 61.772543], [31.321079, 61.77205], [31.321101, 61.771857], [31.321165, 61.771814], [31.321187, 61.771664], [31.32168, 61.771191], [31.321723, 61.771084], [31.321701, 61.77102], [31.321787, 61.77087], [31.322109, 61.770676], [31.323268, 61.770183], [31.324169, 61.769647], [31.325092, 61.769325], [31.325821, 61.768917], [31.326422, 61.768552], [31.326808, 61.768187], [31.327581, 61.767844], [31.328246, 61.767286], [31.329534, 61.766535], [31.32977, 61.766449], [31.330156, 61.766192], [31.330349, 61.765934], [31.330413, 61.765591], [31.330564, 61.765376], [31.330692, 61.764969], [31.330671, 61.764733], [31.33037, 61.764325], [31.330349, 61.764239], [31.33037, 61.764025], [31.330478, 61.763896], [31.3314, 61.763252], [31.331937, 61.762995], [31.332602, 61.762887], [31.333868, 61.762802], [31.335177, 61.762844], [31.335735, 61.762759], [31.336979, 61.762308], [31.338031, 61.761986], [31.33861, 61.761857], [31.339297, 61.761793], [31.33964, 61.761707], [31.341507, 61.761021], [31.342086, 61.760913], [31.342923, 61.76087], [31.343138, 61.760827], [31.34391, 61.76042], [31.344039, 61.760291], [31.344726, 61.759883], [31.344962, 61.759497], [31.344962, 61.759261], [31.345047, 61.759089], [31.345219, 61.758875], [31.345584, 61.758617], [31.346077, 61.75836], [31.346979, 61.75748], [31.347365, 61.757308], [31.347665, 61.757223], [31.348588, 61.75718], [31.34921, 61.757072], [31.349403, 61.757072], [31.349768, 61.757137], [31.349961, 61.757115], [31.35024, 61.756986], [31.351098, 61.756708], [31.351377, 61.756557], [31.351678, 61.756321], [31.351828, 61.755914], [31.352, 61.755763], [31.352322, 61.75557], [31.352515, 61.755334], [31.352987, 61.75454], [31.35333, 61.754304], [31.353673, 61.753918], [31.353716, 61.753789], [31.353995, 61.75336], [31.354103, 61.753274], [31.354274, 61.752824], [31.354467, 61.752566], [31.354532, 61.752373], [31.354639, 61.752266], [31.355669, 61.751429], [31.356291, 61.751], [31.356484, 61.750785], [31.356849, 61.750485], [31.357557, 61.750056], [31.358287, 61.749519], [31.358823, 61.749197], [31.360046, 61.748124], [31.360025, 61.747652], [31.359896, 61.747266], [31.359639, 61.746816], [31.359467, 61.746386], [31.359381, 61.74585], [31.359403, 61.745743], [31.359252, 61.745335], [31.359038, 61.74512], [31.357879, 61.744734], [31.357171, 61.744326], [31.357128, 61.744198], [31.357214, 61.743919], [31.357364, 61.743704], [31.3576, 61.743511], [31.35775, 61.743168], [31.358394, 61.742545], [31.358866, 61.742331], [31.360411, 61.741752], [31.36069, 61.741516], [31.361098, 61.741001], [31.361248, 61.740915], [31.362171, 61.740421], [31.362793, 61.740271], [31.364037, 61.740099], [31.364338, 61.740013], [31.364488, 61.739863], [31.364531, 61.739713], [31.364574, 61.73879], [31.364531, 61.738469], [31.364316, 61.737782], [31.364424, 61.736795], [31.36451, 61.736537], [31.364638, 61.736301], [31.365926, 61.734735], [31.366698, 61.734198], [31.366956, 61.734113], [31.367385, 61.734263], [31.367385, 61.734392], [31.367557, 61.73452], [31.367857, 61.73452], [31.369252, 61.734241], [31.36996, 61.734177], [31.370625, 61.734241], [31.370968, 61.734327], [31.371591, 61.734563], [31.371998, 61.734585], [31.37217, 61.73452], [31.37247, 61.734263], [31.372814, 61.734027], [31.373136, 61.733705], [31.373243, 61.733555], [31.373221, 61.73349], [31.373307, 61.733383], [31.373479, 61.733297], [31.374444, 61.733211], [31.375002, 61.733061], [31.375582, 61.732954], [31.377942, 61.732825], [31.378779, 61.732696], [31.378886, 61.732589], [31.378843, 61.732396], [31.378951, 61.732138], [31.380109, 61.730851], [31.380131, 61.730701], [31.379895, 61.730443], [31.37983, 61.730207], [31.379916, 61.7301], [31.379916, 61.729971], [31.380195, 61.729714], [31.380324, 61.729435], [31.380903, 61.729027], [31.381869, 61.728598], [31.382448, 61.728276], [31.383285, 61.727289], [31.384272, 61.72598], [31.384401, 61.725873], [31.38453, 61.72583], [31.384551, 61.72598], [31.384894, 61.726431], [31.385495, 61.727504], [31.386589, 61.72922], [31.386954, 61.729714], [31.387062, 61.729928], [31.38704, 61.730765], [31.386976, 61.730915], [31.386868, 61.731001], [31.386654, 61.731366], [31.386461, 61.731795], [31.386353, 61.731924], [31.386225, 61.732203], [31.38601, 61.73246], [31.38601, 61.732632], [31.385924, 61.732804], [31.385817, 61.733319], [31.38586, 61.733533], [31.386246, 61.734306], [31.386268, 61.73452], [31.386396, 61.734842], [31.386461, 61.735357], [31.386547, 61.735529], [31.386525, 61.735658], [31.386675, 61.73613], [31.386847, 61.736301], [31.387169, 61.736516], [31.387577, 61.736709], [31.387619, 61.736838], [31.387727, 61.736902], [31.387791, 61.737052], [31.38792, 61.73716], [31.388435, 61.737439], [31.388993, 61.737632], [31.389164, 61.73776], [31.389207, 61.738254], [31.389336, 61.738533], [31.389851, 61.738898], [31.389915, 61.739048], [31.39013, 61.739134], [31.390323, 61.739284], [31.390602, 61.73937], [31.390945, 61.739584], [31.390967, 61.739777], [31.391053, 61.739971], [31.391417, 61.740636], [31.391589, 61.741043], [31.391825, 61.741387], [31.392083, 61.741966], [31.392555, 61.742309], [31.393327, 61.742653], [31.393263, 61.743275], [31.393349, 61.74349], [31.393842, 61.744026], [31.394121, 61.744262], [31.394207, 61.744477], [31.394658, 61.744841], [31.3947, 61.74497], [31.394658, 61.745077], [31.394808, 61.745378], [31.395752, 61.746], [31.395816, 61.746086], [31.395859, 61.746451], [31.395945, 61.746687], [31.396267, 61.747116], [31.396288, 61.747352], [31.396374, 61.747481], [31.396353, 61.747781], [31.396417, 61.747931], [31.396503, 61.748403], [31.396567, 61.748532], [31.39676, 61.748704], [31.397361, 61.748854], [31.398348, 61.749348], [31.399486, 61.750141], [31.399807, 61.750463], [31.400194, 61.750978], [31.400344, 61.751322], [31.400473, 61.75145], [31.40088, 61.751579], [31.401224, 61.751622], [31.401352, 61.751729], [31.401503, 61.751794], [31.402618, 61.752116], [31.403563, 61.752523], [31.404099, 61.752888], [31.404829, 61.753103], [31.40515, 61.753296], [31.405601, 61.753382], [31.406631, 61.753446], [31.408326, 61.753425], [31.409528, 61.753339], [31.409721, 61.753446], [31.410086, 61.753339], [31.410386, 61.753124], [31.41045, 61.753146], [31.410343, 61.753231], [31.410515, 61.753296], [31.411201, 61.753317], [31.411223, 61.753467], [31.411352, 61.75351], [31.411502, 61.753489], [31.411695, 61.753596], [31.411845, 61.753768], [31.411824, 61.753897], [31.411995, 61.753897], [31.412274, 61.754133], [31.412253, 61.754304], [31.412467, 61.754519], [31.412961, 61.754733], [31.413004, 61.754841], [31.41309, 61.754905], [31.413798, 61.755141], [31.416437, 61.755763], [31.416802, 61.756128], [31.416845, 61.756429], [31.416738, 61.756493], [31.416716, 61.756643], [31.416866, 61.757072], [31.416995, 61.757158], [31.417016, 61.757244], [31.417102, 61.757308], [31.417467, 61.757394], [31.417424, 61.757437], [31.417446, 61.757523], [31.417381, 61.75748], [31.417338, 61.757501], [31.417317, 61.757437], [31.417338, 61.75748], [31.417467, 61.757437], [31.417338, 61.757459], [31.417424, 61.75763], [31.417596, 61.757802], [31.417875, 61.758338], [31.418046, 61.758489], [31.418132, 61.75851], [31.418282, 61.758489], [31.418433, 61.758338], [31.418647, 61.758274], [31.419098, 61.758424], [31.419806, 61.758789], [31.420214, 61.758853], [31.420299, 61.758982], [31.420557, 61.759089], [31.421244, 61.759261], [31.421716, 61.759261], [31.421973, 61.759368], [31.422853, 61.759518], [31.422982, 61.759583], [31.422724, 61.759883], [31.422681, 61.760012], [31.422467, 61.760141], [31.42251, 61.760205], [31.422231, 61.760291], [31.420814, 61.761042], [31.419913, 61.761385], [31.419591, 61.761557], [31.419527, 61.761772], [31.419355, 61.761986], [31.419527, 61.762287], [31.419527, 61.762372], [31.41942, 61.76248], [31.419033, 61.762694], [31.41869, 61.762952], [31.418347, 61.763295], [31.417896, 61.763595], [31.417767, 61.76411], [31.417789, 61.76454], [31.417746, 61.764625], [31.417789, 61.76469], [31.41781, 61.765055], [31.417725, 61.765484], [31.417574, 61.765741], [31.417317, 61.765956], [31.417016, 61.766321], [31.416115, 61.766857], [31.415879, 61.767072], [31.415407, 61.767393], [31.415085, 61.767844], [31.415042, 61.76808], [31.415085, 61.768273], [31.415064, 61.768381], [31.414849, 61.768574], [31.414592, 61.768981], [31.414527, 61.769582], [31.41457, 61.770033], [31.414484, 61.77014], [31.413691, 61.770741], [31.413111, 61.771342], [31.412618, 61.771621], [31.411609, 61.771964], [31.411266, 61.772243], [31.410708, 61.773015], [31.410493, 61.773208], [31.410365, 61.77338], [31.410021, 61.773638], [31.409914, 61.773766], [31.409914, 61.773874], [31.410107, 61.774153], [31.410171, 61.774432], [31.410129, 61.774646], [31.409764, 61.775333], [31.40882, 61.776255], [31.408197, 61.77662], [31.408026, 61.77677], [31.407918, 61.776899], [31.407918, 61.776964], [31.408004, 61.777114], [31.407918, 61.777436], [31.407253, 61.777543], [31.406438, 61.777822], [31.406245, 61.777929], [31.406245, 61.778015], [31.406159, 61.778079], [31.406137, 61.778165], [31.40603, 61.778251], [31.405858, 61.778487], [31.405773, 61.778745], [31.405794, 61.779131], [31.405837, 61.779152], [31.40573, 61.77956], [31.405901, 61.78074], [31.406009, 61.781041], [31.406266, 61.781341], [31.406481, 61.78147], [31.407339, 61.781727], [31.407489, 61.781856], [31.407489, 61.781985], [31.407403, 61.782199], [31.407232, 61.782435], [31.406931, 61.782671], [31.406695, 61.782822], [31.406073, 61.783122], [31.405172, 61.783701], [31.404099, 61.784259], [31.40412, 61.784345], [31.404228, 61.784409], [31.40412, 61.784388], [31.404163, 61.784409], [31.404271, 61.784388], [31.404271, 61.784431], [31.404206, 61.784409], [31.404592, 61.784538], [31.408627, 61.785332], [31.41045, 61.785761], [31.412339, 61.786105], [31.413519, 61.786405], [31.414978, 61.786727], [31.415557, 61.786813], [31.416652, 61.78707], [31.41751, 61.787199], [31.418154, 61.787113], [31.418819, 61.786813], [31.419248, 61.786684], [31.420021, 61.786555], [31.421458, 61.786383], [31.422338, 61.786212], [31.422703, 61.78619], [31.423711, 61.785869], [31.425535, 61.785504], [31.42605, 61.785439], [31.42678, 61.785504], [31.428561, 61.785439], [31.43047, 61.785504], [31.431307, 61.785439], [31.432123, 61.785439], [31.433303, 61.785246], [31.433947, 61.785075], [31.43429, 61.784946], [31.435685, 61.784753], [31.43635, 61.784538], [31.436629, 61.784495], [31.436908, 61.784474], [31.438775, 61.784667], [31.440877, 61.784603], [31.442165, 61.784388], [31.443345, 61.784109], [31.443817, 61.784045], [31.445705, 61.784023], [31.448967, 61.784088], [31.452507, 61.784045], [31.453087, 61.784066], [31.453645, 61.784152], [31.453773, 61.784259], [31.453859, 61.784688], [31.453816, 61.784839], [31.453816, 61.785139], [31.453709, 61.785504], [31.453516, 61.785911], [31.453344, 61.786383], [31.453366, 61.786577], [31.45328, 61.786748], [31.45328, 61.786856], [31.453452, 61.787349], [31.453258, 61.787928], [31.45328, 61.787993], [31.453087, 61.788401], [31.452915, 61.788637], [31.451671, 61.789366], [31.45092, 61.79001], [31.450791, 61.790267], [31.450641, 61.790782], [31.450619, 61.791126], [31.450641, 61.79134], [31.450684, 61.791426], [31.450662, 61.791533], [31.450705, 61.791662], [31.450662, 61.792113], [31.450576, 61.792327], [31.450319, 61.792585], [31.449525, 61.793164], [31.448988, 61.793465], [31.448237, 61.793679], [31.447615, 61.793765], [31.447315, 61.793937], [31.446843, 61.794344], [31.445727, 61.794645], [31.445362, 61.794816], [31.445062, 61.794881], [31.444032, 61.795267], [31.443366, 61.795632], [31.442315, 61.796104], [31.441285, 61.796705], [31.440491, 61.797048], [31.438989, 61.797456], [31.438903, 61.797541], [31.438667, 61.797627], [31.437938, 61.797778], [31.437251, 61.797992], [31.437058, 61.798099], [31.436865, 61.798314], [31.4365, 61.799237], [31.43665, 61.799923], [31.437101, 61.80061], [31.436951, 61.80091], [31.4368, 61.801103], [31.436285, 61.801447], [31.43517, 61.80179], [31.434526, 61.802069], [31.433539, 61.802391], [31.43223, 61.802906], [31.431307, 61.803335], [31.43032, 61.803872], [31.429183, 61.804408], [31.428475, 61.804623], [31.427359, 61.804859], [31.426372, 61.805202], [31.426093, 61.805395], [31.425793, 61.805674], [31.423883, 61.806725], [31.423282, 61.807004], [31.42281, 61.807326], [31.422123, 61.807712], [31.421029, 61.808463], [31.420793, 61.808549], [31.420364, 61.808828], [31.419527, 61.809236], [31.417725, 61.809794], [31.4156, 61.810652], [31.414377, 61.810931], [31.413454, 61.811038], [31.412703, 61.811038], [31.411073, 61.810781], [31.410129, 61.810824], [31.406159, 61.811339], [31.404314, 61.81194], [31.403648, 61.81209], [31.40264, 61.81224], [31.399958, 61.812412], [31.399228, 61.812519], [31.397361, 61.813012], [31.396825, 61.813249], [31.396353, 61.813635], [31.396095, 61.814171], [31.395902, 61.81445], [31.395516, 61.814708], [31.395194, 61.814836], [31.394035, 61.814965], [31.393907, 61.815029], [31.393413, 61.815115], [31.391847, 61.81548], [31.39146, 61.815587], [31.390409, 61.816017], [31.389486, 61.816253], [31.387984, 61.81651], [31.386353, 61.816682], [31.385903, 61.816789], [31.385281, 61.816853], [31.385345, 61.816832], [31.385602, 61.816918], [31.386654, 61.818098], [31.387577, 61.818935], [31.387813, 61.819085], [31.388113, 61.819192], [31.388199, 61.819214], [31.38837, 61.819149], [31.388242, 61.819149], [31.388134, 61.819214], [31.388199, 61.819235], [31.388177, 61.819257], [31.38777, 61.819106], [31.387834, 61.819128], [31.387834, 61.819085], [31.387147, 61.818613], [31.385667, 61.817004], [31.385474, 61.816853], [31.385323, 61.816832], [31.382427, 61.817261], [31.380946, 61.817433], [31.379723, 61.817669], [31.377856, 61.818098], [31.377148, 61.818205], [31.37644, 61.81827], [31.375153, 61.81827], [31.374423, 61.818355], [31.373651, 61.818506], [31.372857, 61.818742], [31.37232, 61.818849], [31.371676, 61.819214], [31.370668, 61.819965], [31.370239, 61.820244], [31.369016, 61.820866], [31.368179, 61.82136], [31.367921, 61.821638], [31.367986, 61.821917], [31.368243, 61.822239], [31.36835, 61.822497], [31.368436, 61.822733], [31.368436, 61.822883], [31.368479, 61.82299], [31.368629, 61.823248], [31.368844, 61.823484], [31.36923, 61.823806], [31.370196, 61.824256], [31.370325, 61.824428], [31.370925, 61.824793], [31.371097, 61.825007], [31.371247, 61.825115], [31.371355, 61.825308], [31.371355, 61.825737], [31.371119, 61.826424], [31.370818, 61.827046], [31.370646, 61.827496], [31.370196, 61.828076], [31.369423, 61.828891], [31.368758, 61.82917], [31.368136, 61.829234], [31.367578, 61.829385], [31.366291, 61.829985], [31.363995, 61.83093], [31.363372, 61.831294], [31.363072, 61.831402], [31.3626, 61.831702], [31.362171, 61.831852], [31.361613, 61.831895], [31.361098, 61.831788], [31.360411, 61.831724], [31.35981, 61.831724], [31.359853, 61.831724], [31.356484, 61.832217], [31.353502, 61.832539], [31.351957, 61.832775], [31.351206, 61.832947], [31.350734, 61.833011], [31.350455, 61.833097], [31.349768, 61.833354], [31.349596, 61.833462], [31.348545, 61.833891], [31.348009, 61.834191], [31.347944, 61.834234], [31.347815, 61.834556], [31.347858, 61.834728], [31.347858, 61.835007], [31.347923, 61.835243], [31.347901, 61.83535], [31.34803, 61.83565], [31.34818, 61.835822], [31.348159, 61.836101], [31.348094, 61.836273], [31.348245, 61.836809], [31.348395, 61.836981], [31.348867, 61.837045], [31.350369, 61.83771], [31.351098, 61.837946], [31.352472, 61.838547], [31.354467, 61.839298], [31.354982, 61.839577], [31.355497, 61.83992], [31.355905, 61.840049], [31.35642, 61.840307], [31.357965, 61.840822], [31.358115, 61.840929], [31.358888, 61.841272], [31.359209, 61.84138], [31.360154, 61.84153], [31.360583, 61.841637], [31.361227, 61.84168], [31.36157, 61.841766], [31.362042, 61.841744], [31.362535, 61.841873], [31.362922, 61.842173], [31.363201, 61.842581], [31.363415, 61.842817], [31.36363, 61.842967], [31.364896, 61.843332], [31.365389, 61.843654], [31.365604, 61.84389], [31.36569, 61.844126], [31.366591, 61.844684], [31.366827, 61.844899], [31.367127, 61.845456], [31.367084, 61.845778], [31.366934, 61.846079], [31.36687, 61.846529], [31.366784, 61.846722], [31.366784, 61.846851], [31.36672, 61.847044], [31.366548, 61.847302], [31.365947, 61.847967], [31.365389, 61.848418], [31.364982, 61.849212], [31.364853, 61.849297], [31.364788, 61.849598], [31.364552, 61.849834], [31.364402, 61.850091], [31.364123, 61.850864], [31.363887, 61.85125], [31.363716, 61.851422], [31.363286, 61.851636], [31.361184, 61.852387], [31.360561, 61.852538], [31.360261, 61.852688], [31.360003, 61.852881], [31.35981, 61.853374], [31.359553, 61.853761], [31.358888, 61.854147], [31.357836, 61.854898], [31.357107, 61.855134], [31.355047, 61.855456], [31.354682, 61.855584], [31.352944, 61.856336], [31.3523, 61.856679], [31.350369, 61.85743], [31.348052, 61.858567], [31.347107, 61.858932], [31.345906, 61.859125], [31.344039, 61.859297], [31.343631, 61.859383], [31.343095, 61.859576], [31.342837, 61.859704], [31.342322, 61.860069], [31.342215, 61.860176], [31.342236, 61.860176], [31.342151, 61.860155], [31.342279, 61.860176], [31.342086, 61.860241], [31.341958, 61.860391], [31.341357, 61.860691], [31.341314, 61.860777], [31.341121, 61.860842], [31.340885, 61.860992], [31.340177, 61.861507], [31.339833, 61.861636], [31.338911, 61.86185], [31.337966, 61.862215], [31.337645, 61.862429], [31.33743, 61.862666], [31.337194, 61.863009], [31.336743, 61.863374], [31.336078, 61.863653], [31.335177, 61.863974], [31.332688, 61.86464], [31.331701, 61.864961], [31.331229, 61.865155], [31.330928, 61.865391], [31.330864, 61.865476], [31.330585, 61.865648], [31.330435, 61.865841], [31.330091, 61.866099], [31.32992, 61.866292], [31.329426, 61.866485], [31.328976, 61.866764], [31.328439, 61.867279], [31.328117, 61.867515], [31.327645, 61.868051], [31.327538, 61.868266], [31.327452, 61.868738], [31.32728, 61.869081], [31.32713, 61.869167], [31.327109, 61.869382], [31.326916, 61.869725], [31.326723, 61.870326], [31.326465, 61.870691], [31.326379, 61.87112], [31.326208, 61.87142], [31.326165, 61.871699], [31.326079, 61.871785], [31.32595, 61.872107], [31.325864, 61.872558], [31.325564, 61.873158], [31.325306, 61.87348], [31.325178, 61.873566], [31.325049, 61.873845], [31.324706, 61.874231], [31.32462, 61.874381], [31.324512, 61.874703], [31.324276, 61.875025], [31.32404, 61.87524], [31.323804, 61.875304], [31.323654, 61.875433], [31.322882, 61.87627], [31.322517, 61.876463], [31.322045, 61.876656], [31.32153, 61.876935], [31.321122, 61.877042], [31.320285, 61.877407], [31.319963, 61.877514], [31.319298, 61.877836], [31.318654, 61.878201], [31.318204, 61.878351], [31.317732, 61.878415], [31.316723, 61.878415], [31.316444, 61.878458], [31.316101, 61.878394], [31.315715, 61.878437], [31.315243, 61.878394], [31.314663, 61.878437], [31.314063, 61.878373], [31.312088, 61.877943], [31.310822, 61.877729], [31.309707, 61.877622], [31.309213, 61.877643], [31.308419, 61.877557], [31.307346, 61.877536], [31.30608, 61.877343], [31.305587, 61.877171], [31.304771, 61.876978], [31.303763, 61.876592], [31.303248, 61.876463], [31.301982, 61.875969], [31.301724, 61.875819], [31.300973, 61.875519], [31.30033, 61.875175], [31.299579, 61.874703], [31.299192, 61.87451], [31.298742, 61.874381], [31.298077, 61.874296], [31.297411, 61.874296], [31.296424, 61.874532], [31.296038, 61.874725], [31.294622, 61.87524], [31.294085, 61.87539], [31.293377, 61.875476], [31.292326, 61.87554], [31.291811, 61.87554], [31.290523, 61.87539], [31.289987, 61.875283], [31.289257, 61.875025], [31.287949, 61.874811], [31.285738, 61.874789], [31.283485, 61.874875], [31.282541, 61.875111], [31.281704, 61.875562], [31.28046, 61.876098], [31.27973, 61.876356], [31.279408, 61.87657], [31.278078, 61.877257], [31.277649, 61.877428], [31.277348, 61.877643], [31.276941, 61.877858], [31.276683, 61.878051], [31.276061, 61.878287], [31.274902, 61.878544], [31.271319, 61.878952], [31.270482, 61.879102], [31.269752, 61.879317], [31.267929, 61.87996], [31.265225, 61.881141], [31.264688, 61.881312], [31.264045, 61.881634], [31.263873, 61.881634], [31.263465, 61.88187], [31.262629, 61.882213], [31.262392, 61.882364], [31.262071, 61.882492], [31.261641, 61.882771], [31.260762, 61.883029], [31.259753, 61.883565], [31.259002, 61.883758], [31.258358, 61.884016], [31.257286, 61.884295], [31.256899, 61.884445], [31.250505, 61.885454], [31.248681, 61.88569], [31.246321, 61.886054], [31.241192, 61.886698], [31.237802, 61.887385], [31.236364, 61.887792], [31.235635, 61.88805], [31.234433, 61.88835], [31.234025, 61.888372], [31.233725, 61.888329], [31.233167, 61.888157], [31.231815, 61.887599], [31.231622, 61.887471], [31.23027, 61.88687], [31.229562, 61.88672], [31.228232, 61.886634], [31.227374, 61.886677], [31.226, 61.886655], [31.22482, 61.886784], [31.224541, 61.886848], [31.224284, 61.886999], [31.223962, 61.887084], [31.223511, 61.887363], [31.222245, 61.887878], [31.220958, 61.888307], [31.22085, 61.888372], [31.21864, 61.888629], [31.217653, 61.888822], [31.217095, 61.888994], [31.216173, 61.889402], [31.215593, 61.889767], [31.215035, 61.890239], [31.21422, 61.890668], [31.21304, 61.891097], [31.211152, 61.891698], [31.210486, 61.891869], [31.208941, 61.89217], [31.207933, 61.892256], [31.206281, 61.89232], [31.205015, 61.892663], [31.204414, 61.892706], [31.202955, 61.892921], [31.20053, 61.89305], [31.200122, 61.893114], [31.199414, 61.893114], [31.198921, 61.893221], [31.19862, 61.893329], [31.196603, 61.894359], [31.196281, 61.894595], [31.19523, 61.895067], [31.194865, 61.895324], [31.194694, 61.895517], [31.194651, 61.895646], [31.194672, 61.895989], [31.19493, 61.896633], [31.195187, 61.896955], [31.196088, 61.897642], [31.196153, 61.897813], [31.19611, 61.897942], [31.19596, 61.898092], [31.195809, 61.898221], [31.195423, 61.898414], [31.194908, 61.898886], [31.194865, 61.899144], [31.194887, 61.899229], [31.19493, 61.899251], [31.194908, 61.899272], [31.19493, 61.899315], [31.195058, 61.89938], [31.195058, 61.899337], [31.194801, 61.899208], [31.194801, 61.899144], [31.194865, 61.899058], [31.194908, 61.899058], [31.194908, 61.899186], [31.194951, 61.899165], [31.194994, 61.899315], [31.195015, 61.899294], [31.194887, 61.899229], [31.19508, 61.899337], [31.195037, 61.899315], [31.195015, 61.899337], [31.195509, 61.899315], [31.196217, 61.899401], [31.197075, 61.899766], [31.197483, 61.899895], [31.198277, 61.900023], [31.199178, 61.900302], [31.199672, 61.90071], [31.199994, 61.900882], [31.200187, 61.900946], [31.200294, 61.901032], [31.200766, 61.901225], [31.201066, 61.901547], [31.201474, 61.901783], [31.201689, 61.901847], [31.201925, 61.902083], [31.202204, 61.902169], [31.202526, 61.902427], [31.203212, 61.902748], [31.204156, 61.903306], [31.204371, 61.903478], [31.20495, 61.9038], [31.205358, 61.90395], [31.205744, 61.90425], [31.206281, 61.904551], [31.206517, 61.904637], [31.206731, 61.904808], [31.207482, 61.905152], [31.208405, 61.905817], [31.20877, 61.90616], [31.208834, 61.906418], [31.208727, 61.906589], [31.208705, 61.906911], [31.208641, 61.907212], [31.208426, 61.907448], [31.208105, 61.907963], [31.207954, 61.908113], [31.207783, 61.908392], [31.207654, 61.908885], [31.207504, 61.9091], [31.207396, 61.9094], [31.20686, 61.910044], [31.206967, 61.910795], [31.207311, 61.91131], [31.207568, 61.911997], [31.207869, 61.912297], [31.20789, 61.912383], [31.207826, 61.912598], [31.207675, 61.912876], [31.207375, 61.913155], [31.206924, 61.913349], [31.206753, 61.913477], [31.206624, 61.913628], [31.20656, 61.913992], [31.206774, 61.914593], [31.206731, 61.914765], [31.206409, 61.915022], [31.205852, 61.915666], [31.205465, 61.915923], [31.205186, 61.916331], [31.20495, 61.916524], [31.20465, 61.916953], [31.204564, 61.916975], [31.204285, 61.917232], [31.204092, 61.917576], [31.204113, 61.917812], [31.204221, 61.917898], [31.205165, 61.917919], [31.206259, 61.918091], [31.206731, 61.918219], [31.207418, 61.918477], [31.207783, 61.918777], [31.207847, 61.919013], [31.208062, 61.919378], [31.208105, 61.919593], [31.208212, 61.919743], [31.208319, 61.920258], [31.208491, 61.920387], [31.208684, 61.920472], [31.209585, 61.920751], [31.210379, 61.920837], [31.21083, 61.920794], [31.210465, 61.920859], [31.210594, 61.920923], [31.210658, 61.921052], [31.210722, 61.921073], [31.211774, 61.921224], [31.212847, 61.921245], [31.212804, 61.921288], [31.213018, 61.921309], [31.213061, 61.921352], [31.213362, 61.921438], [31.214134, 61.921545], [31.214885, 61.921781], [31.215636, 61.922125], [31.216537, 61.922361], [31.217889, 61.922361], [31.219584, 61.922597], [31.22025, 61.922597], [31.222138, 61.922511], [31.22364, 61.922318], [31.224262, 61.922339], [31.22497, 61.922468], [31.225829, 61.922704], [31.226043, 61.922811], [31.22615, 61.922919], [31.226987, 61.923112], [31.228296, 61.92309], [31.230227, 61.923176], [31.2313, 61.923369], [31.231772, 61.923541], [31.232287, 61.923627], [31.233146, 61.923562], [31.233575, 61.923477], [31.23394, 61.923326], [31.234905, 61.923069], [31.235871, 61.922962], [31.236493, 61.923047], [31.237201, 61.923241], [31.239647, 61.923691], [31.24057, 61.923906], [31.241278, 61.924485], [31.242051, 61.925215], [31.242136, 61.925365], [31.24233, 61.925472], [31.242716, 61.925987], [31.242866, 61.926116], [31.24293, 61.92633], [31.243102, 61.926566], [31.243338, 61.92721], [31.243703, 61.927725], [31.243789, 61.927918], [31.244003, 61.92809], [31.244175, 61.928326], [31.244175, 61.928455], [31.244411, 61.928841], [31.244475, 61.929249], [31.244626, 61.929463], [31.244819, 61.929656], [31.245377, 61.929892], [31.24602, 61.930064], [31.246793, 61.930343], [31.2472, 61.930558], [31.24778, 61.930944], [31.248788, 61.93133], [31.249582, 61.931781], [31.250741, 61.93236], [31.251642, 61.932875], [31.252157, 61.933025], [31.253015, 61.933197], [31.254131, 61.933583], [31.256277, 61.934227], [31.256899, 61.934484], [31.257693, 61.935085], [31.258616, 61.935986], [31.259238, 61.936416], [31.259367, 61.936544], [31.259388, 61.93663], [31.259882, 61.937059], [31.260097, 61.937317], [31.260225, 61.937639], [31.260418, 61.937896], [31.260676, 61.938561], [31.260783, 61.938733], [31.261126, 61.939098], [31.261491, 61.939312], [31.262049, 61.939463], [31.262221, 61.939613], [31.262714, 61.939849], [31.262843, 61.939956], [31.263444, 61.940171], [31.264259, 61.940535], [31.264903, 61.940965], [31.265075, 61.941158], [31.266233, 61.942145], [31.266705, 61.942767], [31.267113, 61.943411], [31.267306, 61.94399], [31.267671, 61.944741], [31.267778, 61.945235], [31.267886, 61.945471], [31.268057, 61.945664], [31.268229, 61.946479], [31.268465, 61.947059], [31.268444, 61.947273], [31.268508, 61.947595], [31.26868, 61.947788], [31.268765, 61.948453], [31.26898, 61.949033], [31.269023, 61.949483], [31.269001, 61.949719], [31.269495, 61.950342], [31.269516, 61.950449], [31.269474, 61.950513], [31.269195, 61.950706], [31.268014, 61.951028], [31.267199, 61.951329], [31.266233, 61.951586], [31.26456, 61.952423], [31.264173, 61.95268], [31.263787, 61.953088], [31.263208, 61.953582], [31.262586, 61.954054], [31.260998, 61.954633], [31.259989, 61.954848], [31.259324, 61.955041], [31.257908, 61.955685], [31.256685, 61.956135], [31.256341, 61.956393], [31.256148, 61.956757], [31.255912, 61.957036], [31.255526, 61.957294], [31.254668, 61.957616], [31.253788, 61.95783], [31.253359, 61.957916], [31.25308, 61.957895], [31.252758, 61.957959], [31.252479, 61.958152], [31.251685, 61.958367], [31.251213, 61.958538], [31.250548, 61.95901], [31.250419, 61.959182], [31.250398, 61.959483], [31.250162, 61.959976], [31.250205, 61.96004], [31.250805, 61.960384], [31.251106, 61.960448], [31.251385, 61.960577], [31.2525, 61.960834], [31.252887, 61.960985], [31.253788, 61.961113], [31.254432, 61.961264], [31.255161, 61.961521], [31.255633, 61.9618], [31.256642, 61.962594], [31.258165, 61.963302], [31.258594, 61.963688], [31.258723, 61.963731], [31.258852, 61.96386], [31.259152, 61.964053], [31.259882, 61.964396], [31.261169, 61.965104], [31.263143, 61.966456], [31.263916, 61.967121], [31.264238, 61.967336], [31.264817, 61.967594], [31.26604, 61.968001], [31.266705, 61.968387], [31.266899, 61.968516], [31.266984, 61.968645], [31.267049, 61.968881], [31.267199, 61.969139], [31.267456, 61.96931], [31.268079, 61.969482], [31.268379, 61.969696], [31.268594, 61.970104], [31.268765, 61.970254], [31.268937, 61.970598], [31.269066, 61.970683], [31.269559, 61.970791], [31.270203, 61.970855], [31.270825, 61.970962], [31.27119, 61.97107], [31.271576, 61.971113], [31.272091, 61.971284], [31.27252, 61.971327], [31.273958, 61.971606], [31.275482, 61.971971], [31.276018, 61.971971], [31.277456, 61.971885], [31.280052, 61.971563], [31.280674, 61.971692], [31.281125, 61.971735], [31.281619, 61.971735], [31.282477, 61.971821], [31.283164, 61.971799], [31.283571, 61.971821], [31.284322, 61.971928], [31.284601, 61.972035], [31.284816, 61.972207], [31.284773, 61.972829], [31.284859, 61.973022], [31.285567, 61.973473], [31.28576, 61.973709], [31.285996, 61.974203], [31.285996, 61.974353], [31.286082, 61.974481], [31.286168, 61.974825], [31.286189, 61.975104], [31.28606, 61.97549], [31.285953, 61.975769], [31.285867, 61.975898], [31.285867, 61.975983], [31.285717, 61.976305], [31.285588, 61.976456], [31.285481, 61.976735], [31.285567, 61.977142], [31.285524, 61.977443], [31.285696, 61.977979], [31.285824, 61.978215], [31.285846, 61.978516], [31.28576, 61.978923], [31.285653, 61.979181], [31.285459, 61.979352], [31.285395, 61.979503], [31.285374, 61.979953], [31.285245, 61.980447], [31.285309, 61.980575], [31.286146, 61.981326], [31.287283, 61.981648], [31.288249, 61.98212], [31.288936, 61.982378], [31.289193, 61.982528], [31.289343, 61.982828], [31.289494, 61.983322], [31.289515, 61.983622], [31.289579, 61.983665], [31.289472, 61.984052], [31.289558, 61.984352], [31.289708, 61.984567], [31.290051, 61.984867], [31.290266, 61.984953], [31.29033, 61.985103], [31.290352, 61.985296], [31.290116, 61.985747], [31.290159, 61.985983], [31.290051, 61.986262], [31.290094, 61.986498], [31.290245, 61.986755], [31.29033, 61.986841], [31.29076, 61.987099], [31.291553, 61.987399], [31.291725, 61.987528], [31.292927, 61.988064], [31.293013, 61.988171], [31.293013, 61.988257], [31.293206, 61.988536], [31.293206, 61.988708], [31.293377, 61.98888], [31.293442, 61.98903], [31.294085, 61.989416], [31.294386, 61.989673], [31.295416, 61.990017], [31.297948, 61.991133], [31.299171, 61.991433], [31.299986, 61.991562], [31.300094, 61.991605], [31.300094, 61.991669], [31.300008, 61.991712], [31.299729, 61.991755], [31.299557, 61.991841], [31.299321, 61.991819], [31.297647, 61.991927], [31.295115, 61.992248], [31.293935, 61.992291], [31.29297, 61.99227], [31.291639, 61.992356], [31.290867, 61.992334], [31.288893, 61.992442], [31.28664, 61.992699], [31.28591, 61.992849], [31.285459, 61.993064], [31.285309, 61.993257], [31.284794, 61.993665], [31.28458, 61.993922], [31.284301, 61.994137], [31.284301, 61.994201], [31.284193, 61.99433], [31.283764, 61.994695], [31.283314, 61.995252], [31.28297, 61.99551], [31.281661, 61.996025], [31.279816, 61.996926], [31.278464, 61.997463], [31.278271, 61.997591], [31.27752, 61.997913], [31.273658, 61.999115], [31.272735, 61.999158], [31.271834, 61.99905], [31.271448, 61.998965], [31.269538, 61.998235], [31.268572, 61.997956], [31.267993, 61.99772], [31.266298, 61.997377], [31.262693, 61.997055], [31.261341, 61.997205], [31.260933, 61.997291], [31.257607, 61.998171], [31.254861, 61.998729], [31.254346, 61.998922], [31.254131, 61.999115], [31.253981, 61.999394], [31.253831, 61.999909], [31.253638, 62.000252], [31.253466, 62.000424], [31.253015, 62.000746], [31.252093, 62.001239], [31.25132, 62.001518], [31.250934, 62.00169], [31.250784, 62.001797], [31.250655, 62.001819], [31.250462, 62.00199], [31.249926, 62.002248], [31.249861, 62.002312], [31.249389, 62.00257], [31.248831, 62.002763], [31.248445, 62.003042], [31.247544, 62.003406], [31.246707, 62.003685], [31.242523, 62.004587], [31.242265, 62.004672], [31.239604, 62.005102], [31.237072, 62.005638], [31.235485, 62.00611], [31.235055, 62.006346], [31.235055, 62.006389], [31.234862, 62.006496], [31.23394, 62.006861], [31.233725, 62.007054], [31.233704, 62.007204], [31.233875, 62.007634], [31.233897, 62.007934], [31.233983, 62.008149], [31.233961, 62.008277], [31.234047, 62.008513], [31.234261, 62.008792], [31.234626, 62.009543], [31.234712, 62.010015], [31.234841, 62.010445], [31.235141, 62.011131], [31.235227, 62.011238], [31.23557, 62.011603], [31.237072, 62.012869], [31.238017, 62.013427], [31.238961, 62.013921], [31.239669, 62.014178], [31.240055, 62.014371], [31.24145, 62.014822], [31.241579, 62.014908], [31.241707, 62.015315], [31.241643, 62.015616], [31.241643, 62.015852], [31.24175, 62.016174], [31.2419, 62.016345], [31.242244, 62.016624], [31.242415, 62.016903], [31.242523, 62.017204], [31.242458, 62.01744], [31.242094, 62.017762], [31.241064, 62.018148], [31.240634, 62.018384], [31.240463, 62.018534], [31.240227, 62.019071], [31.239905, 62.0195], [31.239755, 62.01965], [31.239411, 62.020251], [31.239068, 62.020637], [31.23881, 62.020851], [31.23821, 62.021238], [31.237437, 62.021603], [31.236944, 62.021967], [31.236879, 62.022096], [31.236836, 62.022375], [31.236901, 62.022997], [31.237072, 62.023534], [31.237308, 62.023834], [31.237351, 62.024027], [31.23733, 62.024113], [31.23718, 62.024349], [31.23703, 62.024521], [31.236922, 62.024585], [31.236729, 62.024864], [31.236686, 62.025014], [31.236793, 62.025293], [31.237072, 62.025529], [31.237115, 62.025615], [31.237266, 62.025722], [31.237695, 62.025851], [31.238875, 62.025916], [31.239497, 62.025851], [31.240313, 62.025637], [31.240441, 62.025658], [31.241643, 62.025637], [31.243166, 62.025765], [31.244626, 62.025958], [31.245763, 62.026323], [31.246836, 62.026624], [31.248295, 62.027117], [31.249625, 62.027611], [31.25132, 62.028383], [31.254324, 62.028962], [31.255075, 62.029284], [31.255526, 62.029542], [31.256213, 62.029799], [31.257178, 62.030357], [31.25735, 62.03055], [31.257414, 62.030722], [31.257414, 62.030958], [31.256856, 62.031838], [31.256706, 62.03216], [31.256771, 62.03246], [31.256728, 62.03261], [31.256728, 62.033061], [31.256856, 62.033318], [31.257135, 62.03364], [31.257672, 62.033876], [31.258895, 62.034627], [31.259174, 62.034906], [31.259388, 62.035056], [31.260461, 62.035571], [31.2625, 62.036215], [31.263337, 62.036387], [31.26471, 62.036859], [31.265354, 62.036966], [31.26604, 62.037245], [31.266384, 62.037438], [31.266856, 62.037803], [31.268379, 62.038661], [31.268787, 62.038962], [31.26913, 62.039305], [31.269173, 62.039391], [31.270246, 62.040421], [31.271254, 62.040979], [31.272327, 62.041515], [31.273486, 62.042009], [31.275567, 62.042567], [31.276082, 62.042738], [31.277756, 62.043425], [31.278314, 62.043575], [31.278593, 62.043725], [31.278915, 62.043833], [31.279365, 62.044047], [31.280245, 62.044369], [31.280975, 62.044734], [31.282477, 62.045378], [31.283035, 62.045657], [31.284129, 62.046086], [31.284773, 62.046408], [31.284923, 62.046536], [31.28561, 62.046901], [31.286361, 62.047202], [31.287412, 62.047738], [31.288635, 62.048274], [31.289386, 62.048661], [31.290395, 62.049068], [31.290416, 62.049133], [31.29194, 62.049798], [31.292841, 62.050334], [31.293463, 62.050828], [31.293828, 62.051193], [31.294107, 62.0516], [31.294321, 62.052051], [31.29445, 62.052544], [31.29445, 62.052738], [31.294558, 62.053017], [31.294622, 62.053553], [31.294879, 62.054476], [31.294944, 62.054862], [31.294987, 62.055012], [31.295244, 62.055506], [31.295373, 62.055677], [31.295802, 62.056064], [31.296596, 62.0566], [31.298291, 62.057287], [31.298763, 62.057415], [31.298913, 62.057501], [31.299536, 62.057737], [31.300501, 62.058059], [31.301488, 62.058488], [31.302347, 62.058724], [31.303312, 62.059068], [31.303741, 62.059282], [31.304492, 62.059497], [31.304814, 62.059711], [31.306102, 62.060098], [31.306939, 62.060462], [31.307153, 62.060505], [31.308205, 62.060913], [31.309685, 62.061385], [31.309921, 62.061514], [31.311938, 62.0622], [31.312882, 62.062458], [31.314234, 62.062973], [31.314921, 62.063187], [31.315779, 62.063638], [31.316659, 62.064325], [31.316938, 62.064647], [31.31711, 62.06499], [31.317496, 62.066728], [31.317775, 62.067522], [31.318118, 62.068917], [31.318204, 62.069131], [31.318268, 62.069775], [31.318161, 62.070161], [31.317925, 62.070698], [31.317818, 62.071041], [31.317732, 62.071127], [31.317625, 62.071449], [31.317324, 62.071899], [31.317238, 62.072178], [31.316959, 62.072629], [31.316916, 62.072865], [31.316938, 62.073015], [31.316916, 62.073122], [31.316788, 62.073423], [31.316573, 62.073766], [31.316058, 62.074367], [31.315672, 62.075054], [31.315608, 62.075225], [31.315393, 62.075547], [31.31535, 62.07574], [31.315093, 62.076084], [31.31462, 62.076899], [31.314513, 62.077199], [31.314449, 62.077521], [31.314277, 62.077865], [31.313891, 62.07838], [31.313505, 62.079216], [31.31226, 62.081641], [31.311767, 62.082499], [31.311595, 62.082929], [31.311123, 62.083808], [31.310672, 62.084538], [31.310436, 62.085096], [31.309664, 62.086469], [31.309535, 62.086791], [31.30917, 62.087392], [31.308526, 62.088143], [31.307883, 62.088744], [31.307432, 62.089044], [31.306295, 62.090117], [31.305694, 62.090889], [31.305308, 62.091705], [31.305007, 62.092198], [31.303312, 62.095975], [31.30299, 62.096511], [31.302454, 62.097606], [31.302239, 62.098206], [31.301574, 62.099429], [31.301553, 62.09973], [31.301081, 62.100438], [31.300673, 62.101425], [31.299858, 62.103099], [31.299707, 62.103571], [31.299471, 62.103957], [31.2993, 62.104386], [31.298913, 62.104987], [31.297755, 62.107583], [31.297368, 62.108184], [31.297175, 62.10857], [31.297025, 62.109043], [31.296617, 62.109815], [31.296317, 62.110545], [31.295695, 62.111725], [31.29518, 62.113034], [31.29445, 62.114364], [31.293463, 62.116639], [31.292519, 62.11857], [31.292347, 62.119171], [31.292347, 62.119578], [31.292455, 62.120136], [31.293656, 62.12329], [31.294021, 62.124406], [31.294236, 62.1249], [31.294257, 62.12505], [31.294708, 62.126037], [31.294965, 62.126531], [31.295587, 62.127453], [31.296081, 62.128419], [31.296832, 62.129492], [31.29739, 62.130479], [31.299021, 62.133032], [31.299343, 62.133633], [31.299471, 62.133762], [31.30151, 62.137045], [31.302647, 62.138804], [31.302947, 62.139427], [31.303141, 62.14007], [31.303098, 62.140907], [31.303055, 62.141014], [31.302368, 62.142152], [31.301789, 62.142881], [31.299664, 62.146315], [31.298999, 62.147323], [31.29812, 62.148782], [31.297175, 62.150198], [31.296703, 62.151014], [31.296317, 62.151786], [31.296296, 62.152387], [31.296639, 62.153117], [31.298248, 62.154533], [31.301896, 62.157515], [31.302733, 62.158352], [31.302947, 62.159082], [31.302626, 62.159962], [31.302304, 62.160369], [31.301553, 62.161077], [31.300351, 62.162429], [31.299149, 62.163609], [31.297862, 62.165004], [31.296746, 62.166098], [31.296424, 62.166678], [31.296403, 62.167128], [31.29651, 62.167601], [31.296617, 62.167837], [31.297583, 62.169403], [31.298334, 62.170755], [31.298656, 62.171248], [31.2993, 62.172471], [31.299579, 62.172858], [31.299815, 62.173501], [31.301488, 62.176227], [31.302089, 62.177321], [31.30254, 62.17805], [31.302905, 62.178522], [31.303462, 62.179016], [31.304213, 62.179531], [31.305909, 62.180346], [31.308183, 62.181119], [31.308827, 62.181291], [31.310822, 62.182063], [31.313891, 62.183136], [31.316788, 62.184101], [31.319084, 62.18496], [31.320672, 62.185754], [31.321079, 62.186076], [31.321294, 62.186183], [31.321508, 62.186397], [31.322603, 62.187084], [31.325757, 62.189208], [31.326251, 62.189573], [31.326315, 62.18968], [31.327066, 62.190131], [31.327431, 62.190453], [31.328461, 62.191161], [31.328761, 62.191419], [31.332731, 62.194101], [31.333632, 62.194637], [31.334748, 62.195195], [31.335048, 62.195388], [31.336207, 62.195989], [31.337988, 62.19704], [31.338632, 62.197362], [31.33934, 62.197791], [31.34037, 62.198264], [31.341335, 62.198843], [31.342773, 62.199572], [31.346421, 62.201589], [31.348588, 62.202834], [31.34921, 62.203328], [31.349446, 62.203606], [31.35082, 62.20483], [31.35112, 62.205173], [31.351914, 62.205774], [31.35348, 62.207211], [31.353545, 62.207319], [31.353952, 62.207641], [31.354231, 62.207812], [31.354875, 62.20807], [31.355583, 62.208327], [31.357386, 62.208713], [31.366806, 62.209357], [31.367342, 62.209336], [31.368629, 62.209443], [31.369144, 62.209422], [31.369895, 62.209529], [31.372792, 62.209786], [31.381096, 62.210366], [31.384916, 62.210688], [31.389186, 62.210902], [31.391353, 62.21116], [31.393821, 62.211846], [31.395795, 62.212469], [31.39631, 62.212576], [31.399571, 62.213606], [31.404035, 62.214915], [31.405279, 62.215322], [31.405944, 62.215644], [31.407039, 62.216524], [31.407382, 62.216996], [31.407489, 62.217661], [31.407275, 62.218863], [31.40706, 62.219678], [31.407103, 62.220107], [31.407425, 62.220665], [31.408176, 62.221245], [31.409356, 62.221738], [31.409957, 62.221867], [31.411652, 62.222124], [31.41545, 62.222597], [31.41663, 62.222811], [31.41751, 62.223069], [31.418733, 62.223712], [31.419098, 62.224034], [31.419377, 62.224378], [31.419699, 62.225107], [31.420042, 62.226073], [31.420171, 62.226287], [31.420385, 62.226888], [31.421029, 62.228283], [31.421308, 62.22912], [31.421287, 62.229613], [31.421222, 62.22972], [31.421265, 62.229828], [31.421093, 62.230214], [31.420814, 62.2306], [31.420342, 62.231115], [31.420021, 62.231544], [31.418905, 62.232767], [31.418583, 62.233325], [31.418497, 62.233561], [31.418433, 62.233905], [31.418454, 62.234956], [31.418368, 62.236136], [31.41839, 62.236437], [31.418476, 62.236866], [31.419248, 62.238518], [31.420257, 62.240514], [31.420106, 62.240642], [31.420214, 62.240664], [31.421072, 62.242638], [31.421716, 62.244247], [31.422338, 62.245578], [31.422531, 62.246157], [31.422638, 62.246372], [31.422703, 62.246651], [31.423218, 62.247616], [31.423518, 62.248539], [31.423647, 62.248668], [31.423711, 62.248818], [31.423711, 62.249011], [31.423819, 62.249161], [31.423926, 62.249504], [31.424484, 62.250878], [31.425192, 62.252444], [31.425685, 62.253667], [31.425943, 62.254118], [31.4262, 62.254461], [31.426758, 62.254933], [31.428282, 62.255834], [31.431651, 62.257723], [31.43459, 62.259439], [31.435556, 62.259954], [31.436457, 62.260233], [31.437723, 62.260448], [31.439161, 62.26062], [31.44356, 62.261027], [31.444182, 62.261156], [31.444976, 62.261371], [31.446263, 62.261843], [31.447508, 62.262508], [31.448838, 62.26313], [31.450898, 62.264224], [31.457464, 62.267465], [31.458365, 62.267958], [31.459546, 62.268452], [31.461005, 62.269224], [31.461627, 62.269632], [31.462485, 62.270705], [31.463065, 62.271327], [31.463623, 62.272142], [31.463644, 62.272271], [31.46461, 62.273322], [31.467142, 62.274546], [31.468429, 62.275103], [31.468858, 62.275254], [31.468987, 62.275254], [31.469116, 62.275318], [31.469352, 62.275554], [31.469759, 62.275683], [31.469802, 62.275747], [31.470317, 62.275983], [31.471498, 62.276477], [31.471712, 62.27652], [31.471776, 62.276648], [31.472012, 62.276713], [31.4736, 62.277442], [31.474673, 62.278], [31.475982, 62.278601], [31.476175, 62.278987], [31.475746, 62.279395], [31.473729, 62.28094], [31.473236, 62.281219], [31.472184, 62.281906], [31.471562, 62.282378], [31.47036, 62.283515], [31.470253, 62.283837], [31.47006, 62.284995], [31.470146, 62.285296], [31.470468, 62.285639], [31.470832, 62.285897], [31.471884, 62.286326], [31.472442, 62.286412], [31.475725, 62.286648], [31.476068, 62.286583], [31.476325, 62.286347], [31.47639, 62.28624], [31.476454, 62.28624], [31.476347, 62.286476], [31.476111, 62.286669], [31.477506, 62.28697], [31.479673, 62.287184], [31.480123, 62.287399], [31.480317, 62.287356], [31.480553, 62.287356], [31.481068, 62.287463], [31.481733, 62.287549], [31.482634, 62.287613], [31.48714, 62.28712], [31.48817, 62.287098], [31.489973, 62.28697], [31.491088, 62.286712], [31.492505, 62.286562], [31.493663, 62.286369], [31.494307, 62.286369], [31.494951, 62.286304], [31.495251, 62.28624], [31.495852, 62.285983], [31.496281, 62.285897], [31.497032, 62.285661], [31.497719, 62.285317], [31.498341, 62.284781], [31.49877, 62.284459], [31.498877, 62.28433], [31.499178, 62.284137], [31.50038, 62.283665], [31.500873, 62.283579], [31.501646, 62.283236], [31.502568, 62.283021], [31.50319, 62.282742], [31.503705, 62.282356], [31.504371, 62.281541], [31.5048, 62.281133], [31.504864, 62.281026], [31.505057, 62.280897], [31.50583, 62.280511], [31.506946, 62.28021], [31.507911, 62.279695], [31.508254, 62.279567], [31.509091, 62.279266], [31.509521, 62.279202], [31.510314, 62.278987], [31.510701, 62.278816], [31.51143, 62.278451], [31.511967, 62.278086], [31.512117, 62.277893], [31.512696, 62.277507], [31.514413, 62.276799], [31.515142, 62.276112], [31.515679, 62.275747], [31.516623, 62.275318], [31.517503, 62.274825], [31.518769, 62.274052], [31.520121, 62.273344], [31.520786, 62.273065], [31.522545, 62.272207], [31.523725, 62.271434], [31.524734, 62.271027], [31.524713, 62.271069], [31.526021, 62.27049], [31.526386, 62.270233], [31.527116, 62.269181], [31.527481, 62.268945], [31.528918, 62.268258], [31.529433, 62.267808], [31.529498, 62.267701], [31.529648, 62.267572], [31.529712, 62.2674], [31.529648, 62.266821], [31.529712, 62.266628], [31.530163, 62.266048], [31.53057, 62.265705], [31.531858, 62.265297], [31.536858, 62.263903], [31.538445, 62.263366], [31.539583, 62.262916], [31.541664, 62.262272], [31.542179, 62.262036], [31.542694, 62.261778], [31.543037, 62.261435], [31.543166, 62.261177], [31.543231, 62.260898], [31.543595, 62.26062], [31.543853, 62.260319], [31.544368, 62.259869], [31.544904, 62.259268], [31.546728, 62.258366], [31.547372, 62.257894], [31.548058, 62.257551], [31.549003, 62.257165], [31.549904, 62.256736], [31.551449, 62.255727], [31.55235, 62.255556], [31.55308, 62.255534], [31.554582, 62.255663], [31.555333, 62.25562], [31.557092, 62.255169], [31.558423, 62.254869], [31.558551, 62.254805], [31.558938, 62.254783], [31.560311, 62.254397], [31.561062, 62.254139], [31.562306, 62.253796], [31.563036, 62.253539], [31.564538, 62.252895], [31.565546, 62.252723], [31.566212, 62.252745], [31.566405, 62.252702], [31.56677, 62.252509], [31.567521, 62.252294], [31.567864, 62.252122], [31.568078, 62.251951], [31.5684, 62.251886], [31.568958, 62.25165], [31.570289, 62.25135], [31.571147, 62.251221], [31.572349, 62.251393], [31.5734, 62.252015], [31.573808, 62.252294], [31.57428, 62.25253], [31.574795, 62.252852], [31.575224, 62.253024], [31.575782, 62.253174], [31.576769, 62.253603], [31.577928, 62.253968], [31.58061, 62.25444], [31.581211, 62.25474], [31.582112, 62.255384], [31.583249, 62.255255], [31.583893, 62.254869], [31.5843, 62.254676], [31.586103, 62.254504], [31.587047, 62.254311], [31.587905, 62.254225], [31.588828, 62.25429], [31.589193, 62.254397], [31.590073, 62.254955], [31.590716, 62.255234], [31.591317, 62.255405], [31.592326, 62.255556], [31.592884, 62.255706], [31.59445, 62.255985], [31.594622, 62.256049], [31.595094, 62.256414], [31.595244, 62.256886], [31.59518, 62.257058], [31.594901, 62.257401], [31.594922, 62.25783], [31.595158, 62.258045], [31.595973, 62.258603], [31.596102, 62.258774], [31.596488, 62.259504], [31.596746, 62.259783], [31.596939, 62.259869], [31.597282, 62.260147], [31.598055, 62.260577], [31.601231, 62.261113], [31.602025, 62.261199], [31.604986, 62.261971], [31.605844, 62.262143], [31.606509, 62.262379], [31.607754, 62.26298], [31.607968, 62.26313], [31.608397, 62.263559], [31.608891, 62.263967], [31.608912, 62.264053], [31.609063, 62.264246], [31.60947, 62.264632], [31.610093, 62.264975], [31.611595, 62.265254], [31.612303, 62.265426], [31.614727, 62.265791], [31.616594, 62.266199], [31.617281, 62.26622], [31.61786, 62.266113], [31.62168, 62.264911], [31.623225, 62.264546], [31.624963, 62.264525], [31.626121, 62.264439], [31.628804, 62.264654], [31.62919, 62.264718], [31.629469, 62.264804], [31.630198, 62.265126], [31.630542, 62.265448], [31.630713, 62.265684], [31.631143, 62.26607], [31.631464, 62.26622], [31.63155, 62.266349], [31.63228, 62.266735], [31.632452, 62.266885], [31.632859, 62.2671], [31.633396, 62.267486], [31.634125, 62.267894], [31.634469, 62.26813], [31.636743, 62.268945], [31.637129, 62.269095], [31.637279, 62.269203], [31.637408, 62.26931], [31.63758, 62.26961], [31.637816, 62.27019], [31.637816, 62.270576], [31.637945, 62.270876], [31.638052, 62.271005], [31.638224, 62.271091], [31.638481, 62.271284], [31.639297, 62.271735], [31.639769, 62.271928], [31.640219, 62.272185], [31.640498, 62.272464], [31.640541, 62.272786], [31.640455, 62.273086], [31.640434, 62.273408], [31.640477, 62.27358], [31.640691, 62.273859], [31.641399, 62.274267], [31.64258, 62.274825], [31.64361, 62.275447], [31.644296, 62.27564], [31.647193, 62.275618], [31.653695, 62.275061], [31.654253, 62.275061], [31.65569, 62.27491], [31.657106, 62.274825], [31.661291, 62.27446], [31.662149, 62.27446], [31.662921, 62.274503], [31.663737, 62.274674], [31.664445, 62.274996], [31.665153, 62.275533], [31.665925, 62.276606], [31.666011, 62.276799], [31.666097, 62.277142], [31.666097, 62.278], [31.66629, 62.278386], [31.666505, 62.27858], [31.667835, 62.279309], [31.66835, 62.279459], [31.669809, 62.27961], [31.670625, 62.279781], [31.672706, 62.280017], [31.673672, 62.280232], [31.674723, 62.280768], [31.675667, 62.280854], [31.67792, 62.281348], [31.678628, 62.281433], [31.679229, 62.281455], [31.679723, 62.281412], [31.683242, 62.281004], [31.685259, 62.280854], [31.68749, 62.28079], [31.68955, 62.280661], [31.690816, 62.280661], [31.69234, 62.280489], [31.694979, 62.281004], [31.696052, 62.281069], [31.696846, 62.281026], [31.697404, 62.281047], [31.699314, 62.281326], [31.700494, 62.28124], [31.702275, 62.280983], [31.705021, 62.280704], [31.706738, 62.280382], [31.708283, 62.279846], [31.709871, 62.279459], [31.710085, 62.279524], [31.710343, 62.279459], [31.711845, 62.279288], [31.713111, 62.279202], [31.71487, 62.279159], [31.716179, 62.278987], [31.716909, 62.278944], [31.718261, 62.278966], [31.7212, 62.27873], [31.726028, 62.279309], [31.727766, 62.279695], [31.728453, 62.27991], [31.729311, 62.279996], [31.731736, 62.279738], [31.732487, 62.279567], [31.733067, 62.279502], [31.734611, 62.279524], [31.735105, 62.27961], [31.736392, 62.28006], [31.737058, 62.280253], [31.737294, 62.280382], [31.737444, 62.280661], [31.73753, 62.281155], [31.737852, 62.281798], [31.738109, 62.282099], [31.738774, 62.283064], [31.738989, 62.2833], [31.739697, 62.283837], [31.73989, 62.283923], [31.740362, 62.284244], [31.741027, 62.284888], [31.741478, 62.285189], [31.741821, 62.285489], [31.742165, 62.285682], [31.742444, 62.285897], [31.74268, 62.286176], [31.743044, 62.286497], [31.743452, 62.286798], [31.744053, 62.287141], [31.744718, 62.287399], [31.74519, 62.287678], [31.74592, 62.288021], [31.746242, 62.288236], [31.746757, 62.288386], [31.747379, 62.28845], [31.747937, 62.28845], [31.749482, 62.288214], [31.749739, 62.287935], [31.749975, 62.288128], [31.752035, 62.288278], [31.752893, 62.288236], [31.754224, 62.288064], [31.755704, 62.287785], [31.756048, 62.287785], [31.757442, 62.287978], [31.757678, 62.288064], [31.760146, 62.288343], [31.760811, 62.288364], [31.762077, 62.288214], [31.763451, 62.288214], [31.763772, 62.288278], [31.76433, 62.288515], [31.765167, 62.289008], [31.765704, 62.289394], [31.766197, 62.289566], [31.766519, 62.289845], [31.766347, 62.290059], [31.766154, 62.290167], [31.766133, 62.29036], [31.765918, 62.290682], [31.766004, 62.290939], [31.766498, 62.291218], [31.76697, 62.29124], [31.76757, 62.291197], [31.769802, 62.290918], [31.770596, 62.290982], [31.773128, 62.291562], [31.774995, 62.291905], [31.775424, 62.292055], [31.776433, 62.292141], [31.777205, 62.29227], [31.778192, 62.292527], [31.778771, 62.292763], [31.780681, 62.294094], [31.781046, 62.294415], [31.781582, 62.295038], [31.782484, 62.295531], [31.782891, 62.296046], [31.784372, 62.296969], [31.785552, 62.297548], [31.787118, 62.297977], [31.79008, 62.299308], [31.790423, 62.299587], [31.790702, 62.299951], [31.790874, 62.300316], [31.791217, 62.300681], [31.791625, 62.300917], [31.792268, 62.301389], [31.792461, 62.301968], [31.793534, 62.302634], [31.794092, 62.303063], [31.7948, 62.303707], [31.794972, 62.304222], [31.795015, 62.304565], [31.79538, 62.304951], [31.795766, 62.305251], [31.795873, 62.305466], [31.795744, 62.305809], [31.795809, 62.306131], [31.796474, 62.306603], [31.797075, 62.306904], [31.798019, 62.307118], [31.798727, 62.307183], [31.799435, 62.307183], [31.803298, 62.307011], [31.806387, 62.306689], [31.807439, 62.306625], [31.808147, 62.306689], [31.809027, 62.306839], [31.810143, 62.306947], [31.811301, 62.307161], [31.812353, 62.307269], [31.813662, 62.307333], [31.814434, 62.307269], [31.8157, 62.307011], [31.816988, 62.306839], [31.817438, 62.306882], [31.818683, 62.306839], [31.821622, 62.30641], [31.822824, 62.30641], [31.823833, 62.306518], [31.824562, 62.306603], [31.825463, 62.306796], [31.827738, 62.307376], [31.829004, 62.307762], [31.829347, 62.308148], [31.829519, 62.308406], [31.83027, 62.308964], [31.831021, 62.309092], [31.831686, 62.309328], [31.831901, 62.30965], [31.832416, 62.309951], [31.832866, 62.310337], [31.833403, 62.31053], [31.836407, 62.311109], [31.83793, 62.311839], [31.838188, 62.31186], [31.839046, 62.311753], [31.839776, 62.311732], [31.842157, 62.312011], [31.842737, 62.312011], [31.843402, 62.311903], [31.844325, 62.311345], [31.84544, 62.310895], [31.846234, 62.310509], [31.847178, 62.310294], [31.848166, 62.309994], [31.848874, 62.309715], [31.849432, 62.30935], [31.849775, 62.309221], [31.853122, 62.308985], [31.855032, 62.308921], [31.856234, 62.308792], [31.857113, 62.30862], [31.859688, 62.307977], [31.860611, 62.307784], [31.862092, 62.307547], [31.863744, 62.30744], [31.87061, 62.308642], [31.872198, 62.309071], [31.873464, 62.309543], [31.875052, 62.31023], [31.875996, 62.310702], [31.879344, 62.312161], [31.880159, 62.312483], [31.880974, 62.312719], [31.881597, 62.312955], [31.882069, 62.313169], [31.882691, 62.313641], [31.883206, 62.314135], [31.883678, 62.314328], [31.886618, 62.314714], [31.890137, 62.315573], [31.890716, 62.315959], [31.891231, 62.316538], [31.891317, 62.316817], [31.891253, 62.317246], [31.891381, 62.317418], [31.891574, 62.317504], [31.891832, 62.317547], [31.892132, 62.317547], [31.895351, 62.317139], [31.896188, 62.316903], [31.896574, 62.316646], [31.89696, 62.316517], [31.897089, 62.316431], [31.897175, 62.316474], [31.897346, 62.316967], [31.897819, 62.317675], [31.898098, 62.318276], [31.898484, 62.318899], [31.899235, 62.319778], [31.9002, 62.320744], [31.900136, 62.321409], [31.899986, 62.321795], [31.899964, 62.322074], [31.899986, 62.32216], [31.900157, 62.322375], [31.90093, 62.322654], [31.903204, 62.323233], [31.903998, 62.323362], [31.904406, 62.323533], [31.90505, 62.324134], [31.9055, 62.324799], [31.905565, 62.3254], [31.90593, 62.325915], [31.906616, 62.326216], [31.90756, 62.326173], [31.909556, 62.325765], [31.911637, 62.325486], [31.912367, 62.325486], [31.912796, 62.325572], [31.913204, 62.325744], [31.914362, 62.326473], [31.914749, 62.326924], [31.915049, 62.327889], [31.916058, 62.328919], [31.91683, 62.329627], [31.917152, 62.330014], [31.917281, 62.330035], [31.919341, 62.329134], [31.91977, 62.328791], [31.92007, 62.328426], [31.920993, 62.326666], [31.921336, 62.326216], [31.92213, 62.325572], [31.923224, 62.324563], [31.923589, 62.323555], [31.923589, 62.323448], [31.923246, 62.322654], [31.923224, 62.322396], [31.923332, 62.321795], [31.925671, 62.319886], [31.926507, 62.319242], [31.929876, 62.31774], [31.931056, 62.317139], [31.931808, 62.316882], [31.933267, 62.316259], [31.934082, 62.31598], [31.935241, 62.315787], [31.937429, 62.315573], [31.941142, 62.315358], [31.943266, 62.31538], [31.94436, 62.315487], [31.946249, 62.315551], [31.948587, 62.315272], [31.950089, 62.315229], [31.950647, 62.315122], [31.951463, 62.314693], [31.95172, 62.314435], [31.953308, 62.31347], [31.953737, 62.312118], [31.955947, 62.310809], [31.956934, 62.309886], [31.957428, 62.308813], [31.95805, 62.308363], [31.958308, 62.308256], [31.958651, 62.308213], [31.959896, 62.308191], [31.962084, 62.308041], [31.9629, 62.307826], [31.965067, 62.307054], [31.966826, 62.306625], [31.967577, 62.306389], [31.970517, 62.30523], [31.971547, 62.305015], [31.973586, 62.304779], [31.974508, 62.304737], [31.976461, 62.304951], [31.977148, 62.304951], [31.977813, 62.304865], [31.979465, 62.304479], [31.984636, 62.303835], [31.987361, 62.303921], [31.98955, 62.30405], [31.992232, 62.30405], [31.992554, 62.304028], [31.994657, 62.303621], [31.994957, 62.303492], [31.99558, 62.303041], [31.99603, 62.302827], [31.997811, 62.302247], [31.998047, 62.302011], [31.998777, 62.301089], [31.999464, 62.300402], [31.999871, 62.299909], [32.000107, 62.299286], [32.000558, 62.29875], [32.001266, 62.298085], [32.002017, 62.297527], [32.002553, 62.297334], [32.004098, 62.297012], [32.004678, 62.296947], [32.005493, 62.296754], [32.006244, 62.296432], [32.007381, 62.296175], [32.008948, 62.295939], [32.009935, 62.29566], [32.011973, 62.294887], [32.012746, 62.294523], [32.013604, 62.294287], [32.01502, 62.293793], [32.016201, 62.293214], [32.016716, 62.29287], [32.017767, 62.292334], [32.018067, 62.292248], [32.018411, 62.292205], [32.01884, 62.292227], [32.020084, 62.292613], [32.021093, 62.292806], [32.021415, 62.292956], [32.02178, 62.293257], [32.022123, 62.293385], [32.025127, 62.293514], [32.025921, 62.293686], [32.026565, 62.2939], [32.026801, 62.293922], [32.028131, 62.294372], [32.028346, 62.294523], [32.028517, 62.294823], [32.02841, 62.295102], [32.028131, 62.295295], [32.027251, 62.295724], [32.02708, 62.296025], [32.027187, 62.296454], [32.028131, 62.296733], [32.029311, 62.29699], [32.030127, 62.296947], [32.031328, 62.296583], [32.03253, 62.296153], [32.033882, 62.29596], [32.034676, 62.295767], [32.037186, 62.295252], [32.039461, 62.294694], [32.040662, 62.294351], [32.041091, 62.294265], [32.042207, 62.294308], [32.043387, 62.294523], [32.044117, 62.294523], [32.044911, 62.294458], [32.046091, 62.294265], [32.047314, 62.294437], [32.04828, 62.294501], [32.048902, 62.294394], [32.049567, 62.294158], [32.050919, 62.2939], [32.053837, 62.293965], [32.054975, 62.293879], [32.056627, 62.293922], [32.057313, 62.294051], [32.058215, 62.294136], [32.059845, 62.294716], [32.062635, 62.295467], [32.064437, 62.295789], [32.064802, 62.29581], [32.065382, 62.295767], [32.066261, 62.295531], [32.067892, 62.295252], [32.069158, 62.295145], [32.070188, 62.295123], [32.07199, 62.295188], [32.072613, 62.295166], [32.073664, 62.294952], [32.074394, 62.294887], [32.074844, 62.294802], [32.076175, 62.294158], [32.079157, 62.2933], [32.081732, 62.293064], [32.082762, 62.293021], [32.083685, 62.293106], [32.084414, 62.293235], [32.086775, 62.293342], [32.087655, 62.2936], [32.088599, 62.294072], [32.089264, 62.294566], [32.090036, 62.294952], [32.091174, 62.295381], [32.093598, 62.29581], [32.094414, 62.296196], [32.094886, 62.296604], [32.095336, 62.296904], [32.096152, 62.297355], [32.097182, 62.298278], [32.098083, 62.298814], [32.098748, 62.299608], [32.099413, 62.300595], [32.099564, 62.300767], [32.100422, 62.30214], [32.102246, 62.304887], [32.103533, 62.306925], [32.10392, 62.307676], [32.103898, 62.308277], [32.103662, 62.309758], [32.103791, 62.310316], [32.105164, 62.311603], [32.105486, 62.311989], [32.105507, 62.31229], [32.105121, 62.312976], [32.104885, 62.313191], [32.104456, 62.313792], [32.104156, 62.314114], [32.100036, 62.317783], [32.096302, 62.321216], [32.096002, 62.321538], [32.095851, 62.321774], [32.09465, 62.324413], [32.094092, 62.325744], [32.093491, 62.326902], [32.093448, 62.327095], [32.093255, 62.327482], [32.093169, 62.327546], [32.092933, 62.32819], [32.092654, 62.328705], [32.092247, 62.329306], [32.091474, 62.330164], [32.091023, 62.330529], [32.08759, 62.33276], [32.084801, 62.334498], [32.083706, 62.335228], [32.083492, 62.335314], [32.076926, 62.339391], [32.076797, 62.339627], [32.076861, 62.339906], [32.077484, 62.341021], [32.077591, 62.341815], [32.077205, 62.342502], [32.076625, 62.34291], [32.075274, 62.343639], [32.073256, 62.344948], [32.072956, 62.34527], [32.072699, 62.345978], [32.072634, 62.346386], [32.072656, 62.34703], [32.072505, 62.34733], [32.07169, 62.347845], [32.069437, 62.348918], [32.065618, 62.350656], [32.059052, 62.353746], [32.052915, 62.356578], [32.052614, 62.357007], [32.05255, 62.357479], [32.0524, 62.357866], [32.052185, 62.35823], [32.051048, 62.35911], [32.050704, 62.359625], [32.050683, 62.360226], [32.050962, 62.361149], [32.051241, 62.361642], [32.051649, 62.361943], [32.053065, 62.362651], [32.053623, 62.362844], [32.057185, 62.363359], [32.059438, 62.363616], [32.061219, 62.36396], [32.062957, 62.364646], [32.065875, 62.365998], [32.067012, 62.366706], [32.067291, 62.366835], [32.068064, 62.366964], [32.069115, 62.367028], [32.069952, 62.366942], [32.070939, 62.366728], [32.07345, 62.36632], [32.076604, 62.366148], [32.077419, 62.366234], [32.080338, 62.367307], [32.080788, 62.367607], [32.081389, 62.368423], [32.082676, 62.369195], [32.085509, 62.369925], [32.085723, 62.369946], [32.087011, 62.369775], [32.093555, 62.368659], [32.094714, 62.368552], [32.096581, 62.368637], [32.096838, 62.36868], [32.097997, 62.369088], [32.09922, 62.369431], [32.102417, 62.370075], [32.10304, 62.370161], [32.103426, 62.370161], [32.103683, 62.37014], [32.104671, 62.369796], [32.105143, 62.369539], [32.106237, 62.368552], [32.106623, 62.368337], [32.107181, 62.368165], [32.107782, 62.36808], [32.10952, 62.368058], [32.114906, 62.368273], [32.117202, 62.368294], [32.117416, 62.368316], [32.118854, 62.368873], [32.119133, 62.369217], [32.119433, 62.369839], [32.119562, 62.369925], [32.119562, 62.370054], [32.11924, 62.370612], [32.11879, 62.371169], [32.118597, 62.37162], [32.118639, 62.372135], [32.118747, 62.372371], [32.118854, 62.372929], [32.118983, 62.373272], [32.119691, 62.373444], [32.121193, 62.373465], [32.122588, 62.373358], [32.123317, 62.373401], [32.123725, 62.373508], [32.124347, 62.373809], [32.124648, 62.374088], [32.124841, 62.374367], [32.12512, 62.374882], [32.12542, 62.375547], [32.12557, 62.375783], [32.12557, 62.376191], [32.125442, 62.376362], [32.125506, 62.376598], [32.125613, 62.376706], [32.125871, 62.376856], [32.126665, 62.377178], [32.127459, 62.377392], [32.127716, 62.377414], [32.129433, 62.377263], [32.131042, 62.377371], [32.131536, 62.377499], [32.133574, 62.378529], [32.135119, 62.379238], [32.136449, 62.379667], [32.136986, 62.379881], [32.138659, 62.380396], [32.139582, 62.380868], [32.141277, 62.382177], [32.142715, 62.382885], [32.143015, 62.382971], [32.143874, 62.383121], [32.14456, 62.383529], [32.145032, 62.384044], [32.145118, 62.384366], [32.145183, 62.384988], [32.144947, 62.385632], [32.144818, 62.385825], [32.144646, 62.386319], [32.144646, 62.386919], [32.144925, 62.387628], [32.145183, 62.388057], [32.145419, 62.388765], [32.145955, 62.389215], [32.14868, 62.391147], [32.14926, 62.391619], [32.149732, 62.391855], [32.150633, 62.392177], [32.151169, 62.39267], [32.151598, 62.393636], [32.152049, 62.394065], [32.152178, 62.394494], [32.152221, 62.394902], [32.152349, 62.395245], [32.15353, 62.396962], [32.153894, 62.397605], [32.15413, 62.397841], [32.15501, 62.398335], [32.155933, 62.399472], [32.156126, 62.399622], [32.15692, 62.399901], [32.159023, 62.400094], [32.160332, 62.400416], [32.16104, 62.400524], [32.161555, 62.400545], [32.163422, 62.400481], [32.163808, 62.400545], [32.164323, 62.400931], [32.164731, 62.401382], [32.165181, 62.401747], [32.165567, 62.40224], [32.165439, 62.402176], [32.165482, 62.402133], [32.165331, 62.401918], [32.16531, 62.401961], [32.165417, 62.402026], [32.165439, 62.402176], [32.165567, 62.402369], [32.166662, 62.403013], [32.167112, 62.403399], [32.167563, 62.404214], [32.167863, 62.405137], [32.168271, 62.405566], [32.169258, 62.406188], [32.169516, 62.406467], [32.169666, 62.407068], [32.170009, 62.407411], [32.170589, 62.40812], [32.170717, 62.40842], [32.17091, 62.408677], [32.172026, 62.409321], [32.172412, 62.409407], [32.173893, 62.409514], [32.174515, 62.4096], [32.175631, 62.409793], [32.176361, 62.409965], [32.176833, 62.41018], [32.178313, 62.411424], [32.17915, 62.411789], [32.180244, 62.412132], [32.181897, 62.412561], [32.182626, 62.412712], [32.183828, 62.41284], [32.188742, 62.41284], [32.190265, 62.412733], [32.19063, 62.412647], [32.191553, 62.412261], [32.192647, 62.412239], [32.192883, 62.412304], [32.193162, 62.412454], [32.193977, 62.413269], [32.194321, 62.413913], [32.195179, 62.414493], [32.196617, 62.415329], [32.197325, 62.416595], [32.198011, 62.417218], [32.198376, 62.417432], [32.198805, 62.417754], [32.198891, 62.417883], [32.198913, 62.418248], [32.198848, 62.418655], [32.198505, 62.419042], [32.198183, 62.419578], [32.198419, 62.420157], [32.198462, 62.420393], [32.198355, 62.421681], [32.198762, 62.422539], [32.198913, 62.422732], [32.199149, 62.42329], [32.199127, 62.423505], [32.199213, 62.424342], [32.19872, 62.42505], [32.198548, 62.425844], [32.198956, 62.426788], [32.199814, 62.427968], [32.200501, 62.428655], [32.200887, 62.428912], [32.201809, 62.42917], [32.204299, 62.429706], [32.205801, 62.430114], [32.206208, 62.430328], [32.206401, 62.430521], [32.206895, 62.431358], [32.20726, 62.43183], [32.207946, 62.432367], [32.208375, 62.432839], [32.208826, 62.433461], [32.208933, 62.433912], [32.208869, 62.434212], [32.208633, 62.434663], [32.208204, 62.435349], [32.208054, 62.436143], [32.208075, 62.436358], [32.207925, 62.43698], [32.207624, 62.437259], [32.206788, 62.437753], [32.206337, 62.43816], [32.206358, 62.438611], [32.206294, 62.439662], [32.206509, 62.439984], [32.207195, 62.440692], [32.207603, 62.441057], [32.207968, 62.441508], [32.20859, 62.441787], [32.209577, 62.441937], [32.210478, 62.442237], [32.211272, 62.442688], [32.212002, 62.443632], [32.212517, 62.444383], [32.213547, 62.44625], [32.213676, 62.446636], [32.213676, 62.447087], [32.213547, 62.447537], [32.213311, 62.447966], [32.212903, 62.448353], [32.21271, 62.448481], [32.212173, 62.448696], [32.211058, 62.449018], [32.210414, 62.449297], [32.208569, 62.450928], [32.208161, 62.451807], [32.208139, 62.452258], [32.208161, 62.452644], [32.208075, 62.452966], [32.207925, 62.453116], [32.207732, 62.453245], [32.206831, 62.453588], [32.206079, 62.453932], [32.205457, 62.45464], [32.204084, 62.455477], [32.203054, 62.456185], [32.202796, 62.457043], [32.202174, 62.458116], [32.20211, 62.458567], [32.201209, 62.45994], [32.200822, 62.460348], [32.200393, 62.460605], [32.198526, 62.461335], [32.197797, 62.461935], [32.196252, 62.463523], [32.195565, 62.464339], [32.194857, 62.464811], [32.194085, 62.465218], [32.193806, 62.465605], [32.194149, 62.466163], [32.194879, 62.466957], [32.194964, 62.467107], [32.194964, 62.467214], [32.193763, 62.468373], [32.192904, 62.469381], [32.192111, 62.470004], [32.190094, 62.471377], [32.187712, 62.473887], [32.186832, 62.474896], [32.186553, 62.475132], [32.185716, 62.475733], [32.180545, 62.478887], [32.176082, 62.482299], [32.175395, 62.482857], [32.174773, 62.483522], [32.174322, 62.484745], [32.174215, 62.485131], [32.174193, 62.485474], [32.174515, 62.486783], [32.174794, 62.487513], [32.174859, 62.488135], [32.174365, 62.488693], [32.17415, 62.489079], [32.174172, 62.489444], [32.174408, 62.490388], [32.174344, 62.49041], [32.174515, 62.490817], [32.17488, 62.492513], [32.174987, 62.49277], [32.175309, 62.493135], [32.175631, 62.493392], [32.175931, 62.493693], [32.176167, 62.4941], [32.176189, 62.494208], [32.175974, 62.495066], [32.175803, 62.496032], [32.17576, 62.496654], [32.176189, 62.49719], [32.178034, 62.499873], [32.178142, 62.49998], [32.178614, 62.500302], [32.180073, 62.501246], [32.180309, 62.501525], [32.180309, 62.501718], [32.180051, 62.50219], [32.18003, 62.502941], [32.179601, 62.503392], [32.1793, 62.503842], [32.178936, 62.504529], [32.178978, 62.505173], [32.179966, 62.507812], [32.180137, 62.508391], [32.180545, 62.509378], [32.180566, 62.510022], [32.179257, 62.514957], [32.178399, 62.517983], [32.178292, 62.518155], [32.177197, 62.519506], [32.175073, 62.52206], [32.174451, 62.522961], [32.174065, 62.523326], [32.1737, 62.523776], [32.172734, 62.52515], [32.172284, 62.526029], [32.171919, 62.526566], [32.171125, 62.527296], [32.169902, 62.528004], [32.166962, 62.530192], [32.165503, 62.53148], [32.162177, 62.534269], [32.161319, 62.535063], [32.157714, 62.538153], [32.157542, 62.538711], [32.157478, 62.539312], [32.157199, 62.540642], [32.157435, 62.541114], [32.158486, 62.542359], [32.159087, 62.542788], [32.159688, 62.543131], [32.160096, 62.543496], [32.160589, 62.544075], [32.160804, 62.54444], [32.16089, 62.544826], [32.161426, 62.545213], [32.1634, 62.546243], [32.16398, 62.546693], [32.16398, 62.547079], [32.163443, 62.547573], [32.162113, 62.548367], [32.16134, 62.548775], [32.160332, 62.549397], [32.159817, 62.549461], [32.158894, 62.549375], [32.157843, 62.549483], [32.155311, 62.550126], [32.154324, 62.55047], [32.151083, 62.552015], [32.149903, 62.552616], [32.148916, 62.553388], [32.148594, 62.553688], [32.145805, 62.555834], [32.141728, 62.559246], [32.14044, 62.560254], [32.139217, 62.561499], [32.138853, 62.561971], [32.13823, 62.562658], [32.137672, 62.56343], [32.137522, 62.56358], [32.137093, 62.564224], [32.136492, 62.565318], [32.136106, 62.566112], [32.135977, 62.567743], [32.135891, 62.568258], [32.135462, 62.56888], [32.135291, 62.568988], [32.134583, 62.569782], [32.134261, 62.570297], [32.134175, 62.57079], [32.133939, 62.571219], [32.13396, 62.571262], [32.132329, 62.572915], [32.132029, 62.573344], [32.1316, 62.574052], [32.131149, 62.574996], [32.130484, 62.576047], [32.130355, 62.576326], [32.130184, 62.576841], [32.130291, 62.577764], [32.130441, 62.578429], [32.130742, 62.580339], [32.130892, 62.580747], [32.13087, 62.581219], [32.13057, 62.58197], [32.130463, 62.582485], [32.130441, 62.582957], [32.130291, 62.583236], [32.129755, 62.584738], [32.129626, 62.585339], [32.129325, 62.586197], [32.128489, 62.588922], [32.128295, 62.589609], [32.128274, 62.589995], [32.127845, 62.591604], [32.127845, 62.591797], [32.127587, 62.592291], [32.127416, 62.593171], [32.12718, 62.593943], [32.127094, 62.594458], [32.126987, 62.594673], [32.126922, 62.594909], [32.12675, 62.59523], [32.127287, 62.595982], [32.127566, 62.596432], [32.128016, 62.596883], [32.128703, 62.597205], [32.129626, 62.597548], [32.130184, 62.597827], [32.131342, 62.598299], [32.131621, 62.598363], [32.13278, 62.598964], [32.133231, 62.599286], [32.133767, 62.599994], [32.133939, 62.600316], [32.134239, 62.600638], [32.134819, 62.601432], [32.135269, 62.601646], [32.137372, 62.602161], [32.138059, 62.602462], [32.139003, 62.603427], [32.13911, 62.603749], [32.139024, 62.604007], [32.13881, 62.604307], [32.138595, 62.604822], [32.138123, 62.605251], [32.137866, 62.60538], [32.137651, 62.605552], [32.137157, 62.60611], [32.135398, 62.607247], [32.135376, 62.60744], [32.13587, 62.60892], [32.136299, 62.609307], [32.136728, 62.609543], [32.138016, 62.609993], [32.138917, 62.610101], [32.139625, 62.610058], [32.140119, 62.610272], [32.141234, 62.610959], [32.141621, 62.611367], [32.142457, 62.61186], [32.142565, 62.612161], [32.142543, 62.612697], [32.142586, 62.612955], [32.142972, 62.613577], [32.143616, 62.614092], [32.14559, 62.615208], [32.146406, 62.615572], [32.148079, 62.616109], [32.148487, 62.616388], [32.148616, 62.616624], [32.148616, 62.616838], [32.14853, 62.617031], [32.147865, 62.61789], [32.147393, 62.618362], [32.146449, 62.618662], [32.145998, 62.618877], [32.144796, 62.6198], [32.144646, 62.619971], [32.144475, 62.620937], [32.144517, 62.621151], [32.144453, 62.621688], [32.144475, 62.621924], [32.144839, 62.623104], [32.144796, 62.623426], [32.144925, 62.623941], [32.144882, 62.62437], [32.144603, 62.625228], [32.144024, 62.625786], [32.143917, 62.625936], [32.143809, 62.62628], [32.144067, 62.626709], [32.144217, 62.627095], [32.144303, 62.627438], [32.144174, 62.627846], [32.144045, 62.62864], [32.143723, 62.628962], [32.143144, 62.629284], [32.140913, 62.630292], [32.139947, 62.630764], [32.138531, 62.631344], [32.136364, 62.632438], [32.134819, 62.633597], [32.134304, 62.634026], [32.132351, 62.635206], [32.131729, 62.635657], [32.131514, 62.635979], [32.130098, 62.637288], [32.129647, 62.637867], [32.129433, 62.638081], [32.129068, 62.638425], [32.128124, 62.639111], [32.127802, 62.639519], [32.127544, 62.640549], [32.12733, 62.641107], [32.127459, 62.64203], [32.127802, 62.642352], [32.12881, 62.642802], [32.128939, 62.643253], [32.128789, 62.643789], [32.128274, 62.645184], [32.128274, 62.645763], [32.128124, 62.646772], [32.127974, 62.647115], [32.128038, 62.64733], [32.127952, 62.647501], [32.127952, 62.647931], [32.128124, 62.649325], [32.127931, 62.64984], [32.127416, 62.650613], [32.12718, 62.650849], [32.126107, 62.651493], [32.125914, 62.651664], [32.124369, 62.652544], [32.123725, 62.652973], [32.123425, 62.653123], [32.123274, 62.653445], [32.123489, 62.653831], [32.123854, 62.654282], [32.124218, 62.654861], [32.124583, 62.655333], [32.125592, 62.656127], [32.125914, 62.656557], [32.125957, 62.65675], [32.125935, 62.656857], [32.125484, 62.657308], [32.125291, 62.657672], [32.125313, 62.657908], [32.125506, 62.658252], [32.125141, 62.658531], [32.124197, 62.658831], [32.123746, 62.659024], [32.123124, 62.659196], [32.122845, 62.659346], [32.122459, 62.659861], [32.122116, 62.66014], [32.120571, 62.661728], [32.119948, 62.662307], [32.119219, 62.662758], [32.119133, 62.663144], [32.119669, 62.664238], [32.119712, 62.664496], [32.119369, 62.664882], [32.11821, 62.66544], [32.117009, 62.665676], [32.116301, 62.665998], [32.116129, 62.666105], [32.115764, 62.666556], [32.115292, 62.666899], [32.114756, 62.667736], [32.113704, 62.668895], [32.113597, 62.669131], [32.113597, 62.669217], [32.114112, 62.670676], [32.114048, 62.67089], [32.11364, 62.671384], [32.112717, 62.671834], [32.112717, 62.672199], [32.112932, 62.67265], [32.112996, 62.672864], [32.112932, 62.673122], [32.112803, 62.673315], [32.112803, 62.673572], [32.113039, 62.674002], [32.113339, 62.67486], [32.113382, 62.675611], [32.113575, 62.676362], [32.115206, 62.678336], [32.115528, 62.678808], [32.116322, 62.679838], [32.116344, 62.680267], [32.116172, 62.680782], [32.115507, 62.681984], [32.11497, 62.682392], [32.114455, 62.682606], [32.114155, 62.682671], [32.113683, 62.682713], [32.11261, 62.682585], [32.10761, 62.681812], [32.106924, 62.681812], [32.105529, 62.682113], [32.104649, 62.682349], [32.102053, 62.683164], [32.101581, 62.683357], [32.100508, 62.684065], [32.099263, 62.68443], [32.098512, 62.684602], [32.097547, 62.684945], [32.097332, 62.685095], [32.097032, 62.685374], [32.096967, 62.685524], [32.096602, 62.685803], [32.095894, 62.686125], [32.094199, 62.686747], [32.092869, 62.687134], [32.092096, 62.687413], [32.090251, 62.688614], [32.089436, 62.689237], [32.089264, 62.689473], [32.089178, 62.689709], [32.089157, 62.689988], [32.088878, 62.691447], [32.088835, 62.691575], [32.088642, 62.691854], [32.08847, 62.691983], [32.08744, 62.692391], [32.087032, 62.692627], [32.08611, 62.693013], [32.085659, 62.693249], [32.085123, 62.693657], [32.084929, 62.693936], [32.084329, 62.694429], [32.084178, 62.694601], [32.08244, 62.696017], [32.082183, 62.696361], [32.081925, 62.696918], [32.081754, 62.697455], [32.081754, 62.697755], [32.081668, 62.698099], [32.081668, 62.698335], [32.081604, 62.698442], [32.081432, 62.698592], [32.080874, 62.698957], [32.080831, 62.699107], [32.080895, 62.699579], [32.080981, 62.699772], [32.08096, 62.700738], [32.081024, 62.701274], [32.081818, 62.702454], [32.082312, 62.702648], [32.083106, 62.703163], [32.083385, 62.70342], [32.083427, 62.703549], [32.083449, 62.703978], [32.08317, 62.704708], [32.082591, 62.705351], [32.082548, 62.705866], [32.082569, 62.706295], [32.082784, 62.706853], [32.082977, 62.70769], [32.082762, 62.707948], [32.08244, 62.708205], [32.080938, 62.708978], [32.08023, 62.709578], [32.079737, 62.709772], [32.077999, 62.710158], [32.077698, 62.710308], [32.077527, 62.710437], [32.074201, 62.715479], [32.074029, 62.715694], [32.073085, 62.716638], [32.073042, 62.716767], [32.073063, 62.71696], [32.073278, 62.71741], [32.073729, 62.717904], [32.074201, 62.71829], [32.074329, 62.718483], [32.074351, 62.71887], [32.074115, 62.719878], [32.074115, 62.720071], [32.074372, 62.720436], [32.07493, 62.720822], [32.075617, 62.721058], [32.077012, 62.721316], [32.077913, 62.721445], [32.078557, 62.721638], [32.078943, 62.721895], [32.079265, 62.722346], [32.079308, 62.722496], [32.079265, 62.722689], [32.079372, 62.723247], [32.079286, 62.723311], [32.079522, 62.72344], [32.079908, 62.723419], [32.080702, 62.72329], [32.083427, 62.723097], [32.084651, 62.722839], [32.087419, 62.721831], [32.090187, 62.72093], [32.092933, 62.720157], [32.09716, 62.718805], [32.098233, 62.718526], [32.098856, 62.71829], [32.100744, 62.717754], [32.103254, 62.717582], [32.10437, 62.717453], [32.105958, 62.717368], [32.106494, 62.717389], [32.114112, 62.716831], [32.116622, 62.716617], [32.118554, 62.716531], [32.120013, 62.716381], [32.122824, 62.715479], [32.128875, 62.713698], [32.131342, 62.712883], [32.132008, 62.712754], [32.132887, 62.712776], [32.135012, 62.713076], [32.139647, 62.713548], [32.139797, 62.713591], [32.140955, 62.713505], [32.142694, 62.713183], [32.143723, 62.712904], [32.144753, 62.712454], [32.146513, 62.711402], [32.147264, 62.710887], [32.149045, 62.709772], [32.149453, 62.709578], [32.150161, 62.709171], [32.151041, 62.708785], [32.151577, 62.708656], [32.151963, 62.708613], [32.152457, 62.708613], [32.157349, 62.709149], [32.158637, 62.709235], [32.159109, 62.709214], [32.162349, 62.708699], [32.162928, 62.708677], [32.165246, 62.708849], [32.166748, 62.709085], [32.169022, 62.709342], [32.171447, 62.709686], [32.171876, 62.709879], [32.172648, 62.710415], [32.172927, 62.71048], [32.173914, 62.71048], [32.176339, 62.710694], [32.177112, 62.711059], [32.176983, 62.711874], [32.17812, 62.712196], [32.180309, 62.712647], [32.181146, 62.713055], [32.181296, 62.713291], [32.181446, 62.713419], [32.182068, 62.714385], [32.182626, 62.715436], [32.18224, 62.715973], [32.182154, 62.715973], [32.182047, 62.71608], [32.182004, 62.716187], [32.182025, 62.716252], [32.18209, 62.716295], [32.182176, 62.716295], [32.182111, 62.716252], [32.182176, 62.716209], [32.182111, 62.716123], [32.18224, 62.716187], [32.182261, 62.716166], [32.182133, 62.716144], [32.182154, 62.716295], [32.182111, 62.716445], [32.18224, 62.716338], [32.182111, 62.716252], [32.182111, 62.716402], [32.182197, 62.716359], [32.182197, 62.716295], [32.182111, 62.716209], [32.182283, 62.716295], [32.182068, 62.716187], [32.181854, 62.716209], [32.181961, 62.71623], [32.181961, 62.716445], [32.182691, 62.716681], [32.182991, 62.716745], [32.183549, 62.716788], [32.1843, 62.71696], [32.185094, 62.717389], [32.187325, 62.718398], [32.188012, 62.718784], [32.18857, 62.719299], [32.188999, 62.719814], [32.189536, 62.720307], [32.190244, 62.721208], [32.190523, 62.721402], [32.191231, 62.721638], [32.191445, 62.721659], [32.192626, 62.722067], [32.193183, 62.722196], [32.193591, 62.722346], [32.194085, 62.722474], [32.195372, 62.722968], [32.196466, 62.723204], [32.197239, 62.723226], [32.198398, 62.723097], [32.198805, 62.722968], [32.199406, 62.722517], [32.200093, 62.722067], [32.201015, 62.721681], [32.201917, 62.721466], [32.203698, 62.721144], [32.205178, 62.720651], [32.206444, 62.7199], [32.208011, 62.718848], [32.210586, 62.71741], [32.210822, 62.717325], [32.211144, 62.71726], [32.21153, 62.717282], [32.213096, 62.717604], [32.21374, 62.717947], [32.214255, 62.718505], [32.214384, 62.718591], [32.215435, 62.719149], [32.216036, 62.719342], [32.217817, 62.719621], [32.218117, 62.719792], [32.21816, 62.719857], [32.21816, 62.719964], [32.218096, 62.720071], [32.216787, 62.720758], [32.216422, 62.721123], [32.215971, 62.722196], [32.2158, 62.723097], [32.215392, 62.723612], [32.215306, 62.723848], [32.215542, 62.724255], [32.215757, 62.724427], [32.21625, 62.724685], [32.216723, 62.725243], [32.217066, 62.725479], [32.218332, 62.726637], [32.219126, 62.727603], [32.219984, 62.728161], [32.220177, 62.728418], [32.22037, 62.728847], [32.220435, 62.729384], [32.220563, 62.729577], [32.222023, 62.730864], [32.223417, 62.732624], [32.22404, 62.733139], [32.224791, 62.733568], [32.226035, 62.734083], [32.226872, 62.734512], [32.228202, 62.734856], [32.228803, 62.735049], [32.229554, 62.73522], [32.233073, 62.735499], [32.23406, 62.7358], [32.236506, 62.736207], [32.237708, 62.73625], [32.239553, 62.736164], [32.241871, 62.736036], [32.243073, 62.735821], [32.243437, 62.735821], [32.243695, 62.735864], [32.243888, 62.73595], [32.243974, 62.736036], [32.243974, 62.736143], [32.243824, 62.736637], [32.243588, 62.737709], [32.243931, 62.738267], [32.244339, 62.738782], [32.244811, 62.739576], [32.245261, 62.740241], [32.245368, 62.740327], [32.246356, 62.740628], [32.247042, 62.740756], [32.248179, 62.740864], [32.250583, 62.740756], [32.25172, 62.740628], [32.253265, 62.740756], [32.253952, 62.740885], [32.254509, 62.741057], [32.254767, 62.741229], [32.254767, 62.7414], [32.25466, 62.741615], [32.254617, 62.742108], [32.254982, 62.74316], [32.255067, 62.74331], [32.25526, 62.743503], [32.256634, 62.744383], [32.257599, 62.745456], [32.258093, 62.746121], [32.258737, 62.746571], [32.25923, 62.7467], [32.260625, 62.746936], [32.262728, 62.747451], [32.263801, 62.747559], [32.264573, 62.74773], [32.265989, 62.747945], [32.267921, 62.748352], [32.270474, 62.748782], [32.271568, 62.749039], [32.272706, 62.749232], [32.274379, 62.749447], [32.276353, 62.749983], [32.277855, 62.750262], [32.279379, 62.750434], [32.281353, 62.750756], [32.282941, 62.750949], [32.284293, 62.751099], [32.28616, 62.751185], [32.287061, 62.751357], [32.288498, 62.751464], [32.289249, 62.751593], [32.290473, 62.751914], [32.290902, 62.752065], [32.291288, 62.752258], [32.291653, 62.752644], [32.291953, 62.753266], [32.292103, 62.75406], [32.292468, 62.754575], [32.29264, 62.754725], [32.293069, 62.754983], [32.293605, 62.755197], [32.293949, 62.755433], [32.294034, 62.755541], [32.294378, 62.755798], [32.294743, 62.756227], [32.295086, 62.756957], [32.295322, 62.757279], [32.296073, 62.757923], [32.296803, 62.758266], [32.297275, 62.758395], [32.298433, 62.758566], [32.301266, 62.759081], [32.307102, 62.759382], [32.30884, 62.75936], [32.310256, 62.759425], [32.313218, 62.759704], [32.314484, 62.759768], [32.314977, 62.759704], [32.316758, 62.759274], [32.320578, 62.758202], [32.325277, 62.757086], [32.328624, 62.756764], [32.32959, 62.756721], [32.33107, 62.756506], [32.333045, 62.756056], [32.335405, 62.755584], [32.336821, 62.755348], [32.3368, 62.755391], [32.336907, 62.755326], [32.336821, 62.755326], [32.336885, 62.755476], [32.336821, 62.755519], [32.3368, 62.755584], [32.336778, 62.755326], [32.336714, 62.755412], [32.336757, 62.755433], [32.337465, 62.755369], [32.337293, 62.755326], [32.337529, 62.755391], [32.337465, 62.755412], [32.337508, 62.755391], [32.337422, 62.755412], [32.338731, 62.75509], [32.339332, 62.755069], [32.340126, 62.755133], [32.343881, 62.75567], [32.346026, 62.75612], [32.347142, 62.756163], [32.34873, 62.75612], [32.349031, 62.756163], [32.349953, 62.756163], [32.351284, 62.756034], [32.351863, 62.755755], [32.352399, 62.755412], [32.352743, 62.755283], [32.353601, 62.755219], [32.356455, 62.755305], [32.357506, 62.755262], [32.358171, 62.75509], [32.358472, 62.754919], [32.359201, 62.75421], [32.360124, 62.753846], [32.360146, 62.753717], [32.361218, 62.753524], [32.363901, 62.753502], [32.365338, 62.753223], [32.366325, 62.752966], [32.366991, 62.752687], [32.367377, 62.752451], [32.368192, 62.751807], [32.368364, 62.751721], [32.371196, 62.750563], [32.372248, 62.750262], [32.372849, 62.750198], [32.373685, 62.749962], [32.374286, 62.749683], [32.375896, 62.748631], [32.376689, 62.748245], [32.377162, 62.748095], [32.377998, 62.747623], [32.378964, 62.747451], [32.379264, 62.74743], [32.380294, 62.747644], [32.381711, 62.748224], [32.382226, 62.74876], [32.382419, 62.749039], [32.382826, 62.749447], [32.383835, 62.750219], [32.385015, 62.750906], [32.38641, 62.75185], [32.387483, 62.752322], [32.387847, 62.752537], [32.38847, 62.753245], [32.388834, 62.753781], [32.389349, 62.754404], [32.389736, 62.755047], [32.390272, 62.755455], [32.390637, 62.756013], [32.390658, 62.756077], [32.390573, 62.756614], [32.390465, 62.756764], [32.390272, 62.757343], [32.390358, 62.75833], [32.391023, 62.759661], [32.391302, 62.760068], [32.391624, 62.760626], [32.391989, 62.761055], [32.392482, 62.761785], [32.392869, 62.762257], [32.392976, 62.762793], [32.393298, 62.763308], [32.393426, 62.763781], [32.393727, 62.764317], [32.3948, 62.764574], [32.395079, 62.764574], [32.39628, 62.764424], [32.39701, 62.764188], [32.397654, 62.763845], [32.397954, 62.763738], [32.398233, 62.763523], [32.400207, 62.762751], [32.400786, 62.7626], [32.402353, 62.762429], [32.403297, 62.762236], [32.405078, 62.761399], [32.406537, 62.759983], [32.40731, 62.759167], [32.40791, 62.758717], [32.408769, 62.758459], [32.409627, 62.758266], [32.410271, 62.75818], [32.411258, 62.758116], [32.411901, 62.757965], [32.413597, 62.75788], [32.414777, 62.757729], [32.41497, 62.757665], [32.416386, 62.757515], [32.416858, 62.757408], [32.417888, 62.757129], [32.419991, 62.756313], [32.420613, 62.756034], [32.421793, 62.755627], [32.422394, 62.755305], [32.422931, 62.755069], [32.424476, 62.754725], [32.424883, 62.754597], [32.42587, 62.754425], [32.426557, 62.75421], [32.427995, 62.753502], [32.428424, 62.753245], [32.42896, 62.75303], [32.430076, 62.752901], [32.431342, 62.752859], [32.431707, 62.752901], [32.433102, 62.753266], [32.433745, 62.753545], [32.436084, 62.75421], [32.438702, 62.754575], [32.440226, 62.754854], [32.440741, 62.754833], [32.442607, 62.754597], [32.443788, 62.75464], [32.444346, 62.754811], [32.44471, 62.754983], [32.445139, 62.755197], [32.445569, 62.755498], [32.447543, 62.756463], [32.448036, 62.756571], [32.448616, 62.756635], [32.449646, 62.756657], [32.453079, 62.756635], [32.455031, 62.756206], [32.456018, 62.756034], [32.458658, 62.755777], [32.461018, 62.755863], [32.46134, 62.755906], [32.462606, 62.756206], [32.463378, 62.756227], [32.464602, 62.756163], [32.465782, 62.755948], [32.467563, 62.75524], [32.467992, 62.755026], [32.468721, 62.754575], [32.469086, 62.754189], [32.469859, 62.753803], [32.471747, 62.753095], [32.473914, 62.752193], [32.475287, 62.751743], [32.476468, 62.751657], [32.47842, 62.7517], [32.479322, 62.751786], [32.480416, 62.751829], [32.482368, 62.751807], [32.484943, 62.751593], [32.486145, 62.751399], [32.490458, 62.751421], [32.491273, 62.751271], [32.493398, 62.75052], [32.499234, 62.749168], [32.500951, 62.748889], [32.502238, 62.748782], [32.504298, 62.74846], [32.506616, 62.748181], [32.508182, 62.747837], [32.509148, 62.747816], [32.512216, 62.74788], [32.513289, 62.747859], [32.516787, 62.747945], [32.520864, 62.74788], [32.521615, 62.747945], [32.522816, 62.747945], [32.524039, 62.748009], [32.526121, 62.748052], [32.534918, 62.748009], [32.535734, 62.748052], [32.536249, 62.748116], [32.539725, 62.748095], [32.541763, 62.747923], [32.545025, 62.747365], [32.547943, 62.746507], [32.549617, 62.745885], [32.550561, 62.74537], [32.551655, 62.744619], [32.553844, 62.74361], [32.55644, 62.742795], [32.558093, 62.74213], [32.558543, 62.741915], [32.559123, 62.741443], [32.559723, 62.740778], [32.560131, 62.740005], [32.560474, 62.739662], [32.561826, 62.739083], [32.562449, 62.738632], [32.563221, 62.737967], [32.56365, 62.737516], [32.564079, 62.736894], [32.563779, 62.736358], [32.562899, 62.735671], [32.562191, 62.735199], [32.559552, 62.733697], [32.558822, 62.733053], [32.558608, 62.73271], [32.558436, 62.732173], [32.558457, 62.731937], [32.558629, 62.73168], [32.558887, 62.731465], [32.559487, 62.731079], [32.559874, 62.730736], [32.561054, 62.729899], [32.561848, 62.729491], [32.563521, 62.72829], [32.564358, 62.727624], [32.565388, 62.727088], [32.566354, 62.726423], [32.566933, 62.726079], [32.567749, 62.72535], [32.567899, 62.725007], [32.567963, 62.724728], [32.568006, 62.723719], [32.568628, 62.722711], [32.569057, 62.722174], [32.569272, 62.722045], [32.56998, 62.721745], [32.571225, 62.721101], [32.572684, 62.720522], [32.573757, 62.720007], [32.574744, 62.719728], [32.578456, 62.71887], [32.58013, 62.718505], [32.582297, 62.718097], [32.583928, 62.717711], [32.584829, 62.717346], [32.584807, 62.717325], [32.584958, 62.717325], [32.589249, 62.71593], [32.59118, 62.715393], [32.591996, 62.715007], [32.592253, 62.714685], [32.592425, 62.714127], [32.592661, 62.713698], [32.59279, 62.713162], [32.593004, 62.712776], [32.594099, 62.711917], [32.594935, 62.710952], [32.595257, 62.710501], [32.59545, 62.710008], [32.595322, 62.70945], [32.595214, 62.70827], [32.594957, 62.707669], [32.594957, 62.707476], [32.595257, 62.706939], [32.596137, 62.705952], [32.596609, 62.705265], [32.597081, 62.704772], [32.597403, 62.7043], [32.59751, 62.703999], [32.59751, 62.703828], [32.597446, 62.703484], [32.597339, 62.702176], [32.59751, 62.700931], [32.597467, 62.700523], [32.597596, 62.700287], [32.598776, 62.699622], [32.599334, 62.699129], [32.600064, 62.698656], [32.600536, 62.698163], [32.600815, 62.697605], [32.601158, 62.697133], [32.601845, 62.696639], [32.602145, 62.696554], [32.602424, 62.696382], [32.602961, 62.695931], [32.60339, 62.695052], [32.603712, 62.694537], [32.603776, 62.694279], [32.603712, 62.6937], [32.603926, 62.693163], [32.604248, 62.692627], [32.604162, 62.692048], [32.604034, 62.691661], [32.603626, 62.690932], [32.603712, 62.690653], [32.603969, 62.690138], [32.604119, 62.689945], [32.604591, 62.689516], [32.605814, 62.688679], [32.606995, 62.687627], [32.608711, 62.686898], [32.60972, 62.686619], [32.610921, 62.686469], [32.611587, 62.686469], [32.612037, 62.686426], [32.612788, 62.686232], [32.613775, 62.686061], [32.614955, 62.685954], [32.615728, 62.686018], [32.616415, 62.686232], [32.617251, 62.686404], [32.618882, 62.686876], [32.621178, 62.687456], [32.622423, 62.687863], [32.623624, 62.688035], [32.625041, 62.68782], [32.626135, 62.687606], [32.627744, 62.687391], [32.629311, 62.687091], [32.629954, 62.687026], [32.634654, 62.686941], [32.637207, 62.686683], [32.643988, 62.686833], [32.646305, 62.686855], [32.647528, 62.686941], [32.648794, 62.687155], [32.649374, 62.687434], [32.649931, 62.687992], [32.650275, 62.688421], [32.650768, 62.688872], [32.651863, 62.689322], [32.652635, 62.68958], [32.653858, 62.689623], [32.656304, 62.689558], [32.660124, 62.689623], [32.661154, 62.689687], [32.661948, 62.689816], [32.662935, 62.690095], [32.664566, 62.690867], [32.664866, 62.690975], [32.666411, 62.691211], [32.666904, 62.691382], [32.667162, 62.691533], [32.66772, 62.692026], [32.668256, 62.69267], [32.668643, 62.69297], [32.668728, 62.69312], [32.668771, 62.693335], [32.668943, 62.693571], [32.669029, 62.69385], [32.669308, 62.694258], [32.669909, 62.694708], [32.672205, 62.695738], [32.672998, 62.696146], [32.673921, 62.696511], [32.675123, 62.696682], [32.677183, 62.696897], [32.677655, 62.697004], [32.678964, 62.697433], [32.680294, 62.698184], [32.681689, 62.699365], [32.682762, 62.700094], [32.68332, 62.700609], [32.683641, 62.701167], [32.684006, 62.701703], [32.684435, 62.702197], [32.685937, 62.703635], [32.68641, 62.704171], [32.687096, 62.705244], [32.687397, 62.705394], [32.687954, 62.705523], [32.689156, 62.705501], [32.690315, 62.705416], [32.691345, 62.70518], [32.692461, 62.705008], [32.694714, 62.704772], [32.695894, 62.704729], [32.697417, 62.705029], [32.697868, 62.705265], [32.698404, 62.705802], [32.699241, 62.70651], [32.69967, 62.707004], [32.699992, 62.707433], [32.700336, 62.708055], [32.700357, 62.708141], [32.700314, 62.708441], [32.699906, 62.709149], [32.699391, 62.709922], [32.699005, 62.710329], [32.697997, 62.711166], [32.69746, 62.711424], [32.696795, 62.711617], [32.695808, 62.71196], [32.695486, 62.712153], [32.695121, 62.71254], [32.694757, 62.713012], [32.694671, 62.713205], [32.694757, 62.713763], [32.695164, 62.714535], [32.695143, 62.714836], [32.694928, 62.715093], [32.694134, 62.715694], [32.693533, 62.716209], [32.693061, 62.716874], [32.692954, 62.717432], [32.693169, 62.717883], [32.693405, 62.718204], [32.693662, 62.71844], [32.693855, 62.718548], [32.698962, 62.71947], [32.70291, 62.720093], [32.704627, 62.720543], [32.70585, 62.721144], [32.706301, 62.721294], [32.707417, 62.721466], [32.708661, 62.721552], [32.711386, 62.721251], [32.711622, 62.721187], [32.712416, 62.721101], [32.713317, 62.720887], [32.713661, 62.720694], [32.713768, 62.720565], [32.713983, 62.719964], [32.71409, 62.719814], [32.714648, 62.71932], [32.715034, 62.719106], [32.715528, 62.718955], [32.716128, 62.71887], [32.717566, 62.718848], [32.717909, 62.718805], [32.718639, 62.718569], [32.71939, 62.718119], [32.719883, 62.717904], [32.720849, 62.717668], [32.721192, 62.717647], [32.721836, 62.717711], [32.722845, 62.717883], [32.723875, 62.71799], [32.724947, 62.717904], [32.726192, 62.717711], [32.726771, 62.717754], [32.727115, 62.717861], [32.728746, 62.718612], [32.729604, 62.718934], [32.730612, 62.719299], [32.731278, 62.719406], [32.737028, 62.718913], [32.737565, 62.718784], [32.738423, 62.718355], [32.738874, 62.718269], [32.739539, 62.718269], [32.74132, 62.718462], [32.742865, 62.718784], [32.74383, 62.719084], [32.746706, 62.720329], [32.749044, 62.721187], [32.749688, 62.72138], [32.752349, 62.721981], [32.752928, 62.722367], [32.753036, 62.722474], [32.753057, 62.722603], [32.752885, 62.723054], [32.752327, 62.723955], [32.752006, 62.724663], [32.751212, 62.725972], [32.751169, 62.726079], [32.75119, 62.72623], [32.751255, 62.726337], [32.751448, 62.726487], [32.751855, 62.726616], [32.754409, 62.727195], [32.756147, 62.727817], [32.758035, 62.728397], [32.758293, 62.728654], [32.758507, 62.729384], [32.758786, 62.729877], [32.759194, 62.730757], [32.759387, 62.731015], [32.759795, 62.731272], [32.760181, 62.731444], [32.762262, 62.732195], [32.763099, 62.732452], [32.763979, 62.732645], [32.764601, 62.732731], [32.765674, 62.732774], [32.767176, 62.732753], [32.768957, 62.732839], [32.769665, 62.732903], [32.770137, 62.733075], [32.770352, 62.733225], [32.770652, 62.733547], [32.770931, 62.73389], [32.771275, 62.734426], [32.772262, 62.735671], [32.772755, 62.736229], [32.773399, 62.737194], [32.773978, 62.737795], [32.774021, 62.737945], [32.774536, 62.738568], [32.775244, 62.739684], [32.776038, 62.740756], [32.776467, 62.741422], [32.777068, 62.741894], [32.781446, 62.743117], [32.783334, 62.743696], [32.78445, 62.743975], [32.785673, 62.744361], [32.789042, 62.745284], [32.78975, 62.74552], [32.79196, 62.746121], [32.792453, 62.746271], [32.792711, 62.746421], [32.792797, 62.746507], [32.792797, 62.74685], [32.792561, 62.747902], [32.792453, 62.748588], [32.79211, 62.749275], [32.792067, 62.74949], [32.792089, 62.749812], [32.792239, 62.750069], [32.792453, 62.750305], [32.794385, 62.752193], [32.795672, 62.753738], [32.796037, 62.754404], [32.796809, 62.756056], [32.797174, 62.756571], [32.797474, 62.757408], [32.797904, 62.758159], [32.798075, 62.758588], [32.798955, 62.760283], [32.799234, 62.760669], [32.79947, 62.760798], [32.800071, 62.761034], [32.800328, 62.76127], [32.8005, 62.762321], [32.800543, 62.762901], [32.8005, 62.763459], [32.800564, 62.763823], [32.800629, 62.763909], [32.800607, 62.764446], [32.80065, 62.765175], [32.800865, 62.766677], [32.800886, 62.767257], [32.801015, 62.767986], [32.801058, 62.76863], [32.801165, 62.769274], [32.801144, 62.76981], [32.801272, 62.770025], [32.801702, 62.770325], [32.802023, 62.770454], [32.804019, 62.771076], [32.804277, 62.771291], [32.804319, 62.771398], [32.804212, 62.771827], [32.804062, 62.772192], [32.803783, 62.773115], [32.803568, 62.773351], [32.803075, 62.773608], [32.798569, 62.775625], [32.798333, 62.77569], [32.798011, 62.775861], [32.797045, 62.776226], [32.796702, 62.776398], [32.796316, 62.776719], [32.795951, 62.777234], [32.795457, 62.777792], [32.795157, 62.778329], [32.795071, 62.778758], [32.795007, 62.779445], [32.794578, 62.781741], [32.794556, 62.781955], [32.794621, 62.782492], [32.794578, 62.782535], [32.794578, 62.78262], [32.794277, 62.783564], [32.794213, 62.784101], [32.794234, 62.784316], [32.794084, 62.785002], [32.794127, 62.785281], [32.794342, 62.78556], [32.794814, 62.78586], [32.796273, 62.786483], [32.79726, 62.786955], [32.797432, 62.787084], [32.79756, 62.787255], [32.797582, 62.787384], [32.797539, 62.787577], [32.797346, 62.787856], [32.797045, 62.788135], [32.795844, 62.788993], [32.795522, 62.789315], [32.795307, 62.789701], [32.794878, 62.790967], [32.794599, 62.791397], [32.793762, 62.791976], [32.792539, 62.792705], [32.792303, 62.792899], [32.792131, 62.793092], [32.792024, 62.793328], [32.792003, 62.793929], [32.792046, 62.793971], [32.792046, 62.794057], [32.791745, 62.794658], [32.791574, 62.795259], [32.791574, 62.795431], [32.791445, 62.795667], [32.791123, 62.796546], [32.791144, 62.796632], [32.790951, 62.796976], [32.790844, 62.797276], [32.790587, 62.798692], [32.790393, 62.799057], [32.790007, 62.799422], [32.78975, 62.799615], [32.787711, 62.80058], [32.787411, 62.800816], [32.787196, 62.801052], [32.786831, 62.801632], [32.785608, 62.804271], [32.785608, 62.804529], [32.785523, 62.804722], [32.785501, 62.805001], [32.785608, 62.805559], [32.785694, 62.80573], [32.785801, 62.806202], [32.785952, 62.806417], [32.786016, 62.806674], [32.785995, 62.80676], [32.786552, 62.808091], [32.786552, 62.80837], [32.78651, 62.808541], [32.786274, 62.808885], [32.786102, 62.809056], [32.785415, 62.809507], [32.783505, 62.810923], [32.782304, 62.811738], [32.782025, 62.811953], [32.781767, 62.812253], [32.781488, 62.812661], [32.781338, 62.813026], [32.781188, 62.813455], [32.78121, 62.813519], [32.780909, 62.814399], [32.780823, 62.814807], [32.780437, 62.815944], [32.780287, 62.816202], [32.780072, 62.816738], [32.779622, 62.817232], [32.779107, 62.817661], [32.778077, 62.818326], [32.772862, 62.821137], [32.772455, 62.821459], [32.772133, 62.821909], [32.772026, 62.822317], [32.772133, 62.822896], [32.772004, 62.824227], [32.772111, 62.824484], [32.772433, 62.82472], [32.77297, 62.824956], [32.77342, 62.825085], [32.77606, 62.8253], [32.778849, 62.825664], [32.77915, 62.82575], [32.779471, 62.825943], [32.779793, 62.826265], [32.779793, 62.826373], [32.7796, 62.826823], [32.779493, 62.827188], [32.778999, 62.828304], [32.778935, 62.828583], [32.778635, 62.829184], [32.778377, 62.829441], [32.778141, 62.82957], [32.776596, 62.829935], [32.776188, 62.830085], [32.775094, 62.830364], [32.773399, 62.830664], [32.772734, 62.830857], [32.772476, 62.830879], [32.771382, 62.831265], [32.770588, 62.831458], [32.769665, 62.831737], [32.769408, 62.831844], [32.769322, 62.83193], [32.768957, 62.832123], [32.768721, 62.832338], [32.768464, 62.832638], [32.768442, 62.832767], [32.767949, 62.833754], [32.767756, 62.834419], [32.767734, 62.834612], [32.767756, 62.834827], [32.767841, 62.835041], [32.768142, 62.835449], [32.768979, 62.836415], [32.769386, 62.837144], [32.769451, 62.837509], [32.769429, 62.837702], [32.769322, 62.837981], [32.769236, 62.838754], [32.769129, 62.83929], [32.769, 62.839676], [32.769129, 62.840041], [32.769107, 62.84017], [32.769172, 62.840427], [32.769858, 62.841414], [32.770052, 62.841608], [32.770009, 62.841908], [32.76988, 62.842208], [32.769558, 62.842702], [32.768914, 62.843517], [32.768528, 62.843903], [32.768421, 62.844075], [32.767541, 62.845105], [32.767391, 62.845427], [32.767112, 62.845792], [32.766726, 62.846157], [32.766597, 62.846371], [32.765975, 62.847079], [32.765524, 62.84768], [32.764945, 62.848302], [32.763722, 62.849955], [32.763464, 62.850212], [32.762026, 62.852036], [32.761619, 62.852422], [32.761275, 62.852937], [32.761254, 62.853152], [32.761318, 62.85328], [32.762241, 62.854074], [32.762305, 62.854246], [32.762262, 62.854611], [32.762177, 62.854933], [32.761941, 62.855383], [32.76179, 62.855834], [32.761383, 62.856585], [32.761147, 62.857336], [32.761018, 62.857551], [32.760589, 62.858731], [32.760396, 62.859417], [32.760117, 62.859696], [32.759795, 62.859911], [32.75913, 62.86019], [32.758314, 62.860426], [32.755696, 62.860941], [32.755439, 62.860898], [32.751147, 62.861027], [32.748658, 62.861177], [32.747714, 62.861349], [32.746169, 62.861821], [32.745504, 62.861864], [32.74486, 62.861821], [32.744109, 62.861649], [32.742865, 62.861134], [32.741513, 62.860469], [32.740848, 62.860276], [32.740333, 62.860168], [32.739732, 62.860125], [32.738251, 62.86004], [32.737908, 62.860083], [32.737629, 62.860168], [32.737414, 62.860297], [32.737135, 62.86049], [32.737028, 62.86064], [32.736964, 62.860855], [32.73705, 62.86137], [32.736921, 62.861585], [32.736642, 62.862464], [32.736234, 62.862872], [32.735591, 62.863172], [32.734174, 62.863366], [32.734046, 62.86328], [32.732951, 62.863387], [32.731814, 62.863408], [32.730269, 62.863516], [32.726578, 62.864288], [32.725806, 62.864353], [32.725184, 62.864267], [32.72469, 62.864245], [32.724518, 62.864267], [32.724454, 62.86431], [32.724218, 62.864267], [32.723295, 62.864331], [32.722351, 62.864438], [32.721364, 62.86476], [32.721149, 62.864868], [32.720849, 62.865125], [32.72057, 62.865447], [32.720313, 62.865876], [32.720034, 62.866219], [32.719905, 62.866541], [32.71969, 62.866906], [32.719712, 62.867013], [32.719454, 62.86755], [32.719454, 62.867764], [32.719369, 62.867893], [32.719347, 62.868], [32.718854, 62.868451], [32.718532, 62.868859], [32.718381, 62.868987], [32.717974, 62.869159], [32.7163, 62.869846], [32.715742, 62.870017], [32.715227, 62.870125], [32.71424, 62.870189], [32.712652, 62.870082], [32.71173, 62.87006], [32.710185, 62.870253], [32.708962, 62.87049], [32.706687, 62.871069], [32.706365, 62.871112], [32.705614, 62.871348], [32.705614, 62.871713], [32.705807, 62.872507], [32.706129, 62.873408], [32.706644, 62.874159], [32.707095, 62.874738], [32.707181, 62.875167], [32.707116, 62.875983], [32.70703, 62.876369], [32.706923, 62.876669], [32.706129, 62.877292], [32.705786, 62.877506], [32.705357, 62.877656], [32.705013, 62.877721], [32.704048, 62.877785], [32.703661, 62.877892], [32.702868, 62.878279], [32.702395, 62.878558], [32.702181, 62.879008], [32.702074, 62.879352], [32.701559, 62.880382], [32.701172, 62.881369], [32.700979, 62.881776], [32.700851, 62.882205], [32.700743, 62.882356], [32.700486, 62.882527], [32.70025, 62.882613], [32.699155, 62.882828], [32.697846, 62.883192], [32.695894, 62.883514], [32.69495, 62.883514], [32.69334, 62.883665], [32.693147, 62.883643], [32.692289, 62.883772], [32.69186, 62.883793], [32.691237, 62.88375], [32.690916, 62.883622], [32.69025, 62.883192], [32.689757, 62.882935], [32.687976, 62.88212], [32.687075, 62.881776], [32.685616, 62.881497], [32.683577, 62.881197], [32.679779, 62.880746], [32.679092, 62.88051], [32.678277, 62.880081], [32.677161, 62.879394], [32.676689, 62.879244], [32.676131, 62.879158], [32.672119, 62.878987], [32.669286, 62.878879], [32.668621, 62.878901], [32.668042, 62.878965], [32.666776, 62.879244], [32.665939, 62.879523], [32.664673, 62.879888], [32.660296, 62.880918], [32.658386, 62.881454], [32.656626, 62.882356], [32.655296, 62.883171], [32.653837, 62.883965], [32.653257, 62.88433], [32.652721, 62.884523], [32.647678, 62.88551], [32.646026, 62.885875], [32.644631, 62.886132], [32.642142, 62.886518], [32.629547, 62.888986], [32.62562, 62.889823], [32.624225, 62.890059], [32.623646, 62.890274], [32.623324, 62.89051], [32.622165, 62.891883], [32.622079, 62.892033], [32.621886, 62.892248], [32.621479, 62.892569], [32.621071, 62.892827], [32.620363, 62.893192], [32.619032, 62.894007], [32.617058, 62.894994], [32.616865, 62.895166], [32.616179, 62.896196], [32.61605, 62.896325], [32.615771, 62.896754], [32.615513, 62.897033], [32.613711, 62.898127], [32.613325, 62.898449], [32.613046, 62.898578], [32.611758, 62.899414], [32.609741, 62.900616], [32.608904, 62.901238], [32.60854, 62.901453], [32.607123, 62.902419], [32.60118, 62.906281], [32.599699, 62.907204], [32.596008, 62.909779], [32.594163, 62.910894], [32.592597, 62.911967], [32.591567, 62.912611], [32.591395, 62.912761], [32.590172, 62.913426], [32.590022, 62.913598], [32.589678, 62.913855], [32.587425, 62.915229], [32.585258, 62.916688], [32.584335, 62.917224], [32.583413, 62.917525], [32.579057, 62.918598], [32.578392, 62.918683], [32.574808, 62.918962], [32.573521, 62.919156], [32.573156, 62.919327], [32.572963, 62.919456], [32.57219, 62.920186], [32.571375, 62.921065], [32.571032, 62.921387], [32.57056, 62.921666], [32.568113, 62.922632], [32.567641, 62.922846], [32.566976, 62.923061], [32.563264, 62.924413], [32.562255, 62.924713], [32.56071, 62.924949], [32.557535, 62.925121], [32.55687, 62.925121], [32.556333, 62.925185], [32.553501, 62.925271], [32.552943, 62.925314], [32.552728, 62.925292], [32.550497, 62.925464], [32.550239, 62.925443], [32.549016, 62.92555], [32.546677, 62.925657], [32.545433, 62.925764], [32.544252, 62.925936], [32.5426, 62.926387], [32.540819, 62.927138], [32.53951, 62.927631], [32.538931, 62.927739], [32.538416, 62.92776], [32.536506, 62.928018], [32.53597, 62.928125], [32.534983, 62.928468], [32.53097, 62.930013], [32.529339, 62.93055], [32.529189, 62.930657], [32.529168, 62.930786], [32.52949, 62.931236], [32.529404, 62.931365], [32.529296, 62.931429], [32.528395, 62.931773], [32.525112, 62.93276], [32.524447, 62.933017], [32.524426, 62.933103], [32.524468, 62.933189], [32.524962, 62.933511], [32.524983, 62.933554], [32.524898, 62.933597], [32.523009, 62.934219], [32.521636, 62.934627], [32.521057, 62.934863], [32.521014, 62.934927], [32.521078, 62.934948], [32.520864, 62.934863], [32.521078, 62.934841], [32.522065, 62.934498], [32.522194, 62.934498], [32.522301, 62.934541], [32.522559, 62.934755], [32.522537, 62.93482], [32.522387, 62.93497], [32.522451, 62.935099], [32.523438, 62.935399], [32.523782, 62.935571], [32.523803, 62.935656], [32.523717, 62.935785], [32.523675, 62.936107], [32.523803, 62.936408], [32.523975, 62.936536], [32.524147, 62.936772], [32.524511, 62.936944], [32.526979, 62.937781], [32.527065, 62.937867], [32.527065, 62.937952], [32.526807, 62.938146], [32.52597, 62.938618], [32.525906, 62.938682], [32.525906, 62.938789], [32.525863, 62.938854], [32.527773, 62.939283], [32.529811, 62.940012], [32.530627, 62.940227], [32.532343, 62.940291], [32.535047, 62.940291], [32.535798, 62.940334], [32.536335, 62.94042], [32.536699, 62.940527], [32.537043, 62.940678], [32.537365, 62.940914], [32.538373, 62.941793], [32.538995, 62.942029], [32.540133, 62.94218], [32.541098, 62.942265], [32.541935, 62.94248], [32.542278, 62.942652], [32.542493, 62.942802], [32.542858, 62.943167], [32.543072, 62.943317], [32.545304, 62.944282], [32.545948, 62.944604], [32.546291, 62.944883], [32.54642, 62.945098], [32.546355, 62.945484], [32.545948, 62.946235], [32.545712, 62.946922], [32.545669, 62.947265], [32.545712, 62.94748], [32.545862, 62.94778], [32.545883, 62.94793], [32.546634, 62.94851], [32.548608, 62.949819], [32.548823, 62.94999], [32.548995, 62.950162], [32.549424, 62.950934], [32.549681, 62.951235], [32.550132, 62.951921], [32.550196, 62.952286], [32.550196, 62.952501], [32.549831, 62.953595], [32.549617, 62.954432], [32.549552, 62.954561], [32.549016, 62.955269], [32.548973, 62.955376], [32.548952, 62.955741], [32.54908, 62.95602], [32.549274, 62.956256], [32.550153, 62.956749], [32.551269, 62.957479], [32.551827, 62.957758], [32.552707, 62.958337], [32.55378, 62.958874], [32.555003, 62.959646], [32.555668, 62.959925], [32.556569, 62.960183], [32.559251, 62.96059], [32.560238, 62.960783], [32.562685, 62.961084], [32.563972, 62.961406], [32.564551, 62.961706], [32.566182, 62.9628], [32.567555, 62.96353], [32.568156, 62.963895], [32.569057, 62.964667], [32.569422, 62.964882], [32.569894, 62.965311], [32.570345, 62.965633], [32.571718, 62.966255], [32.572555, 62.96647], [32.573199, 62.966577], [32.573993, 62.966598], [32.575194, 62.966513], [32.575902, 62.966427], [32.57837, 62.965998], [32.579164, 62.965933], [32.580344, 62.965762], [32.582039, 62.965311], [32.583606, 62.965075], [32.584722, 62.964968], [32.587575, 62.964603], [32.588112, 62.964624], [32.589271, 62.964817], [32.590279, 62.964903], [32.59103, 62.964925], [32.592618, 62.964667], [32.593605, 62.964603], [32.594356, 62.964624], [32.594635, 62.964689], [32.595837, 62.965118], [32.597682, 62.96589], [32.601115, 62.967135], [32.602403, 62.967671], [32.603068, 62.967886], [32.603347, 62.968036], [32.603669, 62.968143], [32.603776, 62.968251], [32.604463, 62.96853], [32.60472, 62.96868], [32.605192, 62.96913], [32.60575, 62.969388], [32.606115, 62.969517], [32.607381, 62.969753], [32.609591, 62.97001], [32.6106, 62.970311], [32.611222, 62.97059], [32.611565, 62.970847], [32.611823, 62.97119], [32.612166, 62.971748], [32.612338, 62.972263], [32.612359, 62.972413], [32.612295, 62.972542], [32.611415, 62.973293], [32.611115, 62.973508], [32.610535, 62.974173], [32.610364, 62.974259], [32.610321, 62.974323], [32.610342, 62.974345], [32.608883, 62.975482], [32.608153, 62.975868], [32.607123, 62.97634], [32.606394, 62.976576], [32.605707, 62.976877], [32.60487, 62.977134], [32.604248, 62.977477], [32.603905, 62.977799], [32.60339, 62.978636], [32.603218, 62.97913], [32.602918, 62.979473], [32.602746, 62.979795], [32.602424, 62.980246], [32.602295, 62.980374], [32.602124, 62.980739], [32.60178, 62.981211], [32.60178, 62.981404], [32.601823, 62.981512], [32.602896, 62.982241], [32.602961, 62.982327], [32.603583, 62.982799], [32.604548, 62.983657], [32.605149, 62.983958], [32.60575, 62.984151], [32.608153, 62.984709], [32.608454, 62.98473], [32.608604, 62.984816], [32.610449, 62.985224], [32.612209, 62.985696], [32.612617, 62.985867], [32.612981, 62.986082], [32.61326, 62.986318], [32.613411, 62.986533], [32.613797, 62.986876], [32.61532, 62.987627], [32.616736, 62.988271], [32.617788, 62.988807], [32.618088, 62.989086], [32.618196, 62.989236], [32.618217, 62.989623], [32.618324, 62.989751], [32.618517, 62.990202], [32.618753, 62.99106], [32.618796, 62.991125], [32.618947, 62.99121], [32.618968, 62.991554], [32.619183, 62.99194], [32.619526, 62.992777], [32.619826, 62.99327], [32.620019, 62.993871], [32.620277, 62.994451], [32.620277, 62.994579], [32.620363, 62.994901], [32.620449, 62.994965], [32.620534, 62.995244], [32.62062, 62.995395], [32.62062, 62.995523], [32.620749, 62.996017], [32.620835, 62.996103], [32.620942, 62.996446], [32.620878, 62.996553], [32.620921, 62.996746], [32.621092, 62.997133], [32.621071, 62.997412], [32.621135, 62.99754], [32.621114, 62.997626], [32.621285, 62.997755], [32.621414, 62.997991], [32.6215, 62.998055], [32.621522, 62.998163], [32.62165, 62.998356], [32.62165, 62.998549], [32.621736, 62.998742], [32.621629, 62.999278], [32.620985, 63.000287], [32.620878, 63.000609], [32.620899, 63.000909], [32.621071, 63.001725], [32.621092, 63.001982], [32.6212, 63.002218], [32.621243, 63.002819], [32.621092, 63.004064], [32.621157, 63.004428], [32.621543, 63.004793], [32.622251, 63.005222], [32.623109, 63.005523], [32.623946, 63.005952], [32.624182, 63.006123], [32.624483, 63.006445], [32.624611, 63.006531], [32.624805, 63.006617], [32.626521, 63.007111], [32.626457, 63.007089], [32.626478, 63.007068], [32.626779, 63.007196], [32.628452, 63.008033], [32.628839, 63.008183], [32.629289, 63.008462], [32.630255, 63.008956], [32.630426, 63.008999], [32.63062, 63.009149], [32.631135, 63.009407], [32.631285, 63.009449], [32.631521, 63.0096], [32.632787, 63.009964], [32.63386, 63.010179], [32.634868, 63.010436], [32.635061, 63.010436], [32.637121, 63.010951], [32.637572, 63.010994], [32.637915, 63.011145], [32.638173, 63.011166], [32.638366, 63.011252], [32.642958, 63.012282], [32.643773, 63.012604], [32.644267, 63.01284], [32.645146, 63.013419], [32.645704, 63.013677], [32.646091, 63.013956], [32.646176, 63.014127], [32.646198, 63.014749], [32.646262, 63.014943], [32.646198, 63.015222], [32.646112, 63.016552], [32.646005, 63.016766], [32.645919, 63.017732], [32.64579, 63.017925], [32.645554, 63.018419], [32.645404, 63.018526], [32.64534, 63.018698], [32.644932, 63.01917], [32.644524, 63.019535], [32.644245, 63.019942], [32.64358, 63.020586], [32.643516, 63.020779], [32.643344, 63.021058], [32.643323, 63.021165], [32.643044, 63.021594], [32.642958, 63.021938], [32.6427, 63.022582], [32.6427, 63.022732], [32.642486, 63.023204], [32.642529, 63.023311], [32.642314, 63.023697], [32.642164, 63.024255], [32.641928, 63.024534], [32.641799, 63.025156], [32.642014, 63.025629], [32.643129, 63.02638], [32.643215, 63.026573], [32.643365, 63.026701], [32.643344, 63.026895], [32.643172, 63.027173], [32.643194, 63.027216], [32.643301, 63.027259], [32.643086, 63.027474], [32.642657, 63.028075], [32.642593, 63.028182], [32.642571, 63.028375], [32.642657, 63.028504], [32.6427, 63.028675], [32.642958, 63.028826], [32.643108, 63.028997], [32.643494, 63.029298], [32.643902, 63.029555], [32.644052, 63.029598], [32.644245, 63.02977], [32.644395, 63.030263], [32.644395, 63.030499], [32.644524, 63.030714], [32.644481, 63.030864], [32.644653, 63.031036], [32.644653, 63.03125], [32.644782, 63.031444], [32.644867, 63.03168], [32.644846, 63.03183], [32.64491, 63.031937], [32.644932, 63.032259], [32.645018, 63.032366], [32.645039, 63.032538], [32.645189, 63.032967], [32.645168, 63.033074], [32.645297, 63.033396], [32.645232, 63.033933], [32.64534, 63.034276], [32.645318, 63.03434], [32.644739, 63.035456], [32.644782, 63.035542], [32.644739, 63.035649], [32.644481, 63.035885], [32.644395, 63.036143], [32.644267, 63.036272], [32.644181, 63.036465], [32.644116, 63.036851], [32.643988, 63.037151], [32.64328, 63.038482], [32.643237, 63.038653], [32.643301, 63.039018], [32.643494, 63.039297], [32.643837, 63.039597], [32.644331, 63.039791], [32.645189, 63.040048], [32.646048, 63.040112], [32.646713, 63.040091], [32.647399, 63.039984], [32.647829, 63.039876], [32.648322, 63.039855], [32.649073, 63.039876], [32.64961, 63.040027], [32.649889, 63.040155], [32.650382, 63.040499], [32.65094, 63.040821], [32.651197, 63.041035], [32.65182, 63.041443], [32.651927, 63.04155], [32.652163, 63.041657], [32.652785, 63.042108], [32.653322, 63.042709], [32.653408, 63.042923], [32.653343, 63.043288], [32.653107, 63.043696], [32.653021, 63.044211], [32.653064, 63.044468], [32.653107, 63.044533], [32.653386, 63.044769], [32.653901, 63.045048], [32.654159, 63.045134], [32.655253, 63.045649], [32.655553, 63.045842], [32.655768, 63.046249], [32.655725, 63.046872], [32.655553, 63.047151], [32.655553, 63.047236], [32.655253, 63.047816], [32.654759, 63.048352], [32.653665, 63.048889], [32.650876, 63.049962], [32.64991, 63.050283], [32.648966, 63.05067], [32.647421, 63.051206], [32.645447, 63.051657], [32.645189, 63.051657], [32.644889, 63.051721], [32.644438, 63.051871], [32.643215, 63.052043], [32.643108, 63.052107], [32.641928, 63.052429], [32.640662, 63.052858], [32.639846, 63.052944], [32.63961, 63.052901], [32.63916, 63.053116], [32.638859, 63.053051], [32.638731, 63.053094], [32.638409, 63.053094], [32.638151, 63.053202], [32.637658, 63.053245], [32.63622, 63.053523], [32.635147, 63.053845], [32.633173, 63.053996], [32.63195, 63.054403], [32.631263, 63.054789], [32.629633, 63.055197], [32.629075, 63.055262], [32.628302, 63.055412], [32.627637, 63.055433], [32.627315, 63.055498], [32.625877, 63.055648], [32.625062, 63.055841], [32.624912, 63.055841], [32.623946, 63.056184], [32.623817, 63.056184], [32.623388, 63.056292], [32.622745, 63.05657], [32.622315, 63.056635], [32.621049, 63.057107], [32.620835, 63.05715], [32.620298, 63.057429], [32.620062, 63.05745], [32.619934, 63.057536], [32.619419, 63.057729], [32.618925, 63.05803], [32.618238, 63.05833], [32.616651, 63.058781], [32.614719, 63.059102], [32.613947, 63.05936], [32.609827, 63.059918], [32.60575, 63.061077], [32.604849, 63.061677], [32.603433, 63.063201], [32.601802, 63.064295], [32.599914, 63.064982], [32.598712, 63.066012], [32.593219, 63.068694], [32.590386, 63.069188], [32.588369, 63.069681], [32.584335, 63.07099], [32.583563, 63.071505], [32.582576, 63.072921], [32.581932, 63.073565], [32.579529, 63.074809], [32.577812, 63.075818], [32.577168, 63.07659], [32.574508, 63.080238], [32.57425, 63.080968], [32.574722, 63.082019], [32.575838, 63.08365], [32.577683, 63.085195], [32.577126, 63.086847], [32.576525, 63.087942], [32.575838, 63.089057], [32.57631, 63.08998], [32.577297, 63.091246], [32.578671, 63.092705], [32.579658, 63.093392], [32.580258, 63.09337], [32.582447, 63.092812], [32.583692, 63.092877], [32.584335, 63.093134], [32.585108, 63.093993], [32.58588, 63.094529], [32.586739, 63.095044], [32.588713, 63.097404], [32.589743, 63.09822], [32.591116, 63.099529], [32.591459, 63.100065], [32.591888, 63.100602], [32.592017, 63.10146], [32.592318, 63.102318], [32.592833, 63.103284], [32.592361, 63.103885], [32.592146, 63.104335], [32.591717, 63.104636], [32.590386, 63.105], [32.589957, 63.105258], [32.589829, 63.105987], [32.590386, 63.106846], [32.591116, 63.107339], [32.592146, 63.10764], [32.594678, 63.108241], [32.595708, 63.108584], [32.59691, 63.10852], [32.597596, 63.10867], [32.598841, 63.109335], [32.599227, 63.109678], [32.6003, 63.110086], [32.600686, 63.110537], [32.601072, 63.111373], [32.602016, 63.112124], [32.603089, 63.112704], [32.604248, 63.113004], [32.606222, 63.113433], [32.607853, 63.113991], [32.609527, 63.114335], [32.6109, 63.114764], [32.611329, 63.115257], [32.611758, 63.115987], [32.612402, 63.116867], [32.612917, 63.117274], [32.613561, 63.117339], [32.614548, 63.117596], [32.61502, 63.118111], [32.616093, 63.121051], [32.616522, 63.122553], [32.616694, 63.122853], [32.617895, 63.123604], [32.61841, 63.123969], [32.618303, 63.124291], [32.617724, 63.124505], [32.617251, 63.124742], [32.616865, 63.12487], [32.616221, 63.124935], [32.614762, 63.124913], [32.614226, 63.124935], [32.613368, 63.125085], [32.611994, 63.125385], [32.611479, 63.125385], [32.608647, 63.125171], [32.607016, 63.125128], [32.606201, 63.125278], [32.605278, 63.125278], [32.603883, 63.125407], [32.60266, 63.125407], [32.601158, 63.12575], [32.599549, 63.125857], [32.598133, 63.126072], [32.59603, 63.1259], [32.595365, 63.126072], [32.593605, 63.126651], [32.593391, 63.12678], [32.592854, 63.127016], [32.592124, 63.127424], [32.591524, 63.127896], [32.591245, 63.128067], [32.590816, 63.128261], [32.590107, 63.128454], [32.589528, 63.128733], [32.589056, 63.128904], [32.587854, 63.128969], [32.585322, 63.12884], [32.584507, 63.128883], [32.581481, 63.129419], [32.576224, 63.130428], [32.575345, 63.130514], [32.57483, 63.130514], [32.572598, 63.130363], [32.57101, 63.130342], [32.567298, 63.130149], [32.56644, 63.130042], [32.565796, 63.129891], [32.564101, 63.129248], [32.562813, 63.128561], [32.561397, 63.12766], [32.560174, 63.126952], [32.557706, 63.125407], [32.556784, 63.124892], [32.556161, 63.124484], [32.553458, 63.122875], [32.55275, 63.122381], [32.550003, 63.120772], [32.549209, 63.120257], [32.548587, 63.119892], [32.547922, 63.119613], [32.547535, 63.119549], [32.546956, 63.119527], [32.545583, 63.119635], [32.545046, 63.11972], [32.543051, 63.120192], [32.539961, 63.120858], [32.536528, 63.121265], [32.536056, 63.121287], [32.53524, 63.121201], [32.534682, 63.121094], [32.533738, 63.120772], [32.532665, 63.120214], [32.53215, 63.120042], [32.5317, 63.119828], [32.531399, 63.119742], [32.531056, 63.119527], [32.529447, 63.118926], [32.528932, 63.11869], [32.528202, 63.118454], [32.52803, 63.118326], [32.526528, 63.117768], [32.525799, 63.117532], [32.524683, 63.117081], [32.523868, 63.116845], [32.523331, 63.116802], [32.523009, 63.116824], [32.518932, 63.11766], [32.513568, 63.118626], [32.512216, 63.118905], [32.511422, 63.119012], [32.510907, 63.11912], [32.510457, 63.11912], [32.510242, 63.118991], [32.510006, 63.118926], [32.509963, 63.118862], [32.509963, 63.118926], [32.50992, 63.118969], [32.509684, 63.119012], [32.509598, 63.118991], [32.509963, 63.118862], [32.510027, 63.118798], [32.509942, 63.118798], [32.509985, 63.118862], [32.509942, 63.118755], [32.51007, 63.118841], [32.509942, 63.118798], [32.509985, 63.118884], [32.510006, 63.118841], [32.510027, 63.118884], [32.510006, 63.118862], [32.510049, 63.118841], [32.510006, 63.118776], [32.509963, 63.118798], [32.510027, 63.118841], [32.509985, 63.118862], [32.510242, 63.118905], [32.510607, 63.11912], [32.510542, 63.119205], [32.510306, 63.119291], [32.510221, 63.119377], [32.510199, 63.119463], [32.510242, 63.119849], [32.510092, 63.120064], [32.510092, 63.120343], [32.509963, 63.120514], [32.509534, 63.12075], [32.509341, 63.120922], [32.507946, 63.121609], [32.507066, 63.121973], [32.50668, 63.122446], [32.506637, 63.122617], [32.506101, 63.123239], [32.50565, 63.123583], [32.505285, 63.123926], [32.504942, 63.124141], [32.504556, 63.124141], [32.504105, 63.124012], [32.503204, 63.123583], [32.502646, 63.123239], [32.502367, 63.123025], [32.501509, 63.122167], [32.501251, 63.122016], [32.500608, 63.121759], [32.499363, 63.12148], [32.497797, 63.12163], [32.49711, 63.121609], [32.496874, 63.121673], [32.496295, 63.121716], [32.495608, 63.121695], [32.495436, 63.121716], [32.494685, 63.121673], [32.493419, 63.121373], [32.492604, 63.121029], [32.49226, 63.120858], [32.491788, 63.12045], [32.491252, 63.120214], [32.490072, 63.119999], [32.488999, 63.11972], [32.486918, 63.119356], [32.486724, 63.119356], [32.484986, 63.119077], [32.484321, 63.119077], [32.483956, 63.119205], [32.483871, 63.119291], [32.483699, 63.119377], [32.483613, 63.119527], [32.48342, 63.119742], [32.483012, 63.120042], [32.482841, 63.120107], [32.482647, 63.120128], [32.479643, 63.119935], [32.479021, 63.119956], [32.478163, 63.119892], [32.476468, 63.119677], [32.475438, 63.119635], [32.475266, 63.119699], [32.475223, 63.119742], [32.475245, 63.119806], [32.475481, 63.119999], [32.476038, 63.120343], [32.47606, 63.12045], [32.476275, 63.120622], [32.476146, 63.121244], [32.475867, 63.121437], [32.475352, 63.122209], [32.474987, 63.122488], [32.474751, 63.122789], [32.473893, 63.123475], [32.473721, 63.123669], [32.473485, 63.12384], [32.473185, 63.124184], [32.472605, 63.124634], [32.472562, 63.124763], [32.472326, 63.125063], [32.472262, 63.125278], [32.472219, 63.125771], [32.47224, 63.12605], [32.472133, 63.126759], [32.471575, 63.127788], [32.471447, 63.127917], [32.47091, 63.128282], [32.470824, 63.128411], [32.470588, 63.128518], [32.470395, 63.128668], [32.469966, 63.12884], [32.46943, 63.129205], [32.468078, 63.129999], [32.467455, 63.130278], [32.466361, 63.130599], [32.465074, 63.130793], [32.46252, 63.13135], [32.460138, 63.13178], [32.459194, 63.132037], [32.458336, 63.132144], [32.455461, 63.13281], [32.453551, 63.133089], [32.450654, 63.133711], [32.449345, 63.133904], [32.449109, 63.13399], [32.445848, 63.134612], [32.443208, 63.13517], [32.442092, 63.135449], [32.441234, 63.135535], [32.44044, 63.135749], [32.43823, 63.136071], [32.437415, 63.136329], [32.436192, 63.136522], [32.435483, 63.136672], [32.43514, 63.136693], [32.434217, 63.136951], [32.432265, 63.137294], [32.431578, 63.137466], [32.431213, 63.137509], [32.43057, 63.137702], [32.427566, 63.138238], [32.426536, 63.138389], [32.424969, 63.138775], [32.423768, 63.138989], [32.423038, 63.139183], [32.421665, 63.13944], [32.42145, 63.139419], [32.419691, 63.139805], [32.418725, 63.139955], [32.418232, 63.139976], [32.417373, 63.140105], [32.416687, 63.140406], [32.416322, 63.140427], [32.415721, 63.140577], [32.415528, 63.140577], [32.41467, 63.140792], [32.414476, 63.140921], [32.414176, 63.141028], [32.41394, 63.141178], [32.413618, 63.141264], [32.413425, 63.141393], [32.412889, 63.141629], [32.412545, 63.141843], [32.412223, 63.141929], [32.411494, 63.142358], [32.408211, 63.14401], [32.40791, 63.144204], [32.40746, 63.144397], [32.407267, 63.144568], [32.407052, 63.144676], [32.406151, 63.145062], [32.405421, 63.145319], [32.405142, 63.145319], [32.404949, 63.145384], [32.404584, 63.145427], [32.403383, 63.145276], [32.4004, 63.144547], [32.398834, 63.144075], [32.397954, 63.143882], [32.395079, 63.143088], [32.393534, 63.142766], [32.392396, 63.142594], [32.391409, 63.142659], [32.389929, 63.142938], [32.388749, 63.143109], [32.386646, 63.143259], [32.386131, 63.143367], [32.384693, 63.14386], [32.383449, 63.144483], [32.382204, 63.145191], [32.380359, 63.146092], [32.379736, 63.146349], [32.377312, 63.147744], [32.376239, 63.148216], [32.375788, 63.148495], [32.374329, 63.149268], [32.374286, 63.149332], [32.37405, 63.149418], [32.372462, 63.150255], [32.372119, 63.150362], [32.371969, 63.150491], [32.370467, 63.151177], [32.37008, 63.151435], [32.369222, 63.151864], [32.3683, 63.152272], [32.367484, 63.152529], [32.367291, 63.152636], [32.366433, 63.15283], [32.365274, 63.153151], [32.364974, 63.153302], [32.364716, 63.153345], [32.364544, 63.153495], [32.364373, 63.153559], [32.363085, 63.153924], [32.361669, 63.154417], [32.360661, 63.154696], [32.359416, 63.155126], [32.356412, 63.156005], [32.355124, 63.156434], [32.354931, 63.156542], [32.353537, 63.156907], [32.353386, 63.156992], [32.352743, 63.157228], [32.352399, 63.157422], [32.351799, 63.157872], [32.350704, 63.15858], [32.35064, 63.158666], [32.350726, 63.15873], [32.348902, 63.159911], [32.348387, 63.16034], [32.347528, 63.160919], [32.346906, 63.161498], [32.346606, 63.161971], [32.34637, 63.163151], [32.346177, 63.163601], [32.346091, 63.164009], [32.345726, 63.165254], [32.345404, 63.165897], [32.34519, 63.16652], [32.345275, 63.166648], [32.345147, 63.166777], [32.347056, 63.168322], [32.343258, 63.169502], [32.342357, 63.169824], [32.34225, 63.16991], [32.342572, 63.170189], [32.342357, 63.170382], [32.342743, 63.170275], [32.342915, 63.170296], [32.34313, 63.170425], [32.343366, 63.170489], [32.343537, 63.170468], [32.343452, 63.170468], [32.343473, 63.170489], [32.343452, 63.170511], [32.343344, 63.170468], [32.343409, 63.170446], [32.343323, 63.170468], [32.34343, 63.170554], [32.343473, 63.170468], [32.343494, 63.170532], [32.34343, 63.170532], [32.34328, 63.170446], [32.343366, 63.170446], [32.343258, 63.170382], [32.343452, 63.170425], [32.343516, 63.170554], [32.343559, 63.170511], [32.343473, 63.170446], [32.343473, 63.170382], [32.34343, 63.170382], [32.343151, 63.170639], [32.34313, 63.170618], [32.343173, 63.170618], [32.343688, 63.170253], [32.343387, 63.170489], [32.343473, 63.170446], [32.343344, 63.170425], [32.343194, 63.170468], [32.343666, 63.170747], [32.344031, 63.171069], [32.344074, 63.171154], [32.344031, 63.171326], [32.344267, 63.171326], [32.348237, 63.17006], [32.352142, 63.168644], [32.35373, 63.168301], [32.35418, 63.16815], [32.35461, 63.168107], [32.355747, 63.168751], [32.35639, 63.169223], [32.35712, 63.169695], [32.357356, 63.169781], [32.357785, 63.170082], [32.358236, 63.170511], [32.358515, 63.170918], [32.359051, 63.171476], [32.359523, 63.171734], [32.361068, 63.172206], [32.361798, 63.172528], [32.363235, 63.173558], [32.364609, 63.174459], [32.365102, 63.174867], [32.366626, 63.175897], [32.367377, 63.176476], [32.368536, 63.177206], [32.369222, 63.177592], [32.369887, 63.177678], [32.373449, 63.177978], [32.378621, 63.178922], [32.380745, 63.179008], [32.38156, 63.179201], [32.382183, 63.179373], [32.382397, 63.179501], [32.382676, 63.179845], [32.382977, 63.18066], [32.383127, 63.180853], [32.383298, 63.181025], [32.38377, 63.18124], [32.3842, 63.18139], [32.385187, 63.181626], [32.385809, 63.18184], [32.387096, 63.182141], [32.387697, 63.182441], [32.388491, 63.182656], [32.389349, 63.182999], [32.390058, 63.183214], [32.392675, 63.183986], [32.395014, 63.184587], [32.395916, 63.18478], [32.398448, 63.185595], [32.399971, 63.186025], [32.400486, 63.186089], [32.403597, 63.186175], [32.407245, 63.186668], [32.409412, 63.186861], [32.411515, 63.18714], [32.414712, 63.187441], [32.416, 63.187634], [32.417953, 63.187806], [32.418339, 63.187806], [32.419133, 63.187698], [32.420077, 63.187419], [32.422287, 63.186947], [32.423059, 63.186733], [32.424175, 63.186668], [32.425012, 63.186776], [32.425956, 63.187012], [32.426986, 63.18757], [32.428832, 63.188449], [32.429926, 63.189115], [32.430527, 63.189393], [32.431385, 63.189608], [32.4322, 63.189715], [32.432479, 63.189844], [32.43263, 63.190059], [32.43263, 63.190273], [32.432544, 63.190488], [32.432158, 63.190831], [32.431922, 63.191174], [32.4319, 63.191239], [32.431964, 63.19141], [32.432136, 63.191625], [32.432458, 63.191883], [32.43293, 63.19244], [32.433252, 63.192612], [32.434217, 63.192955], [32.4369, 63.193535], [32.437501, 63.193621], [32.437908, 63.193642], [32.442221, 63.193277], [32.443037, 63.193342], [32.44353, 63.193428], [32.445054, 63.193792], [32.446341, 63.194028], [32.448165, 63.1945], [32.449903, 63.195037], [32.451169, 63.195337], [32.452628, 63.195595], [32.453422, 63.195616], [32.454409, 63.195466], [32.457971, 63.194822], [32.461297, 63.194372], [32.462649, 63.194136], [32.465245, 63.193814], [32.467885, 63.193428], [32.46973, 63.193213], [32.475996, 63.192355], [32.482862, 63.192269], [32.48593, 63.19229], [32.490093, 63.192183], [32.490801, 63.192183], [32.491188, 63.192226], [32.495737, 63.192204], [32.496295, 63.192162], [32.499642, 63.192119], [32.5005, 63.19214], [32.501938, 63.192097], [32.502389, 63.19214], [32.502946, 63.192269], [32.504942, 63.192913], [32.505629, 63.193041], [32.506852, 63.193106], [32.511315, 63.193513], [32.513246, 63.193621], [32.518138, 63.193041], [32.525005, 63.192398], [32.525477, 63.192312], [32.527279, 63.192183], [32.529597, 63.191947], [32.530305, 63.191818], [32.532365, 63.191346], [32.533223, 63.191217], [32.53391, 63.191196], [32.534833, 63.191346], [32.535927, 63.191754], [32.536313, 63.191818], [32.539081, 63.192655], [32.541012, 63.19317], [32.54172, 63.193428], [32.54863, 63.19538], [32.54996, 63.195874], [32.552835, 63.196625], [32.553651, 63.196904], [32.555368, 63.197397], [32.556634, 63.197848], [32.55835, 63.198384], [32.560753, 63.199028], [32.561826, 63.199393], [32.563242, 63.199822], [32.564036, 63.200122], [32.56423, 63.200315], [32.564358, 63.200551], [32.564466, 63.201024], [32.564981, 63.202633], [32.565152, 63.202976], [32.565882, 63.204028], [32.566461, 63.20465], [32.567427, 63.205873], [32.567963, 63.206324], [32.568371, 63.20656], [32.56895, 63.206989], [32.571353, 63.208448], [32.571847, 63.208791], [32.572641, 63.20922], [32.573134, 63.209392], [32.5738, 63.209499], [32.575023, 63.209585], [32.575709, 63.209564], [32.577447, 63.20922], [32.578306, 63.209177], [32.579829, 63.209177], [32.580001, 63.209135], [32.580258, 63.208963], [32.580602, 63.208834], [32.581868, 63.208469], [32.581782, 63.208448], [32.581889, 63.208534], [32.581889, 63.208577], [32.58176, 63.208641], [32.58131, 63.208662], [32.58116, 63.208748], [32.58131, 63.208662], [32.581396, 63.208705], [32.580795, 63.20877], [32.580816, 63.208791], [32.58013, 63.208984], [32.579958, 63.208963], [32.579786, 63.208834], [32.579701, 63.208834], [32.579572, 63.20877], [32.57955, 63.208577], [32.579507, 63.208577], [32.579615, 63.208662], [32.579593, 63.208705], [32.579636, 63.208748], [32.579958, 63.208856], [32.580044, 63.208941], [32.580173, 63.208963], [32.580044, 63.209177], [32.580194, 63.20922], [32.58337, 63.209306], [32.585666, 63.209607], [32.58676, 63.209607], [32.587597, 63.209542], [32.590193, 63.20922], [32.591288, 63.209156], [32.592039, 63.209049], [32.593047, 63.209027], [32.593841, 63.209135], [32.597317, 63.209735], [32.59912, 63.209971], [32.60221, 63.210637], [32.607617, 63.211495], [32.613453, 63.212482], [32.614183, 63.212568], [32.615191, 63.212782], [32.615535, 63.212933], [32.615964, 63.213233], [32.616372, 63.213941], [32.616457, 63.214156], [32.617166, 63.215186], [32.617273, 63.215486], [32.617788, 63.216495], [32.618346, 63.217331], [32.61856, 63.217718], [32.618646, 63.218061], [32.618968, 63.218383], [32.619376, 63.219327], [32.619354, 63.21952], [32.61929, 63.219649], [32.619032, 63.219885], [32.618517, 63.220142], [32.617509, 63.220743], [32.615277, 63.221923], [32.614805, 63.222138], [32.614076, 63.222395], [32.613346, 63.222739], [32.613024, 63.222825], [32.612423, 63.223189], [32.611651, 63.223533], [32.610449, 63.223919], [32.609484, 63.224305], [32.607853, 63.225056], [32.607166, 63.225442], [32.606587, 63.225914], [32.6056, 63.226644], [32.605063, 63.227481], [32.604956, 63.227717], [32.604699, 63.228511], [32.604441, 63.22909], [32.604291, 63.229691], [32.604034, 63.230335], [32.603926, 63.230807], [32.603948, 63.231], [32.603926, 63.231257], [32.604034, 63.231493], [32.604205, 63.231772], [32.60487, 63.232523], [32.605278, 63.233189], [32.605557, 63.233811], [32.606072, 63.234605], [32.606051, 63.235055], [32.606093, 63.235227], [32.606287, 63.235635], [32.606437, 63.235764], [32.607016, 63.236064], [32.607445, 63.236236], [32.608282, 63.236665], [32.608947, 63.236922], [32.609655, 63.23733], [32.609784, 63.237416], [32.610406, 63.238188], [32.610685, 63.238381], [32.611072, 63.238532], [32.611415, 63.238617], [32.61429, 63.239047], [32.615428, 63.239154], [32.616093, 63.239325], [32.616758, 63.239712], [32.617595, 63.240119], [32.618346, 63.240677], [32.619097, 63.241085], [32.619569, 63.2413], [32.620084, 63.241407], [32.623238, 63.241428], [32.625792, 63.241342], [32.626435, 63.241428], [32.627101, 63.241686], [32.627658, 63.241836], [32.628216, 63.2419], [32.629053, 63.2419], [32.632572, 63.24175], [32.633194, 63.241793], [32.633645, 63.241857], [32.634267, 63.242008], [32.636241, 63.242609], [32.637486, 63.242866], [32.638645, 63.242887], [32.641091, 63.242866], [32.644116, 63.242802], [32.648494, 63.242845], [32.650704, 63.24278], [32.654738, 63.242759], [32.657828, 63.242694], [32.658321, 63.24278], [32.658557, 63.242866], [32.658793, 63.243038], [32.659115, 63.243381], [32.659287, 63.24351], [32.659502, 63.243853], [32.659437, 63.244003], [32.65948, 63.244325], [32.659587, 63.244497], [32.659909, 63.244668], [32.660725, 63.244904], [32.661926, 63.245055], [32.66287, 63.245076], [32.665209, 63.245248], [32.666733, 63.245141], [32.668922, 63.245076], [32.669587, 63.245098], [32.670466, 63.245205], [32.67169, 63.24557], [32.672505, 63.24587], [32.673149, 63.246192], [32.674286, 63.247007], [32.674393, 63.247243], [32.674372, 63.247436], [32.674007, 63.248123], [32.673878, 63.248552], [32.673835, 63.248853], [32.674307, 63.249453], [32.675895, 63.250247], [32.676024, 63.250355], [32.67611, 63.250548], [32.676153, 63.250848], [32.676088, 63.251106], [32.675788, 63.251707], [32.675659, 63.252093], [32.675402, 63.2525], [32.67538, 63.252694], [32.675423, 63.252822], [32.675573, 63.252973], [32.675938, 63.253144], [32.677462, 63.25353], [32.677955, 63.253595], [32.678599, 63.253616], [32.691817, 63.25205], [32.697203, 63.251471], [32.698597, 63.251277], [32.708919, 63.250076], [32.711408, 63.249732], [32.715227, 63.249303], [32.716708, 63.249239], [32.718875, 63.249239], [32.721107, 63.249175], [32.721514, 63.249067], [32.722952, 63.248531], [32.72484, 63.247715], [32.725656, 63.247458], [32.726042, 63.247394], [32.727093, 63.247351], [32.73072, 63.247072], [32.731621, 63.247093], [32.732179, 63.247179], [32.736234, 63.248187], [32.737865, 63.248531], [32.738401, 63.248724], [32.739002, 63.248831], [32.739625, 63.248874], [32.74295, 63.248681], [32.743723, 63.248681], [32.746512, 63.248531], [32.748744, 63.248488], [32.750547, 63.248381], [32.756104, 63.248166], [32.757499, 63.248123], [32.7584, 63.248145], [32.760932, 63.24866], [32.761447, 63.248702], [32.761983, 63.248853], [32.767391, 63.249754], [32.773721, 63.250956], [32.774, 63.250977], [32.774558, 63.250913], [32.777519, 63.250076], [32.778184, 63.24984], [32.778742, 63.249561], [32.779514, 63.249303], [32.78151, 63.248466], [32.782239, 63.248123], [32.782647, 63.247973], [32.783548, 63.247522], [32.78445, 63.247158], [32.785608, 63.246621], [32.786037, 63.246492], [32.786359, 63.246471], [32.788999, 63.246492], [32.794191, 63.246664], [32.79653, 63.246685], [32.803611, 63.246879], [32.809276, 63.246921], [32.810306, 63.246986], [32.813654, 63.24705], [32.814276, 63.247093], [32.822945, 63.247286], [32.824361, 63.247372], [32.828996, 63.247458], [32.829682, 63.247501], [32.830283, 63.247479], [32.833781, 63.247544], [32.837772, 63.247394], [32.841398, 63.247329], [32.846183, 63.247115], [32.848243, 63.247136], [32.848415, 63.247093], [32.850282, 63.246964], [32.851741, 63.246707], [32.853844, 63.246063], [32.854058, 63.246042], [32.855796, 63.246256], [32.86086, 63.247093], [32.861161, 63.247115], [32.861719, 63.247072], [32.861998, 63.247007], [32.863843, 63.246299], [32.86498, 63.245784], [32.865367, 63.245655], [32.86616, 63.245527], [32.867448, 63.245226], [32.868242, 63.245098], [32.869036, 63.24484], [32.870237, 63.24454], [32.870838, 63.244261], [32.871439, 63.243832], [32.872619, 63.243166], [32.875773, 63.242115], [32.877576, 63.2416], [32.878735, 63.241321], [32.879464, 63.241085], [32.880001, 63.24087], [32.880258, 63.240699], [32.880559, 63.24057], [32.883412, 63.239025], [32.885708, 63.237866], [32.886266, 63.237609], [32.887125, 63.237287], [32.887661, 63.236901], [32.888498, 63.2366], [32.893004, 63.235227], [32.893905, 63.234884], [32.894013, 63.234798], [32.895257, 63.234261], [32.896223, 63.233918], [32.897446, 63.233339], [32.900042, 63.232244], [32.900836, 63.231965], [32.902402, 63.2313], [32.904613, 63.230292], [32.904741, 63.230142], [32.90487, 63.229884], [32.905321, 63.228725], [32.905449, 63.228189], [32.906243, 63.227438], [32.907059, 63.226816], [32.907445, 63.226451], [32.90826, 63.22585], [32.909226, 63.225078], [32.909677, 63.224541], [32.909784, 63.224241], [32.909784, 63.224155], [32.910084, 63.223404], [32.910256, 63.222846], [32.910299, 63.222524], [32.910277, 63.221451], [32.910213, 63.221151], [32.910277, 63.220593], [32.910149, 63.220035], [32.91002, 63.219842], [32.909548, 63.219477], [32.908496, 63.218941], [32.907402, 63.218233], [32.9062, 63.217546], [32.905514, 63.217074], [32.905321, 63.216838], [32.905814, 63.216323], [32.906394, 63.215915], [32.906673, 63.215636], [32.90796, 63.214799], [32.908067, 63.214649], [32.908539, 63.214349], [32.908861, 63.21422], [32.910277, 63.21334], [32.911286, 63.213018], [32.912466, 63.212418], [32.914311, 63.212353], [32.918818, 63.211431], [32.919933, 63.21128], [32.920727, 63.211323], [32.923195, 63.211366], [32.925856, 63.21128], [32.926929, 63.211023], [32.928388, 63.210336], [32.928795, 63.21025], [32.930512, 63.210143], [32.931263, 63.210057], [32.932915, 63.209671], [32.934289, 63.209413], [32.934568, 63.209242], [32.934675, 63.209092], [32.934568, 63.20862], [32.934482, 63.208555], [32.934396, 63.208405], [32.93343, 63.207911], [32.933001, 63.207783], [32.93195, 63.20716], [32.93195, 63.206967], [32.932207, 63.20671], [32.933151, 63.206388], [32.934374, 63.206195], [32.935469, 63.206088], [32.936456, 63.206109], [32.9371, 63.206088], [32.93828, 63.205959], [32.938902, 63.20583], [32.940425, 63.205444], [32.941134, 63.205165], [32.941455, 63.20495], [32.942292, 63.204628], [32.942893, 63.204242], [32.943515, 63.204049], [32.944481, 63.203856], [32.945489, 63.20392], [32.946734, 63.20392], [32.946627, 63.20392], [32.946562, 63.204006], [32.946477, 63.203963], [32.947034, 63.203985], [32.94682, 63.203985], [32.946992, 63.204028], [32.946584, 63.203877], [32.946884, 63.203899], [32.947828, 63.203834], [32.950146, 63.203577], [32.950875, 63.203448], [32.951734, 63.203083], [32.95227, 63.20274], [32.952699, 63.202354], [32.954266, 63.201496], [32.954566, 63.201152], [32.955253, 63.200745], [32.955811, 63.200273], [32.956905, 63.199886], [32.958021, 63.19965], [32.959115, 63.199049], [32.959716, 63.198577], [32.959952, 63.198041], [32.960274, 63.197483], [32.960381, 63.196947], [32.959973, 63.196153], [32.959952, 63.195723], [32.95978, 63.195144], [32.960381, 63.194694], [32.961132, 63.194329], [32.962226, 63.193685], [32.962548, 63.193556], [32.963407, 63.193277], [32.964544, 63.193063], [32.96566, 63.192741], [32.966475, 63.19229], [32.966733, 63.192076], [32.967054, 63.191732], [32.967355, 63.19126], [32.968041, 63.190659], [32.969415, 63.189758], [32.970616, 63.189243], [32.971303, 63.189029], [32.971732, 63.188964], [32.972655, 63.188943], [32.973556, 63.188986], [32.97465, 63.188771], [32.975359, 63.188793], [32.976796, 63.188621], [32.978062, 63.188299], [32.978491, 63.188085], [32.978835, 63.187784], [32.980723, 63.187634], [32.980916, 63.187677], [32.981302, 63.18787], [32.98186, 63.187977], [32.982311, 63.187849], [32.983062, 63.187398], [32.983985, 63.187076], [32.984821, 63.186861], [32.985208, 63.186668], [32.985916, 63.18611], [32.986431, 63.185638], [32.98686, 63.185123], [32.987976, 63.184136], [32.988534, 63.183836], [32.989413, 63.183428], [32.992374, 63.182613], [32.993297, 63.182248], [32.995443, 63.181218], [32.996924, 63.180403], [32.997438, 63.180167], [33.000614, 63.178235], [33.002052, 63.177763], [33.002352, 63.177484], [33.002545, 63.177012], [33.002545, 63.176884], [33.002588, 63.176776], [33.002803, 63.176304], [33.002975, 63.176111], [33.003082, 63.17609], [33.004262, 63.176412], [33.004541, 63.176519], [33.005571, 63.176733], [33.006193, 63.176776], [33.006515, 63.176733], [33.007116, 63.176476], [33.00776, 63.176304], [33.010163, 63.176369], [33.010377, 63.176412], [33.010935, 63.176712], [33.011086, 63.176884], [33.011064, 63.177034], [33.010892, 63.177334], [33.010614, 63.177699], [33.008682, 63.17918], [33.007588, 63.179802], [33.007094, 63.18021], [33.006193, 63.181046], [33.006107, 63.181368], [33.006258, 63.181755], [33.006365, 63.182227], [33.006301, 63.18287], [33.006107, 63.183428], [33.005743, 63.184072], [33.003811, 63.186711], [33.00364, 63.18714], [33.003575, 63.187698], [33.00349, 63.18802], [33.003125, 63.188814], [33.002739, 63.189329], [33.000872, 63.190574], [33.000185, 63.191132], [33.000013, 63.191346], [32.99952, 63.192204], [32.999305, 63.192483], [32.99879, 63.193664], [32.998383, 63.1945], [32.998254, 63.194887], [32.998039, 63.195316], [32.997675, 63.195874], [32.996387, 63.196968], [32.995679, 63.197504], [32.995121, 63.198062], [32.994949, 63.198277], [32.994864, 63.198513], [32.994885, 63.198985], [32.994928, 63.199221], [32.995164, 63.199693], [32.995143, 63.1998], [32.994928, 63.199865], [32.994949, 63.199929], [32.994971, 63.199886], [32.995228, 63.1998], [32.995078, 63.199758], [32.99467, 63.199886], [32.992589, 63.200079], [32.992246, 63.200165], [32.991817, 63.200358], [32.991044, 63.200573], [32.990744, 63.200723], [32.990465, 63.201238], [32.990207, 63.201539], [32.98995, 63.201753], [32.989349, 63.202053], [32.988984, 63.202611], [32.988169, 63.203556], [32.987654, 63.204521], [32.986195, 63.205894], [32.986238, 63.206431], [32.986903, 63.207118], [32.987268, 63.207611], [32.987525, 63.20877], [32.987525, 63.208898], [32.987439, 63.209049], [32.987139, 63.209285], [32.986774, 63.209413], [32.98568, 63.209692], [32.985379, 63.209821], [32.984221, 63.210529], [32.98304, 63.210894], [32.98289, 63.210916], [32.982354, 63.210873], [32.981946, 63.210744], [32.98083, 63.210529], [32.980294, 63.210486], [32.9795, 63.210658], [32.978298, 63.211044], [32.977461, 63.211624], [32.97744, 63.212439], [32.977247, 63.212782], [32.977311, 63.213126], [32.977376, 63.213254], [32.977376, 63.213426], [32.977182, 63.213662], [32.977118, 63.213791], [32.977011, 63.214199], [32.976925, 63.214284], [32.976689, 63.21437], [32.975874, 63.214499], [32.973706, 63.214606], [32.973105, 63.214477], [32.972397, 63.214005], [32.972333, 63.214027], [32.972269, 63.213941], [32.97141, 63.214027], [32.971131, 63.214091], [32.970402, 63.21407], [32.969887, 63.213834], [32.969694, 63.213791], [32.969157, 63.213941], [32.968792, 63.21392], [32.968556, 63.213941], [32.968492, 63.213898], [32.968192, 63.213877], [32.968084, 63.213834], [32.96802, 63.213641], [32.968063, 63.213555], [32.967977, 63.213555], [32.968041, 63.213533], [32.967913, 63.213598], [32.967934, 63.213598], [32.967784, 63.213598], [32.968084, 63.213555], [32.968449, 63.213233], [32.968556, 63.213211], [32.968492, 63.213147], [32.968535, 63.21304], [32.968771, 63.21289], [32.9689, 63.212868], [32.968792, 63.212847], [32.969307, 63.212911], [32.969544, 63.21289], [32.969458, 63.212954], [32.969501, 63.212911], [32.969651, 63.212954], [32.970101, 63.212954], [32.970209, 63.213018], [32.970573, 63.21304], [32.970702, 63.213104], [32.970616, 63.213104], [32.971088, 63.212975], [32.971325, 63.212954], [32.971582, 63.212997], [32.971625, 63.213126], [32.971475, 63.213211], [32.971475, 63.213426], [32.971689, 63.213555], [32.971968, 63.213898], [32.972033, 63.213941], [32.972312, 63.213963], [32.972312, 63.21392], [32.972312, 63.214005], [32.972848, 63.214392], [32.972827, 63.214413], [32.973256, 63.214542], [32.973642, 63.214606], [32.974522, 63.214585], [32.976582, 63.214392], [32.976839, 63.214284], [32.976925, 63.214199], [32.977097, 63.213684], [32.977354, 63.213426], [32.977418, 63.213276], [32.977268, 63.212718], [32.977461, 63.212439], [32.97744, 63.211752], [32.977762, 63.211452], [32.978277, 63.211066], [32.979865, 63.210572], [32.980294, 63.210486], [32.981152, 63.210594], [32.982568, 63.210958], [32.982976, 63.210958], [32.98392, 63.210637], [32.984542, 63.210336], [32.985208, 63.209886], [32.986152, 63.209564], [32.98701, 63.209328], [32.987439, 63.209027], [32.987547, 63.208791], [32.987461, 63.208555], [32.987246, 63.207418], [32.987096, 63.207182], [32.986109, 63.206173], [32.986195, 63.205916], [32.986903, 63.205251], [32.987568, 63.204543], [32.987804, 63.204242], [32.987976, 63.203834], [32.988233, 63.203448], [32.988576, 63.203105], [32.98922, 63.202268], [32.990121, 63.201624], [32.990336, 63.201388], [32.990572, 63.201024], [32.990679, 63.200745], [32.990787, 63.200616], [32.992396, 63.200015], [32.993769, 63.199994], [32.994885, 63.199929], [32.995057, 63.199951], [32.996065, 63.200895], [32.996924, 63.201581], [32.998383, 63.202933], [32.999262, 63.203834], [32.999777, 63.204135], [33.003125, 63.205165], [33.004412, 63.205294], [33.007052, 63.205015], [33.007974, 63.204864], [33.008661, 63.204822], [33.009326, 63.204843], [33.010034, 63.205015], [33.010249, 63.205143], [33.010656, 63.205487], [33.011429, 63.206324], [33.011837, 63.206581], [33.016879, 63.20877], [33.017716, 63.209156], [33.01821, 63.209456], [33.018961, 63.209735], [33.019518, 63.209993], [33.021922, 63.210894], [33.022909, 63.211044], [33.023724, 63.21098], [33.024368, 63.210851], [33.025763, 63.210701], [33.029174, 63.210787], [33.030054, 63.210679], [33.031041, 63.210379], [33.031084, 63.210401], [33.031535, 63.210315], [33.032157, 63.210422], [33.032929, 63.210701], [33.033144, 63.211237], [33.032136, 63.212589], [33.032007, 63.212933], [33.031942, 63.213791], [33.032028, 63.214048], [33.032178, 63.214327], [33.032758, 63.215057], [33.032929, 63.215379], [33.033058, 63.215786], [33.033101, 63.216344], [33.032887, 63.216859], [33.032629, 63.217246], [33.032479, 63.217653], [33.031985, 63.218361], [33.031106, 63.219069], [33.030805, 63.219606], [33.030548, 63.220464], [33.030505, 63.221001], [33.030397, 63.22128], [33.029625, 63.222009], [33.02881, 63.222481], [33.027973, 63.223125], [33.026278, 63.224348], [33.025655, 63.22482], [33.025291, 63.225228], [33.02499, 63.225635], [33.024561, 63.226108], [33.02351, 63.227653], [33.022801, 63.228768], [33.02263, 63.228961], [33.022179, 63.229734], [33.021943, 63.230249], [33.021771, 63.230485], [33.021171, 63.231043], [33.020591, 63.231515], [33.020398, 63.231729], [33.020269, 63.23218], [33.020205, 63.232652], [33.020012, 63.233317], [33.019991, 63.233553], [33.019862, 63.233961], [33.019733, 63.234047], [33.01821, 63.234605], [33.017051, 63.235399], [33.016514, 63.235828], [33.0163, 63.23615], [33.016064, 63.236686], [33.015999, 63.237437], [33.01542, 63.238274], [33.015356, 63.238446], [33.015463, 63.238982], [33.015484, 63.239433], [33.015441, 63.239647], [33.015248, 63.240098], [33.015098, 63.240248], [33.014025, 63.240935], [33.013746, 63.241257], [33.013317, 63.241471], [33.012652, 63.242029], [33.01145, 63.242523], [33.010227, 63.242909], [33.010099, 63.242995], [33.010013, 63.243381], [33.009691, 63.244153], [33.009369, 63.24469], [33.008811, 63.245419], [33.008768, 63.245999], [33.008318, 63.246664], [33.007502, 63.247265], [33.007416, 63.247436], [33.007395, 63.247673], [33.007867, 63.248574], [33.007888, 63.24896], [33.007953, 63.249175], [33.007888, 63.249582], [33.007888, 63.25014], [33.008275, 63.250848], [33.008511, 63.251406], [33.008468, 63.2522], [33.006687, 63.254346], [33.005356, 63.255547], [33.004584, 63.256127], [33.003919, 63.256706], [33.003211, 63.257178], [33.00261, 63.257479], [33.002224, 63.257929], [33.001902, 63.258466], [33.00173, 63.258616], [33.001151, 63.258916], [33.0007, 63.259024], [32.99982, 63.259324], [32.999155, 63.259603], [32.999198, 63.259582], [32.999048, 63.259603], [32.999005, 63.25971], [32.999026, 63.259667], [32.998919, 63.259732], [32.999005, 63.25971], [32.998404, 63.259903], [32.997632, 63.260268], [32.996215, 63.260762], [32.995421, 63.261169], [32.995357, 63.261255], [32.995507, 63.261577], [32.995851, 63.261856], [32.996709, 63.262328], [32.997589, 63.2628], [32.997953, 63.26295], [32.999134, 63.263294], [32.999262, 63.263444], [32.999413, 63.264302], [32.99952, 63.264603], [33.000013, 63.265161], [33.000078, 63.26559], [33.000056, 63.265697], [32.999949, 63.265804], [32.999627, 63.265976], [32.998898, 63.266169], [32.997117, 63.266427], [32.99658, 63.266899], [32.996087, 63.267435], [32.996022, 63.267735], [32.996065, 63.268036], [32.996451, 63.268572], [32.996301, 63.269109], [32.995421, 63.269667], [32.994649, 63.269967], [32.993834, 63.270396], [32.993104, 63.270718], [32.992332, 63.271147], [32.992289, 63.271512], [32.99231, 63.271684], [32.991709, 63.272842], [32.991409, 63.27325], [32.99083, 63.273722], [32.990508, 63.273894], [32.98877, 63.274387], [32.988362, 63.274559], [32.987783, 63.274967], [32.987525, 63.275396], [32.987096, 63.275932], [32.984585, 63.278099], [32.983813, 63.278614], [32.982397, 63.27928], [32.981839, 63.27973], [32.98171, 63.280138], [32.981302, 63.280653], [32.980938, 63.280996], [32.980315, 63.28134], [32.979779, 63.281833], [32.979199, 63.282112], [32.977204, 63.282906], [32.977075, 63.283035], [32.976903, 63.283378], [32.97671, 63.283957], [32.975959, 63.285588], [32.975831, 63.286125], [32.975831, 63.286575], [32.975895, 63.286768], [32.97553, 63.287004], [32.974994, 63.287047], [32.973041, 63.287026], [32.971668, 63.287198], [32.970702, 63.287455], [32.970209, 63.287627], [32.969887, 63.287755], [32.969522, 63.287991], [32.968792, 63.288292], [32.968385, 63.288378], [32.967741, 63.288442], [32.96729, 63.288378], [32.964694, 63.287305], [32.96345, 63.286704], [32.961454, 63.28591], [32.959759, 63.285159], [32.958235, 63.284537], [32.957806, 63.28443], [32.957398, 63.284387], [32.955639, 63.28443], [32.951777, 63.284644], [32.950275, 63.284837], [32.949266, 63.285138], [32.945554, 63.286532], [32.943, 63.287391], [32.941799, 63.287884], [32.937164, 63.289601], [32.933151, 63.291038], [32.930619, 63.292068], [32.928152, 63.292927], [32.926285, 63.293656], [32.924976, 63.294257], [32.924246, 63.294665], [32.923603, 63.294794], [32.922723, 63.294815], [32.921629, 63.294944], [32.92135, 63.295008], [32.920942, 63.295158], [32.920534, 63.295502], [32.920191, 63.296188], [32.91944, 63.297261], [32.91929, 63.297776], [32.919097, 63.298162], [32.918882, 63.298484], [32.918002, 63.299493], [32.917852, 63.299579], [32.917487, 63.299707], [32.914826, 63.300308], [32.914226, 63.30063], [32.913324, 63.301338], [32.912552, 63.302025], [32.912294, 63.302196], [32.911994, 63.302518], [32.910814, 63.303398], [32.910342, 63.303677], [32.909312, 63.303956], [32.907252, 63.304299], [32.905707, 63.304171], [32.90457, 63.304192], [32.90354, 63.304514], [32.902917, 63.304793], [32.902209, 63.305007], [32.900815, 63.305179], [32.899527, 63.305437], [32.898175, 63.305608], [32.89751, 63.30578], [32.896866, 63.306123], [32.895279, 63.307089], [32.893841, 63.307797], [32.892768, 63.308505], [32.891008, 63.309342], [32.890493, 63.309685], [32.889785, 63.310629], [32.889678, 63.310822], [32.88897, 63.311659], [32.888498, 63.312432], [32.887983, 63.312904], [32.88779, 63.31329], [32.887554, 63.313612], [32.88721, 63.313912], [32.886202, 63.31462], [32.885644, 63.315178], [32.885193, 63.315543], [32.884399, 63.315736], [32.880988, 63.315908], [32.879872, 63.31608], [32.878885, 63.316294], [32.876761, 63.316895], [32.875645, 63.317152], [32.874658, 63.317517], [32.874422, 63.31756], [32.873499, 63.317968], [32.872791, 63.318461], [32.869572, 63.320264], [32.869465, 63.32035], [32.868735, 63.320693], [32.86762, 63.321101], [32.865731, 63.322088], [32.865152, 63.322431], [32.864551, 63.322903], [32.864315, 63.323139], [32.8638, 63.323847], [32.862556, 63.325242], [32.861955, 63.326315], [32.86174, 63.326465], [32.856869, 63.329276], [32.854681, 63.330585], [32.854251, 63.330928], [32.853436, 63.331357], [32.851333, 63.332001], [32.850582, 63.332366], [32.850046, 63.332817], [32.850067, 63.333224], [32.850132, 63.333417], [32.85026, 63.333589], [32.851183, 63.334426], [32.852149, 63.335177], [32.852406, 63.335499], [32.852685, 63.3361], [32.853264, 63.336615], [32.854015, 63.337494], [32.85408, 63.337687], [32.853972, 63.337966], [32.853565, 63.33846], [32.852664, 63.339147], [32.852363, 63.339447], [32.851269, 63.340262], [32.850861, 63.340799], [32.850647, 63.341228], [32.85026, 63.341764], [32.849681, 63.342344], [32.848393, 63.343953], [32.847986, 63.344339], [32.846098, 63.345927], [32.845583, 63.346442], [32.843737, 63.347579], [32.84348, 63.347794], [32.842793, 63.348481], [32.841634, 63.349146], [32.840905, 63.349468], [32.839059, 63.350176], [32.838223, 63.350562], [32.837772, 63.350862], [32.837429, 63.351034], [32.835905, 63.351571], [32.834575, 63.352214], [32.830905, 63.353416], [32.829811, 63.353738], [32.829532, 63.353867], [32.829296, 63.354038], [32.828974, 63.354575], [32.82861, 63.355304], [32.828459, 63.355862], [32.82818, 63.35642], [32.827966, 63.356613], [32.826678, 63.357429], [32.826228, 63.358072], [32.826078, 63.358609], [32.826035, 63.359209], [32.825884, 63.359724], [32.82552, 63.360518], [32.825198, 63.361098], [32.825112, 63.361484], [32.825026, 63.361699], [32.825048, 63.362235], [32.825756, 63.363136], [32.826163, 63.36393], [32.826378, 63.364123], [32.826871, 63.364338], [32.828502, 63.364703], [32.830498, 63.365303], [32.83142, 63.365733], [32.831528, 63.36599], [32.83142, 63.366269], [32.830562, 63.366977], [32.830584, 63.367514], [32.831099, 63.368114], [32.831442, 63.368286], [32.832086, 63.368501], [32.833631, 63.368608], [32.836442, 63.368651], [32.837622, 63.36878], [32.838587, 63.368823], [32.839424, 63.368758], [32.839875, 63.368651], [32.840969, 63.368265], [32.841699, 63.3682], [32.842428, 63.368029], [32.843694, 63.367964], [32.844209, 63.367857], [32.846312, 63.367793], [32.847213, 63.367921], [32.848072, 63.368114], [32.849659, 63.368243], [32.851612, 63.368565], [32.852792, 63.368608], [32.853307, 63.368587], [32.856032, 63.368072], [32.857728, 63.367878], [32.868177, 63.367514], [32.868821, 63.367535], [32.869572, 63.367642], [32.870731, 63.368308], [32.87101, 63.368544], [32.872018, 63.369724], [32.872598, 63.370174], [32.872748, 63.37041], [32.872791, 63.370646], [32.872791, 63.371183], [32.872834, 63.371269], [32.872834, 63.371397], [32.872812, 63.371719], [32.872726, 63.371934], [32.872812, 63.372277], [32.87292, 63.37247], [32.873241, 63.372792], [32.873628, 63.37305], [32.873864, 63.373329], [32.874207, 63.373565], [32.87528, 63.373972], [32.877018, 63.374509], [32.879636, 63.375153], [32.880408, 63.375303], [32.881674, 63.375453], [32.882769, 63.375539], [32.883906, 63.375539], [32.885751, 63.375753], [32.888605, 63.37629], [32.890472, 63.376569], [32.891759, 63.376955], [32.892274, 63.377255], [32.893476, 63.377727], [32.897467, 63.37968], [32.898089, 63.380045], [32.898433, 63.380324], [32.898712, 63.380624], [32.899591, 63.382062], [32.899699, 63.382448], [32.900407, 63.383457], [32.900536, 63.383714], [32.9009, 63.384208], [32.900986, 63.384809], [32.900943, 63.385216], [32.900836, 63.385431], [32.900815, 63.38571], [32.90075, 63.385967], [32.900793, 63.386418], [32.900986, 63.386761], [32.901308, 63.387083], [32.901609, 63.387319], [32.90193, 63.387469], [32.902231, 63.387555], [32.903347, 63.38777], [32.90487, 63.388156], [32.905728, 63.388306], [32.906694, 63.388585], [32.907402, 63.388714], [32.908389, 63.388993], [32.90899, 63.389207], [32.910642, 63.389937], [32.911608, 63.390259], [32.913796, 63.391096], [32.914183, 63.391267], [32.91502, 63.391739], [32.915663, 63.392383], [32.915964, 63.392834], [32.916135, 63.393005], [32.916286, 63.39307], [32.916436, 63.39322], [32.917401, 63.393821], [32.918174, 63.39425], [32.918882, 63.394422], [32.919869, 63.394443], [32.920148, 63.394507], [32.920963, 63.394507], [32.923066, 63.394615], [32.924397, 63.394615], [32.926371, 63.3947], [32.927937, 63.394808], [32.932186, 63.395258], [32.933001, 63.395301], [32.933774, 63.395258], [32.934289, 63.39513], [32.93519, 63.394679], [32.935361, 63.394507], [32.936112, 63.393971], [32.940404, 63.391332], [32.941134, 63.39101], [32.941713, 63.39086], [32.941927, 63.390838], [32.945318, 63.390666], [32.946348, 63.390666], [32.947313, 63.390795], [32.947936, 63.390988], [32.948536, 63.391203], [32.949996, 63.391868], [32.952056, 63.392598], [32.954888, 63.393284], [32.956197, 63.393542], [32.95712, 63.393671], [32.959115, 63.393778], [32.961325, 63.394057], [32.964952, 63.393756], [32.968792, 63.393241], [32.973642, 63.392898], [32.974908, 63.392855], [32.976131, 63.392877], [32.976539, 63.39292], [32.977204, 63.393027], [32.977655, 63.393156], [32.979157, 63.393434], [32.981367, 63.393735], [32.982804, 63.393885], [32.984306, 63.394164], [32.984972, 63.394228], [32.985916, 63.394379], [32.986817, 63.394464], [32.987396, 63.394464], [32.987783, 63.394422], [32.989349, 63.394121], [32.990014, 63.394035], [32.990593, 63.393992], [32.991216, 63.394014], [32.992096, 63.394207], [32.996108, 63.395344], [32.997589, 63.395709], [32.998554, 63.396074], [32.999498, 63.396331], [33.000636, 63.396589], [33.001108, 63.396739], [33.003919, 63.397275], [33.004541, 63.397426], [33.008124, 63.398992], [33.009326, 63.399636], [33.010077, 63.399958], [33.0113, 63.400086], [33.014004, 63.400086], [33.017416, 63.400151], [33.018553, 63.400065], [33.01969, 63.399807], [33.020999, 63.399357], [33.024776, 63.39749], [33.026621, 63.396825], [33.027908, 63.396224], [33.028681, 63.395795], [33.029904, 63.394958], [33.031728, 63.393864], [33.032629, 63.39337], [33.033123, 63.39322], [33.033638, 63.392984], [33.034796, 63.392705], [33.036062, 63.39249], [33.037371, 63.392405], [33.038187, 63.392447], [33.039753, 63.392405], [33.040418, 63.392469], [33.041212, 63.392683], [33.041577, 63.392855], [33.041856, 63.393113], [33.04192, 63.393263], [33.041877, 63.393434], [33.041277, 63.394336], [33.041255, 63.394507], [33.041319, 63.394679], [33.041513, 63.394937], [33.041706, 63.395087], [33.042092, 63.395258], [33.042414, 63.395366], [33.042886, 63.395387], [33.044388, 63.395194], [33.045311, 63.394894], [33.045761, 63.394829], [33.046062, 63.394829], [33.046341, 63.394915], [33.046426, 63.394979], [33.046469, 63.395108], [33.046383, 63.395258], [33.045847, 63.395666], [33.045439, 63.396203], [33.045289, 63.396567], [33.045075, 63.396825], [33.043401, 63.397855], [33.042435, 63.398584], [33.04207, 63.398777], [33.041169, 63.3994], [33.04104, 63.399593], [33.040418, 63.400108], [33.040225, 63.400344], [33.039968, 63.400516], [33.03986, 63.400644], [33.039796, 63.400773], [33.039839, 63.400859], [33.039968, 63.400923], [33.040289, 63.401031], [33.040719, 63.401052], [33.041942, 63.400859], [33.042564, 63.400666], [33.043937, 63.400065], [33.046233, 63.399464], [33.047328, 63.39925], [33.048379, 63.399121], [33.048937, 63.398992], [33.049731, 63.398928], [33.050503, 63.399078], [33.052027, 63.39955], [33.052606, 63.400001], [33.052692, 63.400172], [33.052928, 63.400473], [33.053164, 63.40058], [33.053422, 63.400623], [33.053851, 63.400623], [33.054366, 63.400516], [33.056597, 63.399657], [33.057327, 63.399443], [33.057756, 63.399443], [33.058378, 63.399722], [33.058614, 63.399958], [33.059902, 63.400859], [33.060288, 63.401181], [33.060374, 63.401309], [33.060503, 63.401352], [33.060567, 63.40146], [33.060782, 63.401567], [33.061082, 63.401653], [33.061554, 63.401717], [33.062369, 63.401696], [33.064279, 63.401503], [33.064837, 63.401374], [33.065331, 63.401159], [33.065459, 63.401052], [33.066296, 63.399958], [33.066532, 63.399765], [33.068163, 63.39882], [33.068463, 63.398606], [33.068614, 63.398391], [33.068699, 63.398069], [33.068699, 63.397941], [33.068549, 63.397576], [33.068485, 63.397318], [33.068549, 63.397104], [33.068678, 63.396954], [33.069064, 63.396632], [33.069536, 63.396331], [33.070566, 63.395902], [33.071746, 63.395494], [33.07312, 63.395215], [33.073699, 63.395237], [33.074836, 63.395387], [33.076338, 63.395473], [33.077111, 63.39543], [33.07784, 63.395323], [33.078591, 63.395194], [33.078892, 63.395065], [33.079814, 63.39455], [33.080093, 63.394443], [33.080501, 63.394379], [33.081038, 63.394379], [33.082046, 63.394507], [33.08505, 63.394765], [33.085458, 63.394851], [33.086123, 63.395022], [33.086574, 63.395215], [33.087046, 63.395516], [33.087968, 63.396245], [33.088784, 63.396439], [33.089621, 63.396396], [33.090694, 63.396267], [33.091251, 63.39616], [33.092646, 63.396074], [33.095157, 63.396052], [33.096358, 63.39616], [33.097217, 63.396374], [33.097474, 63.396503], [33.097839, 63.396803], [33.098032, 63.397082], [33.098118, 63.397383], [33.098504, 63.398198], [33.098654, 63.398413], [33.099277, 63.399056], [33.099684, 63.399593], [33.100049, 63.399915], [33.100264, 63.400001], [33.10316, 63.400666], [33.106744, 63.401631], [33.107001, 63.401653], [33.110563, 63.401481], [33.113203, 63.401052], [33.113696, 63.400923], [33.114147, 63.400752], [33.114833, 63.400451], [33.115542, 63.400086], [33.116571, 63.399722], [33.11758, 63.399486], [33.119297, 63.399207], [33.119919, 63.399013], [33.122344, 63.398026], [33.123717, 63.397383], [33.124125, 63.397254], [33.128695, 63.396632], [33.131098, 63.396267], [33.13142, 63.396245], [33.131678, 63.396267], [33.132042, 63.396374], [33.132214, 63.396524], [33.1323, 63.396653], [33.132321, 63.396954], [33.132042, 63.39734], [33.132, 63.397619], [33.132257, 63.398005], [33.135047, 63.399378], [33.135261, 63.399614], [33.135304, 63.39985], [33.134703, 63.400988], [33.13466, 63.401095], [33.13466, 63.401309], [33.134489, 63.401545], [33.134059, 63.40191], [33.133974, 63.40206], [33.133952, 63.402275], [33.134038, 63.402533], [33.134124, 63.40264], [33.134532, 63.402833], [33.136141, 63.403176], [33.136763, 63.403241], [33.137128, 63.403241], [33.137493, 63.403155], [33.138973, 63.402618], [33.140304, 63.402211], [33.143093, 63.401846], [33.144016, 63.40176], [33.144617, 63.401782], [33.145346, 63.401932], [33.146526, 63.402361], [33.146827, 63.402511], [33.14702, 63.402554], [33.147878, 63.40309], [33.148694, 63.403391], [33.149509, 63.403477], [33.153007, 63.404335], [33.153779, 63.404378], [33.154895, 63.404206], [33.155453, 63.404163], [33.156526, 63.404249], [33.157019, 63.404378], [33.157277, 63.404507], [33.158543, 63.404871], [33.159487, 63.405193], [33.159873, 63.405258], [33.16041, 63.405322], [33.16262, 63.405386], [33.163864, 63.405472], [33.166847, 63.405837], [33.168778, 63.405944], [33.170902, 63.406202], [33.171739, 63.406223], [33.172726, 63.406202], [33.174529, 63.406052], [33.181266, 63.405386], [33.181953, 63.405172], [33.182554, 63.404914], [33.183755, 63.404099], [33.184571, 63.403627], [33.186309, 63.402876], [33.186996, 63.402683], [33.188562, 63.402318], [33.191373, 63.401503], [33.192617, 63.401331], [33.193969, 63.401202], [33.198883, 63.401138], [33.201093, 63.401267], [33.201437, 63.40146], [33.202295, 63.400494], [33.202638, 63.400279], [33.203132, 63.400151], [33.205256, 63.399786], [33.207252, 63.399657], [33.208196, 63.3997], [33.209097, 63.399807], [33.211135, 63.400258], [33.216242, 63.401202], [33.2168, 63.401267], [33.217187, 63.401267], [33.224332, 63.400537], [33.227744, 63.400043], [33.234288, 63.399528], [33.234653, 63.399443], [33.236262, 63.398928], [33.236885, 63.39882], [33.239781, 63.398842], [33.242206, 63.398584], [33.24476, 63.398498], [33.246712, 63.398284], [33.247978, 63.398069], [33.248987, 63.397769], [33.249673, 63.397619], [33.252742, 63.397232], [33.254051, 63.397147], [33.255295, 63.397297], [33.256626, 63.397619], [33.257656, 63.397812], [33.260467, 63.398649], [33.260724, 63.398863], [33.261411, 63.399142], [33.268792, 63.401653], [33.270788, 63.402425], [33.273513, 63.403799], [33.274264, 63.404099], [33.274564, 63.404185], [33.276324, 63.404378], [33.277697, 63.404378], [33.27877, 63.404507], [33.279521, 63.404507], [33.281838, 63.404271], [33.283298, 63.404271], [33.283856, 63.404399], [33.283319, 63.404807], [33.282933, 63.405408], [33.280122, 63.409378], [33.278019, 63.41118], [33.277611, 63.411437], [33.276581, 63.412188], [33.273384, 63.414635], [33.272097, 63.415793], [33.271002, 63.416652], [33.269608, 63.417574], [33.268814, 63.418197], [33.268213, 63.418905], [33.266797, 63.420707], [33.266282, 63.421544], [33.265552, 63.422209], [33.265209, 63.422681], [33.265338, 63.423089], [33.265788, 63.423454], [33.269887, 63.426393], [33.276496, 63.431243], [33.277096, 63.431522], [33.277719, 63.431694], [33.280079, 63.432015], [33.281302, 63.43238], [33.283104, 63.433281], [33.286323, 63.434762], [33.286559, 63.435127], [33.286473, 63.435363], [33.286151, 63.435685], [33.28274, 63.43768], [33.281817, 63.438109], [33.280444, 63.438903], [33.279435, 63.439547], [33.279221, 63.439719], [33.278856, 63.440083], [33.278298, 63.441006], [33.277869, 63.4415], [33.277461, 63.441843], [33.277118, 63.442229], [33.276538, 63.443839], [33.276174, 63.444632], [33.275616, 63.445255], [33.275401, 63.445577], [33.27538, 63.445641], [33.275444, 63.445813], [33.275981, 63.446542], [33.276238, 63.447036], [33.276474, 63.448023], [33.276774, 63.448581], [33.27744, 63.449289], [33.278277, 63.449697], [33.278706, 63.450018], [33.278985, 63.450362], [33.279156, 63.450791], [33.278577, 63.451349], [33.277268, 63.451692], [33.276023, 63.451907], [33.274693, 63.452078], [33.273942, 63.452336], [33.272483, 63.452658], [33.270981, 63.452894], [33.268964, 63.453323], [33.266818, 63.454439], [33.266432, 63.454374], [33.266689, 63.454503], [33.265616, 63.455039], [33.26478, 63.455962], [33.2639, 63.456842], [33.262012, 63.458601], [33.261904, 63.459503], [33.261926, 63.459696], [33.261711, 63.460061], [33.261218, 63.460404], [33.259737, 63.461133], [33.258965, 63.461734], [33.25845, 63.462378], [33.257849, 63.463], [33.256282, 63.46418], [33.255295, 63.464867], [33.254394, 63.465253], [33.250553, 63.466584], [33.243537, 63.468794], [33.241884, 63.46948], [33.240254, 63.470232], [33.238623, 63.471219], [33.237464, 63.471841], [33.236842, 63.472055], [33.235447, 63.472399], [33.232894, 63.472892], [33.231778, 63.473171], [33.23107, 63.473536], [33.230834, 63.473836], [33.230898, 63.47403], [33.231027, 63.474158], [33.231906, 63.47463], [33.232078, 63.474823], [33.23167, 63.475896], [33.231713, 63.476883], [33.231906, 63.477055], [33.232722, 63.477291], [33.235039, 63.477742], [33.236026, 63.477785], [33.237636, 63.477677], [33.238773, 63.477849], [33.240125, 63.478364], [33.241155, 63.479158], [33.241283, 63.47933], [33.241498, 63.47978], [33.241648, 63.48066], [33.242206, 63.48169], [33.242507, 63.482827], [33.242721, 63.483042], [33.243472, 63.483557], [33.244116, 63.484072], [33.244352, 63.484351], [33.244416, 63.484587], [33.244395, 63.484737], [33.244159, 63.485102], [33.243365, 63.48596], [33.243215, 63.486239], [33.243215, 63.486883], [33.24433, 63.488535], [33.24491, 63.489093], [33.245682, 63.49008], [33.245811, 63.490445], [33.245875, 63.490766], [33.245554, 63.492097], [33.245232, 63.492633], [33.244717, 63.493363], [33.244588, 63.494028], [33.244631, 63.494565], [33.244094, 63.495659], [33.243579, 63.496281], [33.242936, 63.496925], [33.242635, 63.497418], [33.242678, 63.497933], [33.242807, 63.49847], [33.243064, 63.499199], [33.243665, 63.499843], [33.244309, 63.500444], [33.245918, 63.501774], [33.248021, 63.503684], [33.248236, 63.504456], [33.248643, 63.505379], [33.248815, 63.506087], [33.248601, 63.506602], [33.248086, 63.507117], [33.247914, 63.50819], [33.248236, 63.508941], [33.249909, 63.510787], [33.249867, 63.511409], [33.249394, 63.511731], [33.248815, 63.511688], [33.251969, 63.512095], [33.252956, 63.51216], [33.253107, 63.512224], [33.253042, 63.512138], [33.252999, 63.51216], [33.253064, 63.512181], [33.252978, 63.512138], [33.252999, 63.512138], [33.252935, 63.512181], [33.253064, 63.512267], [33.254501, 63.51246], [33.256433, 63.512653], [33.257334, 63.512718], [33.257398, 63.512675], [33.257677, 63.512761], [33.258621, 63.512825], [33.260295, 63.513082], [33.262226, 63.513919], [33.262527, 63.514155], [33.26272, 63.51452], [33.262183, 63.515464], [33.260402, 63.516902], [33.259673, 63.51761], [33.258514, 63.519026], [33.257184, 63.520335], [33.256261, 63.521365], [33.255746, 63.52203], [33.255639, 63.522266], [33.254609, 63.523404], [33.252377, 63.525099], [33.249459, 63.527652], [33.248729, 63.528403], [33.248086, 63.529369], [33.247399, 63.530163], [33.246283, 63.531171], [33.246154, 63.531193], [33.246219, 63.531193], [33.246047, 63.53115], [33.246047, 63.531236], [33.246047, 63.531193], [33.246111, 63.531128], [33.246004, 63.531171], [33.246069, 63.531128], [33.246197, 63.53115], [33.24624, 63.531214], [33.245854, 63.531729], [33.245554, 63.532244], [33.245596, 63.532909], [33.24579, 63.533424], [33.245897, 63.533982], [33.24609, 63.534368], [33.246734, 63.534841], [33.248365, 63.535184], [33.251497, 63.535463], [33.255038, 63.535935], [33.255016, 63.535956], [33.255059, 63.535935], [33.255467, 63.535956], [33.256754, 63.536064], [33.259415, 63.536407], [33.261282, 63.536343], [33.262226, 63.536192], [33.263793, 63.535806], [33.26405, 63.535785], [33.265102, 63.535849], [33.265402, 63.535913], [33.266711, 63.536364], [33.268041, 63.537437], [33.269672, 63.53866], [33.27008, 63.538853], [33.270638, 63.539003], [33.272376, 63.539068], [33.275787, 63.538767], [33.277289, 63.538488], [33.27847, 63.538317], [33.28083, 63.538274], [33.282289, 63.538381], [33.283083, 63.538553], [33.283984, 63.538832], [33.285572, 63.539432], [33.286988, 63.540162], [33.289477, 63.540741], [33.290121, 63.540977], [33.290786, 63.541278], [33.291516, 63.541857], [33.291688, 63.542072], [33.29173, 63.542243], [33.291688, 63.542415], [33.290786, 63.543552], [33.290486, 63.544518], [33.290293, 63.544754], [33.289306, 63.545634], [33.288619, 63.546342], [33.288083, 63.547372], [33.288147, 63.54808], [33.288083, 63.54896], [33.287932, 63.549582], [33.287782, 63.549904], [33.287761, 63.550312], [33.28849, 63.550869], [33.28907, 63.551191], [33.290443, 63.551556], [33.293683, 63.551878], [33.295014, 63.55205], [33.296237, 63.552307], [33.297588, 63.55265], [33.300507, 63.553552], [33.301901, 63.553766], [33.302717, 63.553723], [33.304927, 63.553294], [33.306043, 63.55323], [33.308596, 63.553337], [33.310399, 63.553616], [33.311321, 63.553831], [33.313274, 63.554174], [33.314132, 63.554195], [33.316493, 63.554045], [33.317651, 63.554174], [33.318574, 63.554667], [33.319325, 63.555376], [33.319518, 63.555483], [33.320033, 63.555654], [33.32102, 63.555891], [33.323123, 63.556363], [33.324411, 63.556599], [33.325913, 63.557006], [33.326814, 63.557607], [33.327093, 63.558036], [33.327243, 63.558508], [33.327286, 63.558787], [33.327887, 63.559581], [33.328724, 63.560225], [33.329367, 63.560525], [33.330247, 63.56074], [33.33117, 63.560869], [33.332779, 63.561298], [33.333659, 63.561491], [33.334667, 63.561512], [33.338272, 63.561276], [33.339495, 63.56104], [33.341405, 63.560547], [33.343443, 63.560225], [33.346855, 63.560246], [33.347263, 63.560289], [33.347563, 63.560397], [33.348271, 63.56089], [33.349108, 63.561384], [33.35016, 63.562221], [33.35164, 63.562907], [33.353185, 63.563422], [33.354687, 63.563658], [33.355975, 63.563787], [33.361704, 63.563529], [33.363549, 63.563336], [33.364236, 63.56295], [33.365373, 63.561985], [33.368098, 63.559517], [33.369987, 63.557908], [33.370781, 63.55735], [33.371703, 63.556921], [33.37284, 63.55647], [33.376231, 63.554903], [33.37784, 63.554431], [33.379557, 63.554195], [33.387024, 63.554839], [33.389449, 63.555333], [33.391916, 63.555998], [33.39256, 63.556105], [33.393697, 63.556169], [33.394856, 63.556169], [33.399534, 63.555719], [33.400735, 63.555676], [33.401336, 63.555933], [33.402345, 63.55662], [33.403546, 63.557543], [33.403632, 63.557564], [33.405027, 63.558616], [33.405542, 63.558959], [33.406272, 63.559302], [33.407108, 63.55956], [33.410971, 63.560268], [33.413889, 63.560761], [33.415649, 63.561148], [33.417193, 63.561362], [33.424983, 63.562843], [33.426098, 63.563143], [33.426506, 63.563315], [33.426528, 63.563358], [33.426141, 63.564044], [33.425841, 63.564345], [33.424811, 63.565139], [33.423888, 63.565504], [33.421185, 63.566963], [33.417086, 63.568593], [33.414726, 63.569945], [33.414211, 63.570096], [33.414147, 63.570053], [33.414189, 63.570074], [33.413095, 63.570267], [33.412451, 63.570439], [33.411743, 63.570739], [33.411529, 63.570889], [33.411164, 63.571619], [33.411121, 63.571984], [33.411142, 63.572263], [33.411035, 63.572992], [33.411336, 63.573743], [33.412065, 63.57458], [33.412172, 63.574838], [33.412194, 63.575546], [33.4117, 63.576747], [33.4117, 63.576833], [33.412237, 63.577284], [33.412687, 63.577606], [33.412859, 63.577692], [33.413953, 63.577949], [33.415134, 63.578099], [33.415134, 63.578164], [33.415305, 63.578249], [33.415391, 63.578357], [33.415284, 63.57885], [33.415069, 63.579129], [33.414683, 63.57943], [33.414104, 63.579794], [33.413481, 63.580095], [33.412087, 63.580588], [33.409361, 63.581361], [33.408289, 63.581704], [33.407623, 63.582026], [33.406829, 63.582584], [33.406508, 63.583056], [33.406272, 63.583592], [33.406229, 63.583979], [33.406529, 63.584537], [33.407967, 63.586103], [33.408525, 63.586918], [33.408696, 63.587562], [33.409104, 63.588721], [33.409812, 63.590073], [33.410306, 63.590759], [33.410885, 63.592004], [33.41155, 63.592669], [33.413632, 63.594386], [33.415327, 63.595609], [33.415563, 63.595695], [33.416421, 63.595866], [33.419125, 63.595973], [33.420004, 63.59621], [33.420455, 63.596703], [33.420434, 63.596746], [33.42067, 63.597003], [33.420734, 63.597154], [33.421228, 63.597647], [33.4217, 63.597969], [33.422601, 63.598334], [33.423545, 63.599364], [33.424103, 63.600179], [33.424403, 63.600759], [33.425133, 63.601917], [33.425476, 63.602303], [33.425347, 63.602282], [33.425412, 63.602325], [33.425476, 63.602239], [33.425519, 63.602239], [33.425476, 63.602261], [33.425498, 63.602303], [33.42539, 63.602303], [33.426184, 63.603634], [33.426506, 63.603934], [33.429253, 63.604964], [33.432107, 63.60505], [33.432922, 63.60535], [33.435304, 63.60711], [33.437042, 63.608505], [33.438522, 63.609599], [33.438801, 63.609857], [33.438994, 63.610136], [33.438844, 63.610887], [33.437771, 63.613805], [33.43642, 63.617066], [33.435132, 63.620414], [33.43481, 63.6211], [33.434639, 63.621744], [33.434617, 63.622452], [33.434918, 63.62595], [33.435068, 63.627237], [33.435175, 63.629383], [33.435561, 63.633245], [33.435561, 63.633975], [33.435647, 63.634919], [33.435626, 63.635735], [33.435561, 63.635906], [33.434875, 63.63685], [33.433544, 63.638481], [33.430605, 63.642322], [33.428781, 63.644597], [33.427879, 63.644833], [33.425648, 63.644747], [33.423867, 63.644725], [33.417923, 63.644833], [33.416228, 63.64479], [33.414683, 63.644618], [33.413395, 63.644361], [33.410542, 63.644339], [33.408546, 63.644189], [33.407409, 63.643867], [33.406336, 63.643373], [33.40595, 63.643266], [33.404941, 63.643137], [33.404212, 63.643202], [33.403246, 63.643524], [33.400113, 63.64509], [33.399748, 63.645219], [33.399319, 63.645283], [33.396508, 63.645455], [33.395393, 63.645648], [33.39447, 63.64612], [33.394105, 63.646807], [33.39359, 63.647129], [33.391852, 63.647429], [33.39123, 63.647408], [33.389363, 63.647193], [33.38726, 63.647086], [33.385136, 63.647257], [33.383076, 63.647279], [33.381552, 63.647408], [33.378398, 63.647794], [33.372583, 63.648609], [33.368485, 63.648952], [33.365695, 63.649317], [33.364365, 63.649575], [33.363335, 63.64994], [33.361876, 63.650326], [33.360545, 63.65054], [33.35634, 63.650755], [33.352542, 63.650776], [33.351469, 63.650669], [33.349537, 63.650304], [33.347048, 63.649918], [33.345482, 63.649725], [33.344366, 63.649703], [33.342092, 63.649875], [33.338465, 63.650455], [33.333187, 63.651184], [33.331127, 63.651806], [33.32926, 63.652278], [33.329067, 63.6523], [33.328445, 63.652257], [33.327458, 63.652128], [33.326642, 63.651935], [33.325505, 63.651377], [33.324411, 63.651098], [33.322973, 63.651206], [33.320613, 63.651656], [33.319475, 63.651978], [33.318595, 63.652407], [33.317673, 63.652643], [33.315742, 63.65348], [33.315248, 63.653609], [33.312265, 63.654059], [33.311922, 63.654145], [33.311193, 63.654467], [33.310678, 63.654617], [33.307416, 63.654896], [33.305914, 63.655132], [33.305142, 63.655819], [33.305056, 63.655948], [33.305099, 63.65657], [33.305206, 63.657257], [33.30512, 63.657385], [33.303983, 63.657793], [33.302631, 63.657836], [33.302202, 63.657922], [33.301966, 63.658008], [33.301322, 63.658351], [33.300314, 63.658737], [33.299326, 63.659188], [33.298726, 63.65966], [33.298254, 63.660218], [33.298018, 63.660947], [33.297889, 63.661098], [33.297717, 63.661205], [33.296601, 63.661655], [33.296516, 63.661741], [33.295786, 63.662857], [33.295099, 63.663308], [33.294499, 63.663522], [33.291623, 63.664187], [33.290357, 63.664702], [33.288877, 63.66541], [33.28804, 63.665668], [33.287267, 63.66599], [33.284285, 63.666569], [33.283555, 63.666655], [33.282826, 63.666677], [33.281388, 63.666634], [33.279693, 63.666655], [33.277332, 63.666934], [33.275916, 63.667149], [33.274264, 63.667749], [33.273856, 63.667943], [33.272826, 63.668543], [33.271861, 63.668972], [33.27141, 63.669294], [33.271024, 63.669638], [33.270788, 63.669766], [33.270423, 63.669831], [33.269093, 63.669852], [33.267955, 63.669917], [33.267119, 63.670045], [33.266282, 63.67041], [33.264501, 63.670968], [33.263042, 63.671826], [33.261647, 63.672341], [33.259909, 63.672813], [33.257484, 63.673393], [33.255767, 63.673908], [33.253879, 63.674423], [33.252012, 63.674466], [33.250489, 63.67423], [33.248794, 63.674165], [33.246133, 63.6738], [33.244803, 63.673414], [33.244202, 63.673178], [33.243815, 63.672964], [33.243129, 63.672341], [33.242914, 63.672234], [33.241798, 63.672019], [33.240468, 63.671891], [33.238515, 63.671569], [33.237164, 63.67144], [33.235597, 63.671419], [33.234696, 63.671547], [33.233022, 63.67217], [33.231735, 63.672384], [33.229932, 63.672234], [33.22901, 63.672062], [33.228516, 63.671655], [33.22783, 63.671247], [33.226456, 63.671032], [33.225126, 63.670153], [33.224697, 63.669938], [33.222916, 63.669251], [33.222444, 63.669187], [33.221864, 63.66938], [33.219118, 63.671097], [33.218174, 63.671783], [33.217873, 63.671912], [33.215277, 63.672234], [33.214461, 63.672384], [33.214311, 63.672341], [33.214569, 63.672384], [33.213753, 63.672406], [33.210835, 63.672255], [33.209698, 63.672277], [33.208861, 63.672513], [33.208818, 63.672492], [33.208861, 63.67247], [33.206093, 63.672985], [33.203003, 63.673929], [33.201115, 63.67483], [33.197896, 63.676225], [33.192403, 63.676955], [33.191051, 63.677491], [33.190643, 63.678242], [33.190901, 63.679143], [33.191051, 63.678929], [33.190901, 63.679079], [33.190515, 63.679294], [33.188734, 63.679744], [33.187446, 63.680345], [33.186051, 63.68071], [33.1853, 63.680967], [33.184721, 63.681268], [33.184635, 63.681375], [33.184614, 63.681654], [33.184936, 63.68262], [33.185365, 63.683692], [33.185408, 63.683993], [33.185322, 63.684572], [33.184936, 63.68498], [33.184528, 63.685237], [33.180859, 63.687083], [33.179807, 63.687533], [33.178134, 63.68792], [33.17528, 63.687834], [33.171546, 63.688027], [33.169336, 63.688027], [33.167491, 63.688156], [33.166654, 63.688349], [33.164444, 63.689186], [33.163113, 63.689808], [33.160839, 63.690945], [33.160152, 63.691224], [33.154788, 63.69234], [33.150432, 63.693348], [33.148028, 63.694078], [33.147041, 63.694421], [33.145861, 63.695001], [33.139789, 63.698606], [33.138973, 63.699013], [33.134596, 63.701588], [33.13348, 63.701974], [33.131935, 63.702425], [33.128759, 63.703541], [33.124468, 63.705558], [33.122408, 63.70648], [33.120005, 63.707639], [33.119211, 63.708133], [33.118782, 63.708991], [33.118825, 63.709077], [33.118803, 63.709034], [33.118696, 63.709055], [33.118739, 63.709098], [33.118717, 63.709141], [33.118739, 63.709077], [33.11876, 63.709141], [33.118782, 63.70912], [33.118653, 63.709141], [33.118631, 63.709098], [33.11876, 63.709077], [33.118717, 63.709141], [33.118782, 63.70912], [33.118782, 63.709313], [33.118674, 63.70942], [33.118224, 63.710236], [33.11773, 63.711308], [33.117451, 63.711823], [33.116722, 63.713004], [33.115627, 63.715021], [33.115434, 63.715557], [33.115477, 63.715857], [33.115778, 63.716244], [33.116335, 63.71678], [33.117065, 63.717252], [33.117473, 63.717703], [33.118159, 63.718261], [33.118267, 63.71854], [33.118374, 63.719119], [33.118589, 63.719677], [33.11891, 63.720192], [33.120026, 63.721072], [33.121807, 63.722166], [33.122, 63.722359], [33.122193, 63.722939], [33.12258, 63.723196], [33.123073, 63.723604], [33.123588, 63.72414], [33.12406, 63.724526], [33.124232, 63.724741], [33.124296, 63.72487], [33.124296, 63.725234], [33.124232, 63.725385], [33.12406, 63.725535], [33.123288, 63.726028], [33.123138, 63.7262], [33.123095, 63.7265], [33.123159, 63.727037], [33.123309, 63.727466], [33.123674, 63.727874], [33.124361, 63.728196], [33.124919, 63.728646], [33.125369, 63.729612], [33.125434, 63.730127], [33.125176, 63.73062], [33.12479, 63.731157], [33.124682, 63.731693], [33.125369, 63.732208], [33.129124, 63.733109], [33.129918, 63.73341], [33.130433, 63.734783], [33.130562, 63.736178], [33.130862, 63.737101], [33.130905, 63.737401], [33.130841, 63.737916], [33.130562, 63.738474], [33.129811, 63.739504], [33.129704, 63.739997], [33.13024, 63.740534], [33.131978, 63.741971], [33.132107, 63.742122], [33.132622, 63.743001], [33.132751, 63.743602], [33.133523, 63.745255], [33.134274, 63.746177], [33.13451, 63.746778], [33.134596, 63.748173], [33.134553, 63.748602], [33.134617, 63.749031], [33.134746, 63.749289], [33.134768, 63.749525], [33.134746, 63.749761], [33.134939, 63.750319], [33.134939, 63.750619], [33.134682, 63.750919], [33.133459, 63.751606], [33.129189, 63.75388], [33.1273, 63.754739], [33.12627, 63.755468], [33.12509, 63.756155], [33.124511, 63.75667], [33.123674, 63.757164], [33.122644, 63.757571], [33.122043, 63.757872], [33.120327, 63.75888], [33.119683, 63.759309], [33.118803, 63.760275], [33.118653, 63.760511], [33.118567, 63.760768], [33.118631, 63.76094], [33.119297, 63.761434], [33.119833, 63.76167], [33.122086, 63.762206], [33.122837, 63.762571], [33.123352, 63.76285], [33.124168, 63.763386], [33.125155, 63.764137], [33.125948, 63.764652], [33.12685, 63.765167], [33.127837, 63.765897], [33.128073, 63.766133], [33.128287, 63.766455], [33.128416, 63.766862], [33.128502, 63.767313], [33.128566, 63.7683], [33.12891, 63.768944], [33.129768, 63.769716], [33.130905, 63.770575], [33.132751, 63.772162], [33.13333, 63.772871], [33.133974, 63.773343], [33.134918, 63.773943], [33.136248, 63.775016], [33.136978, 63.775445], [33.137128, 63.775488], [33.136978, 63.775574], [33.136999, 63.775596], [33.137128, 63.775553], [33.137128, 63.77551], [33.137192, 63.775553], [33.137128, 63.775596], [33.137149, 63.775531], [33.137064, 63.77551], [33.137085, 63.775531], [33.137042, 63.775596], [33.137536, 63.77596], [33.138308, 63.776368], [33.13893, 63.77684], [33.138952, 63.777334], [33.139059, 63.777462], [33.140068, 63.777935], [33.140711, 63.778428], [33.142063, 63.779115], [33.143394, 63.77993], [33.143951, 63.780467], [33.144509, 63.780896], [33.145454, 63.78126], [33.146612, 63.781647], [33.148307, 63.782591], [33.149938, 63.78332], [33.151548, 63.784243], [33.153371, 63.785166], [33.153994, 63.785531], [33.155217, 63.786453], [33.15571, 63.786925], [33.156268, 63.787741], [33.15644, 63.788234], [33.156526, 63.788728], [33.156504, 63.789178], [33.156397, 63.789608], [33.156161, 63.79023], [33.156161, 63.790552], [33.156461, 63.791174], [33.156805, 63.791732], [33.157062, 63.792333], [33.15674, 63.793019], [33.156676, 63.793642], [33.157255, 63.794092], [33.157684, 63.794607], [33.158135, 63.795358], [33.158414, 63.795916], [33.158478, 63.796131], [33.158435, 63.796517], [33.157706, 63.797204], [33.156204, 63.79774], [33.153865, 63.798341], [33.152535, 63.798727], [33.150603, 63.799435], [33.148779, 63.800272], [33.147471, 63.801002], [33.145067, 63.802783], [33.144295, 63.803169], [33.141269, 63.804199], [33.140368, 63.804435], [33.139402, 63.804671], [33.138394, 63.804821], [33.137171, 63.80495], [33.136441, 63.805078], [33.134274, 63.805615], [33.133738, 63.805787], [33.132987, 63.805937], [33.131656, 63.806323], [33.13097, 63.806709], [33.130605, 63.807138], [33.13054, 63.80819], [33.130583, 63.808683], [33.131399, 63.809735], [33.131721, 63.810207], [33.13245, 63.810808], [33.133008, 63.811366], [33.133845, 63.812052], [33.134832, 63.81246], [33.136849, 63.813168], [33.140561, 63.814284], [33.14217, 63.814713], [33.143179, 63.814799], [33.145969, 63.815121], [33.148243, 63.815614], [33.149015, 63.816065], [33.149874, 63.816387], [33.150239, 63.816451], [33.151869, 63.817009], [33.153007, 63.817266], [33.155067, 63.81761], [33.157019, 63.817846], [33.158993, 63.817781], [33.161225, 63.817781], [33.161954, 63.817653], [33.163542, 63.817545], [33.164465, 63.817545], [33.165495, 63.81761], [33.166868, 63.817867], [33.167104, 63.817953], [33.167362, 63.818189], [33.168478, 63.819906], [33.168628, 63.820206], [33.170216, 63.821386], [33.170645, 63.821751], [33.171095, 63.822309], [33.171181, 63.822867], [33.170366, 63.82394], [33.170302, 63.82482], [33.169894, 63.825377], [33.16955, 63.825764], [33.169036, 63.826236], [33.168864, 63.826493], [33.168478, 63.826922], [33.16777, 63.827631], [33.166396, 63.82866], [33.165795, 63.829218], [33.164959, 63.829755], [33.163714, 63.830399], [33.162598, 63.831085], [33.162105, 63.8313], [33.161633, 63.8316], [33.161118, 63.831836], [33.158543, 63.832802], [33.156998, 63.833553], [33.155946, 63.834197], [33.155367, 63.834669], [33.154831, 63.835334], [33.154552, 63.835548], [33.153565, 63.836664], [33.153178, 63.837952], [33.153071, 63.838488], [33.152899, 63.839025], [33.152985, 63.839647], [33.152728, 63.841535], [33.152277, 63.841835], [33.149788, 63.842265], [33.145926, 63.843466], [33.143437, 63.843552], [33.137343, 63.844367], [33.13245, 63.844217], [33.125326, 63.843702], [33.123524, 63.843724], [33.122236, 63.84411], [33.116915, 63.848187], [33.113396, 63.849453], [33.112452, 63.852028], [33.109104, 63.853616], [33.1061, 63.856791], [33.088505, 63.864538], [33.086102, 63.866769], [33.076317, 63.87016], [33.06988, 63.871447], [33.065459, 63.873056], [33.064537, 63.873078], [33.062477, 63.873292], [33.060696, 63.873335], [33.059365, 63.873464], [33.058185, 63.873893], [33.057048, 63.874601], [33.053679, 63.875803], [33.052435, 63.876146], [33.050654, 63.876189], [33.049044, 63.876125], [33.048422, 63.876189], [33.04707, 63.876447], [33.044688, 63.877048], [33.044045, 63.877241], [33.043487, 63.877541], [33.042264, 63.878464], [33.041384, 63.878914], [33.040719, 63.879236], [33.039753, 63.879494], [33.038616, 63.87988], [33.037908, 63.880438], [33.037328, 63.881124], [33.037049, 63.881318], [33.03677, 63.881446], [33.034947, 63.882112], [33.034432, 63.88224], [33.033337, 63.882605], [33.031985, 63.883249], [33.029346, 63.884365], [33.028745, 63.884536], [33.027286, 63.885051], [33.025183, 63.886146], [33.023252, 63.887025], [33.022458, 63.887476], [33.021192, 63.887733], [33.020141, 63.887755], [33.019003, 63.887648], [33.014197, 63.887068], [33.012352, 63.886811], [33.011322, 63.886725], [33.01085, 63.886618], [33.007738, 63.886317], [33.007609, 63.886339], [33.007738, 63.886274], [33.003082, 63.885781], [33.000679, 63.885759], [32.997953, 63.885888], [32.995936, 63.885888], [32.99246, 63.885952], [32.991859, 63.885995], [32.990443, 63.886339], [32.989564, 63.886703], [32.987954, 63.887111], [32.983791, 63.888012], [32.981946, 63.888721], [32.978105, 63.890051], [32.97759, 63.890308], [32.976431, 63.891124], [32.976174, 63.891381], [32.975552, 63.89181], [32.975144, 63.892261], [32.975037, 63.892561], [32.974629, 63.893033], [32.973234, 63.893742], [32.971453, 63.894514], [32.969157, 63.89563], [32.967891, 63.896123], [32.96684, 63.896595], [32.966175, 63.896982], [32.962548, 63.898183], [32.96199, 63.898462], [32.960896, 63.89887], [32.960209, 63.899042], [32.958664, 63.899278], [32.957484, 63.899342], [32.956433, 63.899449], [32.955489, 63.8996], [32.953536, 63.9002], [32.95212, 63.900522], [32.948794, 63.900973], [32.946026, 63.901574], [32.944481, 63.90196], [32.943644, 63.902346], [32.942829, 63.90299], [32.941842, 63.903569], [32.939996, 63.904492], [32.93858, 63.905071], [32.937915, 63.905457], [32.936134, 63.90696], [32.935469, 63.907818], [32.934675, 63.909363], [32.933774, 63.911315], [32.933259, 63.911852], [32.932593, 63.91241], [32.931993, 63.913139], [32.931091, 63.914062], [32.930297, 63.914641], [32.928989, 63.915285], [32.927744, 63.91595], [32.927272, 63.916487], [32.92695, 63.917002], [32.926843, 63.917324], [32.926886, 63.917645], [32.926971, 63.917753], [32.927143, 63.918225], [32.928001, 63.918869], [32.928731, 63.919684], [32.928774, 63.919941], [32.929182, 63.920757], [32.929203, 63.92095], [32.928881, 63.921486], [32.928087, 63.92213], [32.927229, 63.922431], [32.926607, 63.922688], [32.925877, 63.923096], [32.925512, 63.923246], [32.923731, 63.923525], [32.921736, 63.923782], [32.91944, 63.92389], [32.917144, 63.923933], [32.915513, 63.924276], [32.913947, 63.924769], [32.912895, 63.924834], [32.911758, 63.92507], [32.910707, 63.925177], [32.906887, 63.925435], [32.905814, 63.92537], [32.905385, 63.925284], [32.905063, 63.925177], [32.904505, 63.924898], [32.903411, 63.924104], [32.903132, 63.923975], [32.902166, 63.923718], [32.901308, 63.923589], [32.900514, 63.923632], [32.899141, 63.923804], [32.898905, 63.923954], [32.898883, 63.92389], [32.898926, 63.923804], [32.898025, 63.92419], [32.897296, 63.924726], [32.896866, 63.925263], [32.89603, 63.9261], [32.895364, 63.926593], [32.894678, 63.927258], [32.891695, 63.92861], [32.890858, 63.928932], [32.890365, 63.929039], [32.887854, 63.92934], [32.886631, 63.929748], [32.88558, 63.93022], [32.884421, 63.930584], [32.883391, 63.931121], [32.882361, 63.931529], [32.881825, 63.931657], [32.880172, 63.931808], [32.878863, 63.931872], [32.878091, 63.931958], [32.877726, 63.932086], [32.877104, 63.932387], [32.870688, 63.934983], [32.86998, 63.935477], [32.868006, 63.9367], [32.867212, 63.937236], [32.866869, 63.937537], [32.864959, 63.93861], [32.863693, 63.939275], [32.861011, 63.940069], [32.859594, 63.940755], [32.858307, 63.941421], [32.857728, 63.941871], [32.857019, 63.942236], [32.85556, 63.942858], [32.854595, 63.943652], [32.853694, 63.943953], [32.852771, 63.944489], [32.851655, 63.945004], [32.850754, 63.945498], [32.850003, 63.94612], [32.849681, 63.94657], [32.849123, 63.947042], [32.848887, 63.947193], [32.848608, 63.947429], [32.847793, 63.947922], [32.846634, 63.948695], [32.845861, 63.949059], [32.84511, 63.949682], [32.845046, 63.949811], [32.843566, 63.951034], [32.84245, 63.951506], [32.841785, 63.95187], [32.841377, 63.952278], [32.840433, 63.953115], [32.839832, 63.953759], [32.839489, 63.954402], [32.839016, 63.955089], [32.837922, 63.955904], [32.83715, 63.956613], [32.836484, 63.957342], [32.836248, 63.957664], [32.836227, 63.957814], [32.835712, 63.958329], [32.833523, 63.959831], [32.831978, 63.96084], [32.830841, 63.961634], [32.830648, 63.961805], [32.830283, 63.962041], [32.829403, 63.962471], [32.828266, 63.9635], [32.828009, 63.963951], [32.827923, 63.964316], [32.827644, 63.964788], [32.827344, 63.96556], [32.827365, 63.965711], [32.827258, 63.966226], [32.826807, 63.96659], [32.825112, 63.967492], [32.824447, 63.967921], [32.824103, 63.968371], [32.823438, 63.96938], [32.822108, 63.970345], [32.82185, 63.970753], [32.821786, 63.971032], [32.821335, 63.971569], [32.821013, 63.97189], [32.819984, 63.972684], [32.81949, 63.973178], [32.81876, 63.974058], [32.818417, 63.974573], [32.818245, 63.974959], [32.817452, 63.976075], [32.815563, 63.977705], [32.814447, 63.978392], [32.813353, 63.978971], [32.812194, 63.980173], [32.811701, 63.980624], [32.810478, 63.981568], [32.810328, 63.981761], [32.810006, 63.982405], [32.809619, 63.982769], [32.809083, 63.983113], [32.808353, 63.983671], [32.807431, 63.98425], [32.80668, 63.984894], [32.806444, 63.985216], [32.805821, 63.985623], [32.80404, 63.986396], [32.802453, 63.987447], [32.801423, 63.988048], [32.800307, 63.988928], [32.799148, 63.989657], [32.797217, 63.990537], [32.795951, 63.991438], [32.795329, 63.991825], [32.794599, 63.992361], [32.792968, 63.993455], [32.790887, 63.994721], [32.789707, 63.995902], [32.788055, 63.997017], [32.78754, 63.997318], [32.787003, 63.997575], [32.78593, 63.998219], [32.78563, 63.998884], [32.785093, 63.99985], [32.783978, 64.000923], [32.783613, 64.001674], [32.782583, 64.002682], [32.781961, 64.003455], [32.781038, 64.00442], [32.780695, 64.004828], [32.779171, 64.006952], [32.778849, 64.008261], [32.778849, 64.008519], [32.77842, 64.009141], [32.777905, 64.010021], [32.777175, 64.011008], [32.776382, 64.011694], [32.776038, 64.012252], [32.775802, 64.012553], [32.774515, 64.013776], [32.773485, 64.015063], [32.772991, 64.015557], [32.772197, 64.016265], [32.771661, 64.016673], [32.770073, 64.017509], [32.769193, 64.018024], [32.768185, 64.018818], [32.766897, 64.019548], [32.766296, 64.020256], [32.765739, 64.021114], [32.765224, 64.021758], [32.764945, 64.02223], [32.76443, 64.023518], [32.764194, 64.024204], [32.763829, 64.024827], [32.763485, 64.025299], [32.762928, 64.026608], [32.762091, 64.027916], [32.761511, 64.028732], [32.760996, 64.029719], [32.760953, 64.029955], [32.760782, 64.030212], [32.758014, 64.032465], [32.756276, 64.034118], [32.756168, 64.034182], [32.753422, 64.03665], [32.751984, 64.03798], [32.751619, 64.038216], [32.751233, 64.038688], [32.75089, 64.039203], [32.750439, 64.040619], [32.75031, 64.041778], [32.749581, 64.043345], [32.749366, 64.043924], [32.749238, 64.044546], [32.749173, 64.045061], [32.749259, 64.045705], [32.749087, 64.046241], [32.748723, 64.046799], [32.748615, 64.0471], [32.748744, 64.0471], [32.74868, 64.0471], [32.748615, 64.047164], [32.748572, 64.047143], [32.749345, 64.045812], [32.749323, 64.045125], [32.74928, 64.045104], [32.749238, 64.045125], [32.749323, 64.045469], [32.749302, 64.045812], [32.749195, 64.046155], [32.748916, 64.046563], [32.748637, 64.0471], [32.748379, 64.047486], [32.747972, 64.048451], [32.747564, 64.049717], [32.746362, 64.051606], [32.746191, 64.052164], [32.746148, 64.0527], [32.746148, 64.053837], [32.746276, 64.05446], [32.746555, 64.054975], [32.74765, 64.056069], [32.748444, 64.056434], [32.74928, 64.056927], [32.749817, 64.057421], [32.750032, 64.057657], [32.75074, 64.05873], [32.750804, 64.058923], [32.751298, 64.059481], [32.751491, 64.059888], [32.751684, 64.060875], [32.75192, 64.06139], [32.751941, 64.061777], [32.751877, 64.061948], [32.751641, 64.062227], [32.751298, 64.062828], [32.75119, 64.063472], [32.75134, 64.063922], [32.751705, 64.064459], [32.751813, 64.064566], [32.752521, 64.064824], [32.753121, 64.065124], [32.753486, 64.065403], [32.753701, 64.06566], [32.753722, 64.065768], [32.753615, 64.065854], [32.753658, 64.067334], [32.753572, 64.06845], [32.754259, 64.069008], [32.756426, 64.070145], [32.756748, 64.070252], [32.757799, 64.070767], [32.759988, 64.07169], [32.761125, 64.072227], [32.762112, 64.072634], [32.762477, 64.072742], [32.76503, 64.073729], [32.771897, 64.075724], [32.773184, 64.076196], [32.773914, 64.076518], [32.774665, 64.077055], [32.775073, 64.077677], [32.775652, 64.079093], [32.77651, 64.080187], [32.777347, 64.080874], [32.778077, 64.081346], [32.778399, 64.081668], [32.779793, 64.082676], [32.783935, 64.085509], [32.784471, 64.086002], [32.785008, 64.086839], [32.785029, 64.086968], [32.783978, 64.08744], [32.78387, 64.087461], [32.783892, 64.087483], [32.785029, 64.086968], [32.78578, 64.087976], [32.786939, 64.088599], [32.791295, 64.090358], [32.79226, 64.090702], [32.795093, 64.091968], [32.795436, 64.092268], [32.796444, 64.093513], [32.797646, 64.094285], [32.800264, 64.095036], [32.802431, 64.095551], [32.807924, 64.097075], [32.808697, 64.097268], [32.811057, 64.097611], [32.81183, 64.097783], [32.813074, 64.098212], [32.814233, 64.098984], [32.81492, 64.099714], [32.815477, 64.100636], [32.815713, 64.100915], [32.816464, 64.101345], [32.818868, 64.102139], [32.819383, 64.102375], [32.819769, 64.102267], [32.822988, 64.101752], [32.82582, 64.101538], [32.849509, 64.100293], [32.853715, 64.100143], [32.85717, 64.100293], [32.859423, 64.100529], [32.861526, 64.100873], [32.863822, 64.101388], [32.865474, 64.10186], [32.879507, 64.106087], [32.881803, 64.106645], [32.883713, 64.106924], [32.886309, 64.107074], [32.888369, 64.107009], [32.890772, 64.10673], [32.900729, 64.104692], [32.918796, 64.100873], [32.921371, 64.100379], [32.924354, 64.099928], [32.927808, 64.099628], [32.931177, 64.099542], [32.943816, 64.099456], [32.947228, 64.099585], [32.950382, 64.09995], [32.953236, 64.100508], [32.958407, 64.101967], [32.98362, 64.109348], [32.986366, 64.110056], [32.988877, 64.110464], [32.991452, 64.110743], [32.999606, 64.111473], [33.004648, 64.111988], [33.06297, 64.117245], [33.065395, 64.117567], [33.067433, 64.117996], [33.079321, 64.121601], [33.081789, 64.122244], [33.083891, 64.122588], [33.086037, 64.122759], [33.088719, 64.122738], [33.089985, 64.122652], [33.124318, 64.119905], [33.137772, 64.11879], [33.143587, 64.118403], [33.14614, 64.118361], [33.163478, 64.118575], [33.167641, 64.118275], [33.170559, 64.117738], [33.172726, 64.117137], [33.182962, 64.114069], [33.186287, 64.112975], [33.187532, 64.112631], [33.187725, 64.112653], [33.188004, 64.112824], [33.188262, 64.113275], [33.189163, 64.114648], [33.189978, 64.115614], [33.190364, 64.116129], [33.190536, 64.116472], [33.190643, 64.117931], [33.190622, 64.118403], [33.190729, 64.119412], [33.190987, 64.120378], [33.190965, 64.121193], [33.191051, 64.12145], [33.19118, 64.123017], [33.191137, 64.123317], [33.191373, 64.124025], [33.193497, 64.12527], [33.194484, 64.126021], [33.194549, 64.126107], [33.194506, 64.126643], [33.194012, 64.127866], [33.193647, 64.129325], [33.193476, 64.129712], [33.193154, 64.130699], [33.192811, 64.131471], [33.192446, 64.13248], [33.191909, 64.134196], [33.191716, 64.134647], [33.191244, 64.135119], [33.189892, 64.13617], [33.189549, 64.136707], [33.18942, 64.138445], [33.189292, 64.138938], [33.188905, 64.139754], [33.188455, 64.140569], [33.186502, 64.143895], [33.185601, 64.145504], [33.185172, 64.146127], [33.183112, 64.148208], [33.18309, 64.148273], [33.183155, 64.148616], [33.183777, 64.149195], [33.184292, 64.149603], [33.184635, 64.150118], [33.18412, 64.15059], [33.182811, 64.151448], [33.181953, 64.152199], [33.180923, 64.153401], [33.179872, 64.154495], [33.178756, 64.15574], [33.178413, 64.15604], [33.176868, 64.157135], [33.176202, 64.157757], [33.175258, 64.158551], [33.174872, 64.159173], [33.174765, 64.159452], [33.174636, 64.160546], [33.1747, 64.161319], [33.174443, 64.162799], [33.174271, 64.163336], [33.174228, 64.16398], [33.174357, 64.165052], [33.174486, 64.165761], [33.174378, 64.166512], [33.173799, 64.167155], [33.171203, 64.168743], [33.17043, 64.169022], [33.169078, 64.169623], [33.168478, 64.169945], [33.16719, 64.170503], [33.165645, 64.171254], [33.162899, 64.172477], [33.162148, 64.172884], [33.161761, 64.173292], [33.161397, 64.173893], [33.160538, 64.175352], [33.160195, 64.17621], [33.160045, 64.176425], [33.157749, 64.17782], [33.156075, 64.178399], [33.152556, 64.179386], [33.149209, 64.180266], [33.14732, 64.18048], [33.14569, 64.180802], [33.144381, 64.181253], [33.14217, 64.182197], [33.137493, 64.182948], [33.134532, 64.183592], [33.132536, 64.183849], [33.131892, 64.183849], [33.13142, 64.183935], [33.130219, 64.1843], [33.129103, 64.184772], [33.126614, 64.185695], [33.12494, 64.186124], [33.123438, 64.186381], [33.121786, 64.186832], [33.118631, 64.187304], [33.118395, 64.187304], [33.111486, 64.188806], [33.109383, 64.189321], [33.106272, 64.189986], [33.105113, 64.190179], [33.104641, 64.190201], [33.103911, 64.190179], [33.101787, 64.189879], [33.099899, 64.189364], [33.096466, 64.188699], [33.094492, 64.18857], [33.093826, 64.188506], [33.093419, 64.18842], [33.091981, 64.187969], [33.091015, 64.187304], [33.090779, 64.187047], [33.089642, 64.18636], [33.087947, 64.185759], [33.087067, 64.185609], [33.083462, 64.185266], [33.079342, 64.184901], [33.077282, 64.184793], [33.075823, 64.184922], [33.073184, 64.185287], [33.061983, 64.186596], [33.054902, 64.187497], [33.050096, 64.188055], [33.049259, 64.188184], [33.047521, 64.188313], [33.045053, 64.188377], [33.043229, 64.188591], [33.04177, 64.18887], [33.040525, 64.189149], [33.038787, 64.189664], [33.037479, 64.189922], [33.036513, 64.190051], [33.03529, 64.190415], [33.033702, 64.191123], [33.033509, 64.191274], [33.033402, 64.191467], [33.033466, 64.191724], [33.034024, 64.192647], [33.03411, 64.19284], [33.034131, 64.193033], [33.033616, 64.193806], [33.032972, 64.194128], [33.030483, 64.195093], [33.029003, 64.195608], [33.024561, 64.196681], [33.020527, 64.197496], [33.019969, 64.197668], [33.019111, 64.198033], [33.017072, 64.198784], [33.016665, 64.198891], [33.01615, 64.198977], [33.013939, 64.199063], [33.012502, 64.199063], [33.011579, 64.19902], [33.009541, 64.199084], [33.007996, 64.199234], [33.003425, 64.199363], [33.002052, 64.199299], [33.001494, 64.199192], [33.000614, 64.198956], [32.998769, 64.198612], [32.996752, 64.198398], [32.996323, 64.198312], [32.994713, 64.197904], [32.993404, 64.197368], [32.992417, 64.19711], [32.991216, 64.196702], [32.990186, 64.196509], [32.988684, 64.196445], [32.98156, 64.196638], [32.981281, 64.196681], [32.981088, 64.196745], [32.980744, 64.19696], [32.980101, 64.198119], [32.979393, 64.199535], [32.978856, 64.200136], [32.978191, 64.200758], [32.977182, 64.201616], [32.976839, 64.201788], [32.976453, 64.201874], [32.97405, 64.202217], [32.973384, 64.202475], [32.972741, 64.203247], [32.971711, 64.204384], [32.971389, 64.20462], [32.971131, 64.204749], [32.969715, 64.205328], [32.969071, 64.205758], [32.968556, 64.206659], [32.968492, 64.206873], [32.968192, 64.207367], [32.96802, 64.207539], [32.96787, 64.207839], [32.967591, 64.208139], [32.966368, 64.208783], [32.965939, 64.209105], [32.965188, 64.209792], [32.964329, 64.210693], [32.964072, 64.211036], [32.96345, 64.211723], [32.962484, 64.212603], [32.960467, 64.213697], [32.959802, 64.214298], [32.959137, 64.214534], [32.958772, 64.214598], [32.956712, 64.214813], [32.956025, 64.21492], [32.955296, 64.215135], [32.954137, 64.215735], [32.9536, 64.216122], [32.953386, 64.216336], [32.952635, 64.217302], [32.951819, 64.218203], [32.950081, 64.220306], [32.949202, 64.22125], [32.94888, 64.221572], [32.948258, 64.22198], [32.947893, 64.222151], [32.947442, 64.222301], [32.946455, 64.222409], [32.940468, 64.222838], [32.938795, 64.223138], [32.937765, 64.223546], [32.936735, 64.224125], [32.934331, 64.225327], [32.932958, 64.225949], [32.931714, 64.226593], [32.930898, 64.226893], [32.93019, 64.227237], [32.928881, 64.227687], [32.926457, 64.228052], [32.925191, 64.228138], [32.922272, 64.228031], [32.9215, 64.228117], [32.91841, 64.228975], [32.915942, 64.229533], [32.91532, 64.229747], [32.914955, 64.229962], [32.914698, 64.23037], [32.91459, 64.231099], [32.91459, 64.231421], [32.914354, 64.231678], [32.913689, 64.231893], [32.913003, 64.232022], [32.910127, 64.232129], [32.909612, 64.232258], [32.90869, 64.232837], [32.907295, 64.233438], [32.905449, 64.23376], [32.903711, 64.234168], [32.902939, 64.234404], [32.901222, 64.234683], [32.899849, 64.234725], [32.899055, 64.234854], [32.898197, 64.235198], [32.896823, 64.235863], [32.894935, 64.236936], [32.893261, 64.237772], [32.890493, 64.238845], [32.889914, 64.239017], [32.88882, 64.239468], [32.886931, 64.240068], [32.886116, 64.240455], [32.885043, 64.241463], [32.884378, 64.242214], [32.884035, 64.24245], [32.882962, 64.242708], [32.881245, 64.242901], [32.88028, 64.243073], [32.878177, 64.243545], [32.876095, 64.244081], [32.872877, 64.244832], [32.872169, 64.24509], [32.871396, 64.245304], [32.870087, 64.24554], [32.867405, 64.245583], [32.866525, 64.245626], [32.865431, 64.245733], [32.857384, 64.247364], [32.854831, 64.247943], [32.854487, 64.248051], [32.854251, 64.248137], [32.850153, 64.25099], [32.847707, 64.252643], [32.84717, 64.252922], [32.84614, 64.253651], [32.845239, 64.254231], [32.844531, 64.254574], [32.84408, 64.254745], [32.836184, 64.256977], [32.835283, 64.257363], [32.834532, 64.25805], [32.834425, 64.258071], [32.834403, 64.258179], [32.83421, 64.258415], [32.834038, 64.258479], [32.833738, 64.258844], [32.832815, 64.259702], [32.830884, 64.261419], [32.830519, 64.261633], [32.824618, 64.263371], [32.823674, 64.263586], [32.82155, 64.264165], [32.818911, 64.265002], [32.816464, 64.265689], [32.815928, 64.265903], [32.81552, 64.266204], [32.814962, 64.266762], [32.814104, 64.267491], [32.812473, 64.269251], [32.810521, 64.271032], [32.809834, 64.27174], [32.808096, 64.273414], [32.807152, 64.27395], [32.80565, 64.27468], [32.805242, 64.274937], [32.802174, 64.276439], [32.800908, 64.277104], [32.79874, 64.278177], [32.798118, 64.278413], [32.797539, 64.278564], [32.796402, 64.278714], [32.793355, 64.278993], [32.792389, 64.279121], [32.788119, 64.279486], [32.787218, 64.279615], [32.786145, 64.28028], [32.784793, 64.281246], [32.783505, 64.282083], [32.782282, 64.283027], [32.781446, 64.283606], [32.780673, 64.283949], [32.7793, 64.284271], [32.77754, 64.28455], [32.773485, 64.285451], [32.769301, 64.286202], [32.764709, 64.286975], [32.763764, 64.287061], [32.762799, 64.287039], [32.760632, 64.286696], [32.75913, 64.28661], [32.758464, 64.286632], [32.757842, 64.286717], [32.757434, 64.286868], [32.756769, 64.287254], [32.75428, 64.288477], [32.752521, 64.289228], [32.75177, 64.289636], [32.746384, 64.292103], [32.742264, 64.294313], [32.740311, 64.29515], [32.738981, 64.295858], [32.738251, 64.296202], [32.737779, 64.296545], [32.737565, 64.296824], [32.737693, 64.297253], [32.738745, 64.298004], [32.738938, 64.298197], [32.738959, 64.298283], [32.738916, 64.29839], [32.738359, 64.298862], [32.737672, 64.299377], [32.734968, 64.300794], [32.734389, 64.301309], [32.734153, 64.301845], [32.733852, 64.30236], [32.732372, 64.303626], [32.730805, 64.30427], [32.729947, 64.304484], [32.727179, 64.305321], [32.725505, 64.306115], [32.72484, 64.306544], [32.724261, 64.307016], [32.722351, 64.30781], [32.721343, 64.30839], [32.720441, 64.308776], [32.719497, 64.309334], [32.718725, 64.309935], [32.717309, 64.311651], [32.717008, 64.312231], [32.716643, 64.312617], [32.716515, 64.312703], [32.715334, 64.313153], [32.714219, 64.313861], [32.712373, 64.315127], [32.711451, 64.315835], [32.711129, 64.316265], [32.710764, 64.317209], [32.710678, 64.317853], [32.710464, 64.318668], [32.710013, 64.319247], [32.709219, 64.319912], [32.708554, 64.320535], [32.70761, 64.321028], [32.706236, 64.321522], [32.706043, 64.321522], [32.705743, 64.321608], [32.704219, 64.322273], [32.702717, 64.322809], [32.701172, 64.323195], [32.697203, 64.323925], [32.696816, 64.324075], [32.696344, 64.324333], [32.696151, 64.324783], [32.696194, 64.325212], [32.696666, 64.326414], [32.696709, 64.327058], [32.696473, 64.32738], [32.694928, 64.328324], [32.694821, 64.328453], [32.694864, 64.32856], [32.695057, 64.32871], [32.696173, 64.329161], [32.698254, 64.329719], [32.699112, 64.330105], [32.701108, 64.331306], [32.701344, 64.331671], [32.701773, 64.332036], [32.701816, 64.332572], [32.701945, 64.333109], [32.701966, 64.333645], [32.702224, 64.33459], [32.702589, 64.335276], [32.703425, 64.336199], [32.704734, 64.337465], [32.704842, 64.338109], [32.704777, 64.338388], [32.704541, 64.339031], [32.703104, 64.340748], [32.703061, 64.340855], [32.703104, 64.341027], [32.703189, 64.341156], [32.70379, 64.341864], [32.70452, 64.342636], [32.705228, 64.343559], [32.705357, 64.343967], [32.705142, 64.344825], [32.704713, 64.346112], [32.704455, 64.346305], [32.702374, 64.347486], [32.701408, 64.348172], [32.699241, 64.350103], [32.698898, 64.350511], [32.698812, 64.350683], [32.69864, 64.350854], [32.69731, 64.35152], [32.696366, 64.35212], [32.694757, 64.353365], [32.693941, 64.353858], [32.693276, 64.354331], [32.691881, 64.35521], [32.690486, 64.356004], [32.689907, 64.356476], [32.689328, 64.35712], [32.688276, 64.358086], [32.688341, 64.358386], [32.688984, 64.358965], [32.689113, 64.359137], [32.689135, 64.359266], [32.687547, 64.361347], [32.68686, 64.362184], [32.685251, 64.363922], [32.684586, 64.364609], [32.682998, 64.365939], [32.68259, 64.36624], [32.681796, 64.366969], [32.68156, 64.367463], [32.681582, 64.368664], [32.681024, 64.369244], [32.680144, 64.369737], [32.678792, 64.370574], [32.677934, 64.371025], [32.676003, 64.372162], [32.673986, 64.373063], [32.672956, 64.373449], [32.672269, 64.373836], [32.669994, 64.375981], [32.669866, 64.376024], [32.669651, 64.376282], [32.669308, 64.376818], [32.669136, 64.377312], [32.669158, 64.377591], [32.669286, 64.377805], [32.67008, 64.378406], [32.671454, 64.379179], [32.672119, 64.379608], [32.672462, 64.379972], [32.672956, 64.380337], [32.673277, 64.380681], [32.673406, 64.38096], [32.674458, 64.382633], [32.674501, 64.382762], [32.67435, 64.383084], [32.673921, 64.383449], [32.672934, 64.384092], [32.671561, 64.384865], [32.670702, 64.385423], [32.669587, 64.386581], [32.669029, 64.387354], [32.668685, 64.388019], [32.668728, 64.388834], [32.669029, 64.390573], [32.669501, 64.391452], [32.66963, 64.392633], [32.669844, 64.393341], [32.669844, 64.393512], [32.669973, 64.39407], [32.670123, 64.394521], [32.670445, 64.394928], [32.671282, 64.395722], [32.673664, 64.397289], [32.67523, 64.397782], [32.676281, 64.398319], [32.676303, 64.398834], [32.674865, 64.399778], [32.674243, 64.40025], [32.673835, 64.400465], [32.673299, 64.400636], [32.671067, 64.401173], [32.670166, 64.401452], [32.6686, 64.402203], [32.66787, 64.402503], [32.666733, 64.403061], [32.666368, 64.40349], [32.666111, 64.403919], [32.665896, 64.404413], [32.665896, 64.404949], [32.666175, 64.405636], [32.667119, 64.406902], [32.667548, 64.407567], [32.667956, 64.408404], [32.668535, 64.408919], [32.669115, 64.409284], [32.670574, 64.410035], [32.671754, 64.410593], [32.672591, 64.410807], [32.677075, 64.411644], [32.677912, 64.411859], [32.678921, 64.412223], [32.679822, 64.412695], [32.680637, 64.413168], [32.681281, 64.41394], [32.682676, 64.41497], [32.684156, 64.416472], [32.685272, 64.417395], [32.685637, 64.417738], [32.686238, 64.418768], [32.687547, 64.419734], [32.689092, 64.420678], [32.689735, 64.421128], [32.690529, 64.421536], [32.693169, 64.422244], [32.69334, 64.422351], [32.693297, 64.422952], [32.692804, 64.423296], [32.69128, 64.42366], [32.690572, 64.424197], [32.6901, 64.424776], [32.689971, 64.425227], [32.690315, 64.425699], [32.690272, 64.426257], [32.689671, 64.426579], [32.688512, 64.4269], [32.686302, 64.427351], [32.683126, 64.428059], [32.680466, 64.428188], [32.679865, 64.428381], [32.679822, 64.428424], [32.679801, 64.428917], [32.68023, 64.429626], [32.680165, 64.429797], [32.679779, 64.430205], [32.679715, 64.430613], [32.679715, 64.431192], [32.679414, 64.431793], [32.677612, 64.432651], [32.676432, 64.433059], [32.675724, 64.433273], [32.673235, 64.433724], [32.672827, 64.433981], [32.672762, 64.434282], [32.672247, 64.435097], [32.671883, 64.435591], [32.671132, 64.435934], [32.66963, 64.436428], [32.668621, 64.436578], [32.667763, 64.436535], [32.667484, 64.436471], [32.666175, 64.435891], [32.665402, 64.434775], [32.665102, 64.434647], [32.664072, 64.434454], [32.662012, 64.434561], [32.660939, 64.434775], [32.659587, 64.435205], [32.657764, 64.435913], [32.656519, 64.436471], [32.655661, 64.436749], [32.654759, 64.436835], [32.651069, 64.436385], [32.650232, 64.43632], [32.649159, 64.436471], [32.648859, 64.436664], [32.648279, 64.437694], [32.647979, 64.438359], [32.648043, 64.438745], [32.648408, 64.439239], [32.648837, 64.440118], [32.64888, 64.440505], [32.648687, 64.440934], [32.648365, 64.441513], [32.648258, 64.442371], [32.647829, 64.44353], [32.647914, 64.443809], [32.648816, 64.444346], [32.649481, 64.444796], [32.65094, 64.445461], [32.652742, 64.445976], [32.653794, 64.446427], [32.654438, 64.446749], [32.655038, 64.447199], [32.65609, 64.4478], [32.656776, 64.44838], [32.658257, 64.449882], [32.658922, 64.450354], [32.659502, 64.45119], [32.660017, 64.451705], [32.660489, 64.452113], [32.661175, 64.452585], [32.663257, 64.453165], [32.665424, 64.454023], [32.666218, 64.454752], [32.666904, 64.455096], [32.668514, 64.455782], [32.669372, 64.456297], [32.669565, 64.456662], [32.668321, 64.457585], [32.667334, 64.458186], [32.666797, 64.458615], [32.666668, 64.459065], [32.667377, 64.459967], [32.668149, 64.460846], [32.668986, 64.461662], [32.670745, 64.463142], [32.671947, 64.464044], [32.672655, 64.464323], [32.676689, 64.464945], [32.677054, 64.464945], [32.678728, 64.464773], [32.680401, 64.464709], [32.681732, 64.46458], [32.683363, 64.464516], [32.683727, 64.464559], [32.684092, 64.464752], [32.684478, 64.465052], [32.685272, 64.465374], [32.687354, 64.465889], [32.688276, 64.466189], [32.689864, 64.466533], [32.691023, 64.466683], [32.691259, 64.466855], [32.692246, 64.467026], [32.693018, 64.467241], [32.693727, 64.467498], [32.69407, 64.467713], [32.694907, 64.467927], [32.695679, 64.468206], [32.695872, 64.468292], [32.696001, 64.468421], [32.695915, 64.469236], [32.695765, 64.469537], [32.695701, 64.469859], [32.695593, 64.470009], [32.695615, 64.470138], [32.695593, 64.470202], [32.695486, 64.470245], [32.695465, 64.470395], [32.695207, 64.470717], [32.694671, 64.471704], [32.694714, 64.471854], [32.694671, 64.47209], [32.694735, 64.472155], [32.694714, 64.472219], [32.694757, 64.472305], [32.694735, 64.472391], [32.694971, 64.472713], [32.695744, 64.472991], [32.69658, 64.473142], [32.697739, 64.473528], [32.698834, 64.474], [32.699348, 64.474365], [32.699799, 64.47503], [32.699735, 64.475502], [32.699885, 64.475974], [32.70025, 64.476382], [32.701151, 64.47679], [32.701451, 64.476854], [32.702117, 64.476897], [32.704026, 64.476511], [32.708833, 64.475309], [32.709777, 64.475459], [32.711451, 64.475931], [32.711772, 64.47591], [32.71218, 64.475781], [32.713253, 64.475051], [32.71379, 64.474794], [32.714626, 64.474665], [32.716836, 64.474558], [32.717845, 64.474365], [32.718167, 64.474257], [32.71836, 64.474279], [32.72042, 64.474021], [32.721428, 64.473936], [32.723596, 64.473828], [32.72484, 64.473893], [32.726063, 64.474086], [32.728273, 64.474236], [32.730526, 64.474279], [32.734582, 64.474601], [32.73514, 64.474558], [32.735977, 64.474365], [32.738037, 64.473464], [32.739389, 64.472734], [32.740504, 64.472326], [32.743079, 64.471704], [32.744774, 64.471575], [32.745482, 64.471489], [32.746341, 64.471318], [32.749366, 64.470331], [32.749538, 64.470138], [32.750504, 64.46943], [32.751319, 64.469108], [32.75207, 64.468957], [32.752413, 64.468829], [32.754538, 64.4684], [32.755332, 64.468528], [32.756319, 64.468893], [32.756683, 64.469151], [32.756984, 64.469258], [32.75752, 64.46988], [32.757864, 64.470352], [32.757949, 64.470524], [32.757949, 64.47091], [32.757821, 64.471318], [32.757542, 64.471683], [32.757241, 64.472283], [32.757177, 64.472777], [32.757413, 64.47312], [32.758336, 64.474257], [32.758593, 64.474665], [32.7587, 64.47503], [32.758915, 64.475438], [32.75958, 64.476189], [32.760074, 64.476468], [32.760717, 64.476768], [32.761383, 64.476961], [32.761962, 64.477026], [32.762606, 64.477262], [32.763207, 64.477562], [32.763464, 64.477712], [32.7637, 64.47797], [32.764666, 64.478635], [32.76503, 64.478978], [32.766404, 64.480008], [32.766897, 64.480437], [32.767176, 64.480781], [32.76752, 64.481403], [32.767584, 64.48166], [32.767562, 64.48239], [32.767627, 64.482605], [32.767863, 64.482883], [32.768206, 64.483077], [32.769, 64.483441], [32.771532, 64.484257], [32.771961, 64.48445], [32.772111, 64.484579], [32.772004, 64.484879], [32.771704, 64.485158], [32.77091, 64.485694], [32.770588, 64.485995], [32.770481, 64.486167], [32.770481, 64.486274], [32.770395, 64.486531], [32.770309, 64.486639], [32.770288, 64.486853], [32.770202, 64.487111], [32.769966, 64.487475], [32.769579, 64.487819], [32.769258, 64.488248], [32.76915, 64.488312], [32.768893, 64.488763], [32.768721, 64.488935], [32.768614, 64.489106], [32.768571, 64.489342], [32.768507, 64.489428], [32.768485, 64.489814], [32.768635, 64.49005], [32.768764, 64.490479], [32.768743, 64.490544], [32.76915, 64.49108], [32.769579, 64.491488], [32.77003, 64.491788], [32.770738, 64.492411], [32.771661, 64.493012], [32.77179, 64.493398], [32.771747, 64.49402], [32.771532, 64.49432], [32.771081, 64.494642], [32.768957, 64.495715], [32.768657, 64.496058], [32.768571, 64.49638], [32.768592, 64.496659], [32.768764, 64.496938], [32.769365, 64.497625], [32.769451, 64.498033], [32.769365, 64.49829], [32.769365, 64.498655], [32.769579, 64.498998], [32.770438, 64.499384], [32.771039, 64.499578], [32.77179, 64.499964], [32.771704, 64.50035], [32.771489, 64.500715], [32.771575, 64.500929], [32.771532, 64.500994], [32.770524, 64.50153], [32.770223, 64.502195], [32.770009, 64.502517], [32.770202, 64.502818], [32.770524, 64.503161], [32.770888, 64.503483], [32.772777, 64.504899], [32.77282, 64.505178], [32.772777, 64.505242], [32.772884, 64.505543], [32.772905, 64.505757], [32.773914, 64.506551], [32.773935, 64.506659], [32.77327, 64.507774], [32.772884, 64.508139], [32.772841, 64.508375], [32.772927, 64.508611], [32.772841, 64.508869], [32.772519, 64.508933], [32.771618, 64.508976], [32.770567, 64.508933], [32.768957, 64.509405], [32.768056, 64.509534], [32.765932, 64.509727], [32.76503, 64.509963], [32.764172, 64.510242], [32.763614, 64.510521], [32.762992, 64.510757], [32.762541, 64.511036], [32.762477, 64.511379], [32.76267, 64.511766], [32.762541, 64.512173], [32.762026, 64.512624], [32.761232, 64.513246], [32.760868, 64.513482], [32.760417, 64.513718], [32.760074, 64.513997], [32.760052, 64.51419], [32.760374, 64.514534], [32.760417, 64.514791], [32.760224, 64.515349], [32.759966, 64.515564], [32.759687, 64.515864], [32.758872, 64.516443], [32.758894, 64.516894], [32.759151, 64.517409], [32.759237, 64.517666], [32.758808, 64.517945], [32.758486, 64.51801], [32.757949, 64.518031], [32.757048, 64.517988], [32.755868, 64.518031], [32.75516, 64.518267], [32.754194, 64.518439], [32.75222, 64.518911], [32.751212, 64.519104], [32.749967, 64.51949], [32.749152, 64.51964], [32.748379, 64.519705], [32.747714, 64.519855], [32.747414, 64.520134], [32.747027, 64.521121], [32.747221, 64.521464], [32.747221, 64.522001], [32.747027, 64.522344], [32.746577, 64.523009], [32.745783, 64.523868], [32.745246, 64.524254], [32.744646, 64.524554], [32.744216, 64.525048], [32.74383, 64.525348], [32.743251, 64.52567], [32.743294, 64.525928], [32.744538, 64.526142], [32.747564, 64.526743], [32.7481, 64.527], [32.748615, 64.527344], [32.748873, 64.527751], [32.749302, 64.528224], [32.749409, 64.528288], [32.749946, 64.528395], [32.750568, 64.528395], [32.751383, 64.52861], [32.751512, 64.528674], [32.751963, 64.528996], [32.752542, 64.529704], [32.753808, 64.530627], [32.755289, 64.531442], [32.756211, 64.532022], [32.757585, 64.532494], [32.759559, 64.532966], [32.760503, 64.533438], [32.761619, 64.533803], [32.763142, 64.534511], [32.763464, 64.534768], [32.763764, 64.535691], [32.763614, 64.536077], [32.763228, 64.536377], [32.762692, 64.536699], [32.762348, 64.537128], [32.762219, 64.537558], [32.762456, 64.537944], [32.763013, 64.53818], [32.763443, 64.538523], [32.763743, 64.538824], [32.764558, 64.538952], [32.765502, 64.538909], [32.766211, 64.539103], [32.766618, 64.53936], [32.767541, 64.539746], [32.768013, 64.540197], [32.768099, 64.540519], [32.768979, 64.541163], [32.769708, 64.541313], [32.770524, 64.54142], [32.772176, 64.541871], [32.772605, 64.542085], [32.773141, 64.542278], [32.773978, 64.542471], [32.775309, 64.542836], [32.775759, 64.542836], [32.776339, 64.543051], [32.776467, 64.543308], [32.776403, 64.543673], [32.776188, 64.543823], [32.775867, 64.544188], [32.775695, 64.544531], [32.775437, 64.544832], [32.77548, 64.545154], [32.775716, 64.545561], [32.775888, 64.546527], [32.776146, 64.546827], [32.777648, 64.547192], [32.77827, 64.547471], [32.778935, 64.547857], [32.780287, 64.549402], [32.780287, 64.549703], [32.780437, 64.549831], [32.778978, 64.550239], [32.77754, 64.55069], [32.776918, 64.551097], [32.776532, 64.551591], [32.776296, 64.551977], [32.775759, 64.553179], [32.77518, 64.553715], [32.772948, 64.555217], [32.772047, 64.555904], [32.771811, 64.556226], [32.77136, 64.556569], [32.770695, 64.556977], [32.769601, 64.557535], [32.768549, 64.557942], [32.767648, 64.558243], [32.76664, 64.558801], [32.765932, 64.559316], [32.763292, 64.561376], [32.761941, 64.562749], [32.761318, 64.563264], [32.759559, 64.564487], [32.75855, 64.565302], [32.75722, 64.566182], [32.756598, 64.566547], [32.755525, 64.567105], [32.754709, 64.56747], [32.7534, 64.567877], [32.752564, 64.568285], [32.75119, 64.568886], [32.749731, 64.569444], [32.748336, 64.569916], [32.74707, 64.570409], [32.746427, 64.570946], [32.744753, 64.572104], [32.744367, 64.572341], [32.743272, 64.572856], [32.742843, 64.573156], [32.742307, 64.573692], [32.742028, 64.573843], [32.740311, 64.575066], [32.739882, 64.575473], [32.738959, 64.576739], [32.738552, 64.577426], [32.738444, 64.57792], [32.738401, 64.578885], [32.73808, 64.579894], [32.738187, 64.580516], [32.738165, 64.580602], [32.737801, 64.580967], [32.736556, 64.581739], [32.736127, 64.582104], [32.735784, 64.582747], [32.735762, 64.583413], [32.73647, 64.584056], [32.736921, 64.5844], [32.737135, 64.584722], [32.737629, 64.585988], [32.737736, 64.586739], [32.737994, 64.587168], [32.738444, 64.587511], [32.739045, 64.587876], [32.740161, 64.58882], [32.740461, 64.589035], [32.740676, 64.589464], [32.740354, 64.589893], [32.739582, 64.590644], [32.739496, 64.590794], [32.739303, 64.590944], [32.738702, 64.591266], [32.737629, 64.591567], [32.736449, 64.592124], [32.735526, 64.592854], [32.735161, 64.593197], [32.733874, 64.593991], [32.73293, 64.594442], [32.732586, 64.594678], [32.732265, 64.595021], [32.731599, 64.595408], [32.730355, 64.59603], [32.728681, 64.597081], [32.727179, 64.597832], [32.726557, 64.598347], [32.726321, 64.59839], [32.726149, 64.598519], [32.724797, 64.599034], [32.723639, 64.599806], [32.723038, 64.600042], [32.722437, 64.600193], [32.719497, 64.601158], [32.719175, 64.601394], [32.719154, 64.60178], [32.719004, 64.602574], [32.719004, 64.602832], [32.718768, 64.603411], [32.718231, 64.604119], [32.715892, 64.605664], [32.714927, 64.606201], [32.71439, 64.606587], [32.710743, 64.608561], [32.709734, 64.609183], [32.708339, 64.609956], [32.707417, 64.610256], [32.705142, 64.610664], [32.70334, 64.610836], [32.701516, 64.610921], [32.699542, 64.610857], [32.697525, 64.610943], [32.694478, 64.611136], [32.693426, 64.610986], [32.692611, 64.610771], [32.69186, 64.610728], [32.691302, 64.610814], [32.690765, 64.610964], [32.688298, 64.612102], [32.687311, 64.612466], [32.686173, 64.612659], [32.684135, 64.61296], [32.68362, 64.612981], [32.682204, 64.612938], [32.68068, 64.61281], [32.679951, 64.612702], [32.67905, 64.612745], [32.678728, 64.612874], [32.678449, 64.613067], [32.677955, 64.613668], [32.676603, 64.614741], [32.674586, 64.615943], [32.672956, 64.616586], [32.671346, 64.617337], [32.670981, 64.617573], [32.670853, 64.617788], [32.670853, 64.618367], [32.670595, 64.61899], [32.67008, 64.619698], [32.669909, 64.619805], [32.669565, 64.619912], [32.668449, 64.620105], [32.666046, 64.620363], [32.665317, 64.620513], [32.664372, 64.620899], [32.663471, 64.6212], [32.662377, 64.622015], [32.660811, 64.622702], [32.660231, 64.622788], [32.659416, 64.622702], [32.658557, 64.622551], [32.657485, 64.622509], [32.65654, 64.622594], [32.655854, 64.622788], [32.654717, 64.623345], [32.651112, 64.624139], [32.649374, 64.624912], [32.648344, 64.625427], [32.647678, 64.625641], [32.647163, 64.625706], [32.646284, 64.625749], [32.645103, 64.625727], [32.643752, 64.625641], [32.642443, 64.625513], [32.641327, 64.625341], [32.640512, 64.625277], [32.638838, 64.625277], [32.637057, 64.625191], [32.635726, 64.625105], [32.634418, 64.624955], [32.631135, 64.624912], [32.63062, 64.624955], [32.629783, 64.625341], [32.629525, 64.625556], [32.629418, 64.62577], [32.629396, 64.625877], [32.629504, 64.626221], [32.629354, 64.626736], [32.629311, 64.627122], [32.629354, 64.627894], [32.629139, 64.62901], [32.629203, 64.629396], [32.62916, 64.629525], [32.628667, 64.630147], [32.628088, 64.630469], [32.627465, 64.63062], [32.626586, 64.63092], [32.624719, 64.631671], [32.62386, 64.632165], [32.622873, 64.632594], [32.621543, 64.63268], [32.620964, 64.632572], [32.620813, 64.632508], [32.620427, 64.6321], [32.620041, 64.631371], [32.619075, 64.63107], [32.618711, 64.631027], [32.617702, 64.631027], [32.616694, 64.63122], [32.615213, 64.631886], [32.614569, 64.632229], [32.613904, 64.632508], [32.613024, 64.632701], [32.612295, 64.632808], [32.611308, 64.633366], [32.610514, 64.633473], [32.608132, 64.633431], [32.606587, 64.633516], [32.6059, 64.633624], [32.604484, 64.633967], [32.602381, 64.634332], [32.601909, 64.634525], [32.601759, 64.634782], [32.601308, 64.635104], [32.6003, 64.635684], [32.599399, 64.636048], [32.598755, 64.63637], [32.597596, 64.636864], [32.596845, 64.637014], [32.595987, 64.637078], [32.595236, 64.637078], [32.59382, 64.637014], [32.592082, 64.637615], [32.589721, 64.638194], [32.586245, 64.638688], [32.585494, 64.638731], [32.583391, 64.638945], [32.582554, 64.639117], [32.581181, 64.639288], [32.579701, 64.639331], [32.578284, 64.639417], [32.577126, 64.63961], [32.574851, 64.640061], [32.573199, 64.640318], [32.570924, 64.640168], [32.5685, 64.640297], [32.56762, 64.640447], [32.566633, 64.640533], [32.56541, 64.640812], [32.564294, 64.64122], [32.563564, 64.641391], [32.562298, 64.641606], [32.560088, 64.641735], [32.559208, 64.642014], [32.557599, 64.643451], [32.557385, 64.643494], [32.556912, 64.643773], [32.55599, 64.644095], [32.55496, 64.644181], [32.554445, 64.64431], [32.553608, 64.644631], [32.553265, 64.644825], [32.552814, 64.645275], [32.55202, 64.645855], [32.551548, 64.646369], [32.551612, 64.646498], [32.55202, 64.646777], [32.552406, 64.646992], [32.552514, 64.647142], [32.552449, 64.647314], [32.551913, 64.6477], [32.551312, 64.648236], [32.55084, 64.648558], [32.550046, 64.648987], [32.549874, 64.649159], [32.549874, 64.649352], [32.550303, 64.649674], [32.550904, 64.649953], [32.550926, 64.650017], [32.549767, 64.651069], [32.549037, 64.651562], [32.546763, 64.652571], [32.545883, 64.653064], [32.545218, 64.653386], [32.544338, 64.653601], [32.541935, 64.654094], [32.540583, 64.654459], [32.537365, 64.655489], [32.536356, 64.655854], [32.535626, 64.656176], [32.533738, 64.657356], [32.531893, 64.658429], [32.531442, 64.658643], [32.53052, 64.658965], [32.529704, 64.65918], [32.527773, 64.659502], [32.524018, 64.660017], [32.523546, 64.660124], [32.522087, 64.660553], [32.519533, 64.661411], [32.517795, 64.661819], [32.515928, 64.662119], [32.514834, 64.662248], [32.512645, 64.662613], [32.511487, 64.662978], [32.510457, 64.663536], [32.509169, 64.664136], [32.508161, 64.664523], [32.506938, 64.664952], [32.505092, 64.665467], [32.504298, 64.665746], [32.50344, 64.666175], [32.50168, 64.667205], [32.500457, 64.667827], [32.498011, 64.668922], [32.497389, 64.669308], [32.496938, 64.66963], [32.495222, 64.671153], [32.494599, 64.671582], [32.493741, 64.672119], [32.490694, 64.673878], [32.489771, 64.674608], [32.489621, 64.674801], [32.489085, 64.675209], [32.487711, 64.676453], [32.487003, 64.676689], [32.485737, 64.677033], [32.485008, 64.677269], [32.48106, 64.678299], [32.479686, 64.678878], [32.479043, 64.6792], [32.478034, 64.679801], [32.477219, 64.680401], [32.476511, 64.681109], [32.476189, 64.681496], [32.475953, 64.682461], [32.475845, 64.68274], [32.475609, 64.683212], [32.475223, 64.683706], [32.474021, 64.684564], [32.472283, 64.685594], [32.471168, 64.68656], [32.470631, 64.687182], [32.469923, 64.687783], [32.468936, 64.688298], [32.467627, 64.68892], [32.465567, 64.690014], [32.465117, 64.690186], [32.463829, 64.690808], [32.460889, 64.69231], [32.460138, 64.692632], [32.457284, 64.694027], [32.456877, 64.694177], [32.455096, 64.695057], [32.453723, 64.695443], [32.45074, 64.695958], [32.450161, 64.696173], [32.449667, 64.696516], [32.449238, 64.697095], [32.449109, 64.697331], [32.448895, 64.697997], [32.448658, 64.698404], [32.448465, 64.69864], [32.447843, 64.699112], [32.447736, 64.699241], [32.445955, 64.700529], [32.445504, 64.700893], [32.444539, 64.702009], [32.44353, 64.703018], [32.442114, 64.704134], [32.440419, 64.705271], [32.439839, 64.705721], [32.439367, 64.706258], [32.439281, 64.706859], [32.43911, 64.707116], [32.438745, 64.707352], [32.438509, 64.707588], [32.438187, 64.707717], [32.437973, 64.707738], [32.437908, 64.707803], [32.437286, 64.708125], [32.436921, 64.708704], [32.436127, 64.709412], [32.434818, 64.710335], [32.433595, 64.711086], [32.43308, 64.711343], [32.432458, 64.711772], [32.432093, 64.712137], [32.431621, 64.712738], [32.431192, 64.713189], [32.43072, 64.713768], [32.430656, 64.71394], [32.43072, 64.714154], [32.432179, 64.715313], [32.432308, 64.715485], [32.432372, 64.715935], [32.432072, 64.716279], [32.431063, 64.716729], [32.430634, 64.716794], [32.42969, 64.716815], [32.425613, 64.716622], [32.423961, 64.716708], [32.423124, 64.716836], [32.421901, 64.717437], [32.42057, 64.718188], [32.419304, 64.718789], [32.418296, 64.719218], [32.41733, 64.71954], [32.415936, 64.719905], [32.41424, 64.72042], [32.411773, 64.721386], [32.409842, 64.722201], [32.408382, 64.722737], [32.406945, 64.723059], [32.403318, 64.723596], [32.401731, 64.723896], [32.400186, 64.724411], [32.39834, 64.725184], [32.397761, 64.725484], [32.397031, 64.726042], [32.395594, 64.727716], [32.39495, 64.728788], [32.394564, 64.729625], [32.394628, 64.729926], [32.395358, 64.730376], [32.397031, 64.730956], [32.397868, 64.731299], [32.398083, 64.731428], [32.399413, 64.732908], [32.399692, 64.733359], [32.399885, 64.734367], [32.399606, 64.73514], [32.399177, 64.735805], [32.39849, 64.736599], [32.397546, 64.738037], [32.397267, 64.73838], [32.396259, 64.738938], [32.394521, 64.739367], [32.39289, 64.73971], [32.391066, 64.740161], [32.389199, 64.740569], [32.386024, 64.740955], [32.385423, 64.741062], [32.385058, 64.741148], [32.383899, 64.741577], [32.383084, 64.741942], [32.38214, 64.742543], [32.381367, 64.743229], [32.380681, 64.74368], [32.379779, 64.744195], [32.379007, 64.744796], [32.377891, 64.746641], [32.377612, 64.747349], [32.377462, 64.748079], [32.377011, 64.748637], [32.376775, 64.748808], [32.376518, 64.748937], [32.375466, 64.749259], [32.37287, 64.749645], [32.369694, 64.750032], [32.367806, 64.750139], [32.366347, 64.75031], [32.361948, 64.75119], [32.359523, 64.751534], [32.358021, 64.751791], [32.357163, 64.751984], [32.354545, 64.7528], [32.352678, 64.753293], [32.348988, 64.754066], [32.348279, 64.754173], [32.346906, 64.754259], [32.338924, 64.754151], [32.334203, 64.754151], [32.332766, 64.754001], [32.331049, 64.753508], [32.329247, 64.752778], [32.328345, 64.752263], [32.327015, 64.751748], [32.325878, 64.751469], [32.324612, 64.751276], [32.322359, 64.751104], [32.320277, 64.751212], [32.318432, 64.751405], [32.316114, 64.751748], [32.314784, 64.751984], [32.313046, 64.752349], [32.310385, 64.752993], [32.308132, 64.753572], [32.307059, 64.753937], [32.305321, 64.754216], [32.303025, 64.754495], [32.301867, 64.754774], [32.299807, 64.755696], [32.299141, 64.755932], [32.297575, 64.756362], [32.296502, 64.756426], [32.294614, 64.756447], [32.29279, 64.75664], [32.290644, 64.757091], [32.289013, 64.757391], [32.286846, 64.757628], [32.28455, 64.757735], [32.281696, 64.757628], [32.277319, 64.757585], [32.275538, 64.757778], [32.274122, 64.758057], [32.272899, 64.758421], [32.271525, 64.759194], [32.270174, 64.760374], [32.269423, 64.761104], [32.267835, 64.762906], [32.266032, 64.764816], [32.265324, 64.765502], [32.264616, 64.766532], [32.263929, 64.767283], [32.262706, 64.768914], [32.262427, 64.769751], [32.262148, 64.770459], [32.261977, 64.771468], [32.26202, 64.77194], [32.261934, 64.772026], [32.262234, 64.773356], [32.261977, 64.773571], [32.259123, 64.774665], [32.258265, 64.775073], [32.257084, 64.775781], [32.254445, 64.777111], [32.25393, 64.777412], [32.253158, 64.777776], [32.251591, 64.778613], [32.250132, 64.779278], [32.249188, 64.77975], [32.247772, 64.78033], [32.24627, 64.78078], [32.243309, 64.78151], [32.241592, 64.782025], [32.239103, 64.782518], [32.237987, 64.78239], [32.237236, 64.782111], [32.236249, 64.781832], [32.235777, 64.781617], [32.235713, 64.78151], [32.235949, 64.781124], [32.236657, 64.780652], [32.236936, 64.78018], [32.23685, 64.77975], [32.236721, 64.779429], [32.236313, 64.778999], [32.235434, 64.77857], [32.235176, 64.778377], [32.234768, 64.777926], [32.234618, 64.777819], [32.233674, 64.777433], [32.232623, 64.776789], [32.231507, 64.776253], [32.230627, 64.776017], [32.229726, 64.775952], [32.229061, 64.775952], [32.227838, 64.775802], [32.226829, 64.775373], [32.224962, 64.774257], [32.224125, 64.773914], [32.223353, 64.773721], [32.223696, 64.773871], [32.224512, 64.773935], [32.226078, 64.773828], [32.22625, 64.773549], [32.226443, 64.772648], [32.226614, 64.772262], [32.226679, 64.772219], [32.226743, 64.771704], [32.226679, 64.771639], [32.226078, 64.771511], [32.224533, 64.770845], [32.224018, 64.770373], [32.223632, 64.769773], [32.22258, 64.768807], [32.22198, 64.768335], [32.221293, 64.768077], [32.220413, 64.767884], [32.217495, 64.767391], [32.213525, 64.766597], [32.212345, 64.766468], [32.208912, 64.766382], [32.207281, 64.766211], [32.20314, 64.765481], [32.202045, 64.765202], [32.201252, 64.764923], [32.19932, 64.764108], [32.198827, 64.76355], [32.198634, 64.762541], [32.197926, 64.761898], [32.197196, 64.761468], [32.195587, 64.760632], [32.194922, 64.760074], [32.194492, 64.759795], [32.194407, 64.759687], [32.193892, 64.759366], [32.192711, 64.7587], [32.191016, 64.757842], [32.189428, 64.757177], [32.188935, 64.757027], [32.188763, 64.756984], [32.187368, 64.756877], [32.185609, 64.756898], [32.180566, 64.75664], [32.179236, 64.756662], [32.177197, 64.757177], [32.175588, 64.757778], [32.174494, 64.7581], [32.173743, 64.758185], [32.172048, 64.75825], [32.169623, 64.758743], [32.167735, 64.758829], [32.163765, 64.75855], [32.156534, 64.75825], [32.155053, 64.758121], [32.152049, 64.757327], [32.151169, 64.757241], [32.148315, 64.757177], [32.146985, 64.757091], [32.14338, 64.756962], [32.141642, 64.756791], [32.139797, 64.756533], [32.138853, 64.75664], [32.137844, 64.756855], [32.135355, 64.757477], [32.134754, 64.757585], [32.13263, 64.757864], [32.130291, 64.758014], [32.127265, 64.7581], [32.126944, 64.758164], [32.126622, 64.758293], [32.125506, 64.758336], [32.122695, 64.757928], [32.12012, 64.757499], [32.117395, 64.756984], [32.116987, 64.756619], [32.117116, 64.756147], [32.116751, 64.755911], [32.116129, 64.755739], [32.11394, 64.75531], [32.113919, 64.755267], [32.114305, 64.754924], [32.114412, 64.754366], [32.114627, 64.753722], [32.114434, 64.753272], [32.113704, 64.752864], [32.111945, 64.75207], [32.111258, 64.751855], [32.111279, 64.751791], [32.112953, 64.75104], [32.110486, 64.749881], [32.110164, 64.749044], [32.110314, 64.747972], [32.110314, 64.747628], [32.110357, 64.747457], [32.110271, 64.747263], [32.110056, 64.746985], [32.109241, 64.746212], [32.109069, 64.746212], [32.103641, 64.747221], [32.10304, 64.747221], [32.101366, 64.746598], [32.101044, 64.746512], [32.099821, 64.74604], [32.095723, 64.744152], [32.094607, 64.743723], [32.093749, 64.743272], [32.093513, 64.742908], [32.093513, 64.742822], [32.094199, 64.742328], [32.094736, 64.74177], [32.095401, 64.74147], [32.098126, 64.740762], [32.099843, 64.740097], [32.100315, 64.73956], [32.100079, 64.739067], [32.099821, 64.73838], [32.099413, 64.737672], [32.099413, 64.737565], [32.099585, 64.737307], [32.100057, 64.73705], [32.101302, 64.736663], [32.107503, 64.735955], [32.10834, 64.735827], [32.109863, 64.735526], [32.111172, 64.735161], [32.112395, 64.734603], [32.113125, 64.73396], [32.113575, 64.733402], [32.114284, 64.732372], [32.11452, 64.731878], [32.114605, 64.731814], [32.114799, 64.731278], [32.114713, 64.730677], [32.114584, 64.730398], [32.114241, 64.729818], [32.113747, 64.729175], [32.112438, 64.727887], [32.111558, 64.726728], [32.111043, 64.726106], [32.110915, 64.725935], [32.110571, 64.725226], [32.110571, 64.724647], [32.110936, 64.72293], [32.110958, 64.721686], [32.111172, 64.721107], [32.111773, 64.72027], [32.112031, 64.719969], [32.112395, 64.719433], [32.112803, 64.718596], [32.113254, 64.717909], [32.11379, 64.717309], [32.114412, 64.716708], [32.11512, 64.716107], [32.116279, 64.715356], [32.116944, 64.714648], [32.117073, 64.714369], [32.116966, 64.713575], [32.116644, 64.713232], [32.115592, 64.712695], [32.114863, 64.712223], [32.114391, 64.71203], [32.113211, 64.711644], [32.112588, 64.711107], [32.112374, 64.710549], [32.112417, 64.709734], [32.11276, 64.708919], [32.11261, 64.707653], [32.112395, 64.70658], [32.112674, 64.705335], [32.112417, 64.704992], [32.111945, 64.704541], [32.111451, 64.703983], [32.11143, 64.703855], [32.111601, 64.70334], [32.111902, 64.703082], [32.114563, 64.702052], [32.116515, 64.701129], [32.117331, 64.700851], [32.118639, 64.700507], [32.119369, 64.700357], [32.121558, 64.700228], [32.122716, 64.700014], [32.124025, 64.699456], [32.125291, 64.698555], [32.126429, 64.697546], [32.126557, 64.69701], [32.125248, 64.695658], [32.124412, 64.694735], [32.12424, 64.694134], [32.124261, 64.694027], [32.124605, 64.693598], [32.125313, 64.69289], [32.125313, 64.692525], [32.124991, 64.69216], [32.121558, 64.69128], [32.121257, 64.691044], [32.120914, 64.690637], [32.120506, 64.68965], [32.119905, 64.689199], [32.117803, 64.688448], [32.112052, 64.684178], [32.110528, 64.683126], [32.108018, 64.682139], [32.107696, 64.681775], [32.108554, 64.680573], [32.10864, 64.679994], [32.108511, 64.67935], [32.108018, 64.678663], [32.107009, 64.678299], [32.103683, 64.677655], [32.101237, 64.675895], [32.100636, 64.672956], [32.100315, 64.672505], [32.099263, 64.671668], [32.098383, 64.671368], [32.090959, 64.670252], [32.089242, 64.66993], [32.085702, 64.668814], [32.083406, 64.668213], [32.075145, 64.666969], [32.064566, 64.666196], [32.063472, 64.666304], [32.062613, 64.666561], [32.057421, 64.6692], [32.054739, 64.670252], [32.050254, 64.670896], [32.047915, 64.671303], [32.040684, 64.671797], [32.008562, 64.669973], [32.004871, 64.669715], [32.003948, 64.669694], [32.001223, 64.669544], [31.999528, 64.669544], [31.997146, 64.66963], [31.995923, 64.669587], [31.994636, 64.669394], [31.991052, 64.668728], [31.986331, 64.667934], [31.98455, 64.667763], [31.978306, 64.668235], [31.96923, 64.669372], [31.96702, 64.669436], [31.956076, 64.668879], [31.950776, 64.668535], [31.946764, 64.668342], [31.94554, 64.668321], [31.945412, 64.668278], [31.945691, 64.668321], [31.945176, 64.668278], [31.94406, 64.667763], [31.942193, 64.666797], [31.940391, 64.665789], [31.939532, 64.665596], [31.933481, 64.665617], [31.928889, 64.665553], [31.924834, 64.66566], [31.924126, 64.66551], [31.923353, 64.665016], [31.922602, 64.664394], [31.921787, 64.6639], [31.921122, 64.66375], [31.912882, 64.663579], [31.911573, 64.663579], [31.910371, 64.663729], [31.909148, 64.663965], [31.907668, 64.66433], [31.907217, 64.664716], [31.905865, 64.667462], [31.90505, 64.668943], [31.904621, 64.669501], [31.904363, 64.669694], [31.903719, 64.669973], [31.902174, 64.670381], [31.900844, 64.67066], [31.897411, 64.671496], [31.893098, 64.672462], [31.891338, 64.672913], [31.890158, 64.673513], [31.888484, 64.674715], [31.88739, 64.675445], [31.886189, 64.676174], [31.885652, 64.676367], [31.87237, 64.679972], [31.868529, 64.680788], [31.86546, 64.681324], [31.863679, 64.68171], [31.862349, 64.682139], [31.855719, 64.685058], [31.854989, 64.685294], [31.853508, 64.685551], [31.845934, 64.686538], [31.844325, 64.686946], [31.841471, 64.687954], [31.83954, 64.688577], [31.833789, 64.690572], [31.832094, 64.691087], [31.830527, 64.691409], [31.80334, 64.693126], [31.801388, 64.69334], [31.799972, 64.693598], [31.789479, 64.696023], [31.782977, 64.697568], [31.778192, 64.69864], [31.753129, 64.704477], [31.751649, 64.704992], [31.748838, 64.706236], [31.746671, 64.707116], [31.745727, 64.707395], [31.744611, 64.70761], [31.738324, 64.708253], [31.73695, 64.708361], [31.735899, 64.708404], [31.727552, 64.707953], [31.726393, 64.70791], [31.724569, 64.707974], [31.718626, 64.708618], [31.715407, 64.709047], [31.705708, 64.709412], [31.703541, 64.709326], [31.697103, 64.708854], [31.695086, 64.708876], [31.693091, 64.709198], [31.687748, 64.71027], [31.681461, 64.711472], [31.679508, 64.711708], [31.677277, 64.711772], [31.675689, 64.711944], [31.660346, 64.715785], [31.658394, 64.715892], [31.654167, 64.715785], [31.652622, 64.715807], [31.631078, 64.717223], [31.629962, 64.71733], [31.628975, 64.717523], [31.627924, 64.717888], [31.626679, 64.718403], [31.614105, 64.724239], [31.606702, 64.727737], [31.605544, 64.728252], [31.603848, 64.728703], [31.601982, 64.72896], [31.57767, 64.731943], [31.572091, 64.732758], [31.56898, 64.733016], [31.567285, 64.733252], [31.565546, 64.733659], [31.562178, 64.734668], [31.552565, 64.737436], [31.548337, 64.738788], [31.546642, 64.738959], [31.540484, 64.739152], [31.53836, 64.739324], [31.537137, 64.73956], [31.524777, 64.744174], [31.523103, 64.744731], [31.522095, 64.744989], [31.520957, 64.745204], [31.514413, 64.746276], [31.507439, 64.747371], [31.506087, 64.747693], [31.504542, 64.748186], [31.503019, 64.748744], [31.489479, 64.753765], [31.478686, 64.757692], [31.468129, 64.761619], [31.4577, 64.765438], [31.456284, 64.766039], [31.453151, 64.767713], [31.451971, 64.768292], [31.449933, 64.769494], [31.449267, 64.769815], [31.445019, 64.770953], [31.443195, 64.771489], [31.442594, 64.771833], [31.4421, 64.77224], [31.441907, 64.772691], [31.441929, 64.773313], [31.441864, 64.774021], [31.441307, 64.774794], [31.440598, 64.775201], [31.439483, 64.775459], [31.426351, 64.77739], [31.423711, 64.777841], [31.423046, 64.778163], [31.422703, 64.778613], [31.422832, 64.779021], [31.423218, 64.779557], [31.424441, 64.781746], [31.425256, 64.783098], [31.426286, 64.785008], [31.426436, 64.785179], [31.427702, 64.787346], [31.42796, 64.788119], [31.427917, 64.788462], [31.427788, 64.788891], [31.425793, 64.793612], [31.425364, 64.794728], [31.424484, 64.796745], [31.424162, 64.797861], [31.424076, 64.799749], [31.424183, 64.801294], [31.424183, 64.802088], [31.424033, 64.803268], [31.422638, 64.805779], [31.420557, 64.809405], [31.418712, 64.81243], [31.416802, 64.815735], [31.415085, 64.81846], [31.414635, 64.81949], [31.414742, 64.820499], [31.414935, 64.821078], [31.415364, 64.822816], [31.4156, 64.823524], [31.415622, 64.823803], [31.41678, 64.827837], [31.416909, 64.828524], [31.417038, 64.82876], [31.417295, 64.829639], [31.417553, 64.830798], [31.417682, 64.831227], [31.417832, 64.831978], [31.418025, 64.832536], [31.418197, 64.833244], [31.418282, 64.834038], [31.418261, 64.834189], [31.417767, 64.834832], [31.41766, 64.834918], [31.413583, 64.837064], [31.412746, 64.83745], [31.410644, 64.838587], [31.405944, 64.840969], [31.405065, 64.841527], [31.395044, 64.850561], [31.3947, 64.851076], [31.394658, 64.851376], [31.394829, 64.851784], [31.395645, 64.852492], [31.395902, 64.852814], [31.396052, 64.85335], [31.395881, 64.853951], [31.395409, 64.854702], [31.39292, 64.858393], [31.390731, 64.860195], [31.388971, 64.861547], [31.388134, 64.862234], [31.387877, 64.862534], [31.387491, 64.863371], [31.38719, 64.864551], [31.387083, 64.865259], [31.386697, 64.866804], [31.386482, 64.867448], [31.386418, 64.867877], [31.385946, 64.869787], [31.385817, 64.87013], [31.385645, 64.870903], [31.385796, 64.871203], [31.385517, 64.87146], [31.385495, 64.871782], [31.385366, 64.87219], [31.385109, 64.872684], [31.384315, 64.873327], [31.38292, 64.873885], [31.381247, 64.874336], [31.369402, 64.877254], [31.367986, 64.877619], [31.366977, 64.877962], [31.366226, 64.878584], [31.363973, 64.882254], [31.363501, 64.882855], [31.3626, 64.883627], [31.361377, 64.884206], [31.357235, 64.885708], [31.355776, 64.886116], [31.354145, 64.886352], [31.352365, 64.886502], [31.352, 64.886567], [31.35112, 64.886824], [31.348996, 64.88779], [31.348352, 64.888133], [31.348266, 64.888476], [31.348566, 64.88882], [31.353459, 64.893283], [31.353952, 64.893691], [31.354167, 64.893927], [31.357686, 64.897124], [31.35848, 64.897961], [31.358995, 64.899012], [31.35966, 64.900836], [31.360347, 64.902896], [31.36084, 64.903754], [31.361634, 64.904484], [31.36451, 64.907359], [31.366205, 64.90899], [31.36687, 64.909677], [31.367213, 64.910127], [31.367385, 64.910814], [31.367385, 64.912616], [31.367342, 64.914269], [31.367406, 64.914633], [31.367878, 64.915127], [31.368865, 64.915513], [31.373093, 64.916779], [31.373951, 64.917208], [31.374037, 64.918024], [31.373887, 64.918818], [31.373479, 64.920126], [31.373372, 64.92077], [31.372342, 64.924504], [31.372041, 64.92577], [31.371526, 64.927358], [31.371419, 64.928066], [31.369874, 64.933988], [31.368994, 64.9377], [31.368393, 64.939846], [31.368265, 64.940619], [31.368093, 64.941262], [31.368029, 64.942142], [31.368501, 64.9427], [31.37247, 64.945361], [31.372899, 64.94579], [31.373136, 64.946176], [31.373307, 64.946605], [31.373522, 64.947292], [31.373822, 64.948043], [31.373972, 64.948644], [31.374895, 64.951004], [31.375217, 64.951541], [31.375904, 64.952292], [31.376547, 64.953107], [31.376676, 64.954008], [31.376826, 64.95566], [31.376783, 64.956562], [31.376633, 64.956776], [31.376075, 64.957334], [31.373522, 64.959759], [31.372899, 64.960317], [31.37217, 64.96081], [31.370625, 64.962119], [31.370282, 64.962977], [31.370432, 64.963621], [31.371033, 64.964415], [31.371204, 64.96478], [31.371204, 64.965252], [31.370174, 64.966368], [31.369338, 64.966818], [31.367857, 64.967526], [31.366913, 64.968063], [31.362514, 64.970337], [31.360948, 64.971067], [31.359617, 64.971775], [31.358566, 64.972419], [31.358287, 64.973492], [31.358437, 64.975637], [31.358544, 64.976646], [31.358695, 64.97759], [31.358716, 64.978341], [31.358437, 64.978985], [31.357429, 64.979607], [31.356463, 64.980272], [31.35627, 64.981281], [31.356291, 64.982118], [31.355841, 64.98289], [31.353631, 64.984371], [31.351635, 64.985637], [31.350798, 64.986302], [31.350069, 64.986946], [31.347665, 64.98922], [31.346893, 64.989885], [31.341614, 64.992696], [31.340026, 64.993512], [31.338975, 64.993962], [31.33816, 64.994456], [31.337666, 64.994842], [31.337409, 64.99525], [31.336979, 64.996258], [31.336786, 64.996945], [31.337001, 64.997782], [31.337409, 64.998554], [31.337494, 64.99879], [31.337816, 64.998898], [31.340455, 64.999069], [31.342043, 64.999391], [31.34582, 65.000507], [31.347622, 65.000979], [31.348094, 65.001022], [31.348974, 65.001043], [31.349318, 65.001022], [31.34994, 65.000936], [31.351571, 65.000614], [31.353974, 64.999842], [31.354746, 64.999692], [31.356356, 64.999713], [31.356914, 64.999799], [31.357064, 64.999842], [31.35848, 65.00055], [31.358952, 65.0007], [31.35936, 65.000743], [31.362557, 65.000657], [31.365089, 65.000679], [31.369616, 65.000807], [31.370775, 65.000872], [31.371612, 65.000979], [31.372299, 65.001344], [31.373779, 65.003275], [31.374487, 65.003597], [31.377255, 65.003811], [31.3782, 65.003962], [31.379723, 65.004047], [31.380882, 65.004176], [31.38174, 65.004648], [31.382234, 65.005163], [31.382405, 65.006901], [31.382513, 65.007395], [31.382555, 65.008232], [31.382641, 65.008618], [31.382963, 65.011794], [31.383028, 65.012008], [31.383113, 65.012094], [31.384701, 65.012845], [31.39131, 65.015527], [31.391654, 65.015849], [31.391525, 65.0163], [31.391224, 65.016772], [31.39116, 65.017287], [31.39204, 65.017845], [31.393284, 65.018231], [31.39573, 65.018553], [31.396245, 65.018682], [31.397082, 65.019089], [31.39779, 65.019669], [31.399335, 65.020484], [31.402339, 65.021814], [31.403906, 65.022587], [31.40515, 65.02308], [31.407661, 65.023746], [31.409785, 65.024647], [31.413733, 65.02587], [31.416566, 65.026664], [31.417145, 65.026878], [31.418046, 65.027308], [31.418411, 65.027436], [31.419591, 65.027694], [31.420514, 65.027973], [31.421501, 65.028359], [31.423239, 65.028874], [31.424934, 65.029282], [31.426737, 65.029797], [31.428196, 65.030247], [31.429483, 65.030719], [31.431179, 65.031106], [31.439805, 65.032758], [31.446199, 65.033852], [31.447293, 65.03426], [31.448237, 65.035097], [31.450426, 65.036663], [31.451306, 65.037414], [31.451971, 65.037865], [31.453409, 65.038208], [31.45858, 65.039002], [31.462957, 65.03986], [31.464674, 65.040289], [31.466155, 65.040976], [31.468987, 65.042371], [31.470038, 65.042929], [31.471583, 65.04353], [31.475446, 65.044324], [31.479394, 65.045654], [31.481347, 65.04604], [31.483492, 65.046298], [31.484372, 65.046469], [31.485209, 65.046748], [31.486883, 65.047521], [31.488471, 65.047971], [31.48993, 65.048036], [31.491947, 65.04825], [31.494071, 65.048636], [31.497933, 65.049044], [31.500787, 65.049388], [31.505658, 65.050139], [31.508641, 65.050396], [31.510658, 65.050632], [31.51452, 65.051169], [31.515593, 65.051254], [31.517159, 65.051533], [31.523253, 65.053014], [31.524648, 65.053228], [31.526966, 65.053336], [31.52894, 65.053336], [31.531279, 65.05325], [31.53203, 65.053293], [31.532716, 65.053486], [31.533811, 65.053979], [31.535141, 65.05443], [31.536815, 65.054709], [31.539819, 65.054859], [31.543874, 65.055331], [31.545248, 65.055632], [31.546921, 65.056082], [31.548058, 65.056447], [31.549711, 65.057069], [31.551041, 65.057477], [31.552565, 65.057777], [31.554195, 65.057885], [31.556341, 65.05782], [31.562371, 65.057391], [31.56471, 65.057177], [31.568958, 65.056876], [31.569151, 65.05679], [31.569688, 65.05619], [31.569559, 65.055524], [31.569774, 65.055439], [31.572177, 65.055374], [31.574366, 65.055245], [31.57576, 65.055374], [31.576426, 65.055524], [31.578614, 65.055846], [31.579408, 65.056168], [31.580159, 65.056254], [31.581168, 65.056469], [31.581683, 65.056511], [31.583313, 65.056168], [31.583528, 65.056039], [31.585137, 65.055825], [31.591682, 65.058335], [31.59224, 65.058421], [31.592648, 65.058657], [31.59327, 65.058915], [31.593935, 65.059129], [31.595029, 65.059387], [31.596446, 65.059644], [31.598076, 65.060095], [31.5996, 65.06061], [31.5999, 65.060803], [31.600394, 65.060975], [31.601252, 65.061511], [31.601252, 65.061575], [31.601681, 65.061812], [31.602218, 65.062005], [31.603291, 65.062284], [31.605522, 65.062498], [31.60593, 65.062584], [31.610178, 65.063829], [31.611895, 65.064258], [31.620564, 65.06518], [31.623461, 65.065373], [31.626079, 65.06561], [31.627151, 65.065738], [31.631894, 65.066575], [31.633696, 65.066811], [31.634104, 65.066833], [31.634683, 65.066811], [31.635649, 65.066897], [31.636271, 65.067047], [31.636807, 65.06724], [31.637752, 65.067648], [31.638567, 65.06782], [31.639683, 65.067863], [31.640799, 65.06782], [31.643137, 65.067669], [31.644961, 65.067455], [31.645498, 65.067519], [31.648287, 65.06812], [31.649103, 65.068614], [31.649425, 65.068893], [31.649832, 65.06915], [31.650455, 65.069279], [31.651721, 65.069429], [31.653072, 65.069472], [31.657943, 65.069408], [31.659274, 65.069579], [31.661376, 65.069965], [31.664144, 65.070287], [31.672298, 65.070631], [31.678757, 65.070566], [31.680603, 65.070674], [31.681718, 65.070802], [31.682705, 65.071017], [31.684594, 65.071725], [31.685645, 65.071918], [31.686503, 65.07194], [31.68837, 65.07194], [31.694443, 65.071768], [31.697855, 65.071897], [31.698906, 65.071918], [31.699399, 65.071875], [31.699979, 65.071768], [31.701502, 65.071339], [31.703047, 65.070974], [31.704163, 65.070609], [31.705064, 65.070437], [31.707682, 65.070051], [31.708347, 65.069837], [31.709957, 65.068957], [31.710622, 65.068699], [31.711115, 65.068614], [31.712253, 65.068614], [31.714227, 65.068699], [31.714699, 65.068742], [31.717231, 65.069236], [31.720514, 65.069408], [31.7209, 65.069408], [31.722295, 65.069257], [31.724398, 65.06915], [31.726543, 65.069064], [31.727573, 65.069107], [31.72841, 65.069193], [31.732358, 65.069858], [31.734697, 65.070051], [31.736629, 65.070137], [31.73695, 65.070201], [31.737401, 65.070395], [31.737959, 65.070824], [31.738603, 65.071146], [31.739268, 65.071403], [31.740083, 65.07194], [31.741156, 65.072347], [31.742293, 65.072669], [31.743516, 65.073291], [31.744954, 65.073828], [31.747829, 65.074407], [31.748688, 65.074622], [31.749567, 65.074708], [31.752507, 65.075137], [31.753387, 65.075308], [31.756284, 65.076038], [31.757142, 65.076167], [31.758387, 65.076253], [31.760532, 65.076188], [31.762464, 65.07621], [31.763708, 65.076102], [31.766262, 65.075952], [31.767077, 65.075823], [31.767721, 65.075673], [31.768579, 65.075544], [31.770017, 65.075566], [31.770939, 65.075523], [31.771819, 65.075544], [31.7733, 65.07548], [31.774802, 65.07563], [31.776132, 65.075931], [31.776969, 65.07621], [31.777527, 65.076574], [31.777699, 65.076725], [31.778514, 65.077154], [31.778965, 65.077325], [31.780252, 65.077497], [31.783149, 65.077669], [31.783728, 65.077797], [31.784307, 65.078141], [31.784715, 65.078613], [31.785187, 65.078999], [31.785509, 65.079342], [31.785638, 65.079664], [31.785917, 65.079943], [31.786754, 65.080136], [31.787569, 65.080287], [31.788256, 65.080329], [31.789093, 65.080329], [31.790509, 65.080244], [31.791646, 65.080544], [31.792311, 65.080759], [31.793406, 65.080973], [31.79538, 65.081123], [31.796882, 65.081295], [31.79774, 65.081359], [31.799778, 65.081274], [31.801431, 65.081252], [31.803619, 65.081402], [31.805078, 65.081638], [31.806108, 65.081853], [31.806602, 65.082089], [31.807074, 65.082432], [31.807203, 65.082625], [31.807482, 65.08284], [31.80937, 65.083162], [31.809842, 65.083291], [31.81113, 65.083763], [31.813082, 65.084127], [31.815035, 65.084106], [31.818404, 65.083548], [31.822652, 65.083119], [31.823554, 65.08314], [31.824283, 65.083098], [31.825013, 65.08299], [31.825957, 65.082754], [31.826708, 65.082518], [31.827652, 65.082475], [31.828746, 65.082776], [31.829454, 65.082883], [31.83057, 65.083205], [31.833982, 65.083441], [31.8366, 65.083055], [31.837737, 65.083248], [31.838638, 65.083462], [31.839389, 65.084085], [31.839861, 65.084406], [31.840376, 65.084621], [31.840484, 65.0849], [31.840269, 65.085179], [31.840012, 65.085651], [31.840033, 65.085758], [31.84014, 65.085844], [31.84102, 65.086059], [31.841943, 65.086381], [31.84308, 65.086659], [31.844067, 65.08681], [31.844496, 65.086917], [31.845119, 65.086981], [31.846041, 65.087196], [31.846277, 65.087325], [31.846535, 65.087711], [31.847221, 65.088011], [31.847522, 65.088183], [31.847908, 65.088312], [31.850333, 65.088398], [31.852843, 65.08814], [31.853659, 65.088269], [31.854474, 65.088483], [31.85544, 65.088913], [31.856534, 65.089192], [31.857049, 65.089213], [31.8575, 65.089342], [31.8578, 65.089621], [31.858229, 65.089835], [31.858851, 65.090243], [31.85971, 65.090608], [31.860847, 65.090801], [31.8628, 65.09093], [31.863036, 65.090972], [31.86325, 65.09108], [31.864023, 65.091316], [31.864452, 65.09153], [31.864988, 65.091874], [31.865439, 65.091981], [31.865825, 65.092002], [31.866405, 65.091938], [31.866877, 65.091809], [31.86722, 65.091595], [31.867821, 65.091337], [31.868937, 65.091337], [31.870009, 65.091466], [31.874022, 65.091294], [31.876683, 65.091144], [31.877799, 65.090951], [31.878657, 65.090865], [31.879622, 65.091058], [31.880309, 65.091251], [31.88209, 65.091337], [31.884214, 65.091724], [31.885266, 65.091724], [31.886382, 65.091616], [31.887605, 65.091659], [31.888549, 65.091788], [31.889557, 65.091874], [31.891574, 65.09226], [31.892583, 65.092367], [31.894857, 65.092517], [31.89593, 65.092753], [31.899192, 65.093354], [31.900329, 65.093419], [31.902132, 65.093698], [31.902904, 65.093741], [31.904728, 65.093762], [31.905264, 65.093805], [31.905951, 65.093912], [31.907153, 65.093912], [31.907904, 65.093998], [31.907904, 65.094041], [31.907818, 65.093977], [31.90814, 65.094148], [31.908183, 65.094406], [31.908504, 65.094706], [31.909363, 65.0952], [31.909685, 65.095436], [31.910457, 65.095607], [31.911101, 65.095629], [31.912968, 65.095779], [31.914598, 65.095672], [31.915929, 65.096251], [31.917667, 65.096745], [31.918718, 65.096916], [31.920049, 65.096981], [31.92095, 65.097088], [31.921594, 65.097303], [31.922237, 65.097667], [31.922452, 65.09771], [31.922388, 65.097689], [31.922881, 65.097667], [31.924684, 65.097474], [31.925478, 65.097474], [31.927194, 65.097732], [31.92801, 65.097903], [31.928331, 65.098032], [31.928482, 65.098182], [31.928632, 65.09859], [31.928739, 65.099083], [31.928954, 65.099384], [31.929147, 65.099985], [31.929447, 65.100328], [31.929876, 65.100607], [31.931335, 65.101101], [31.93228, 65.101744], [31.932795, 65.102002], [31.933503, 65.102238], [31.934554, 65.10271], [31.93479, 65.102924], [31.934812, 65.103203], [31.934554, 65.103439], [31.929683, 65.105328], [31.928954, 65.105692], [31.928503, 65.106014], [31.927838, 65.106594], [31.927323, 65.106958], [31.926679, 65.107581], [31.926121, 65.10801], [31.925563, 65.108611], [31.925263, 65.109233], [31.925284, 65.109405], [31.925413, 65.109726], [31.926014, 65.110241], [31.926701, 65.110628], [31.926958, 65.111057], [31.926937, 65.111314], [31.926615, 65.112001], [31.926186, 65.112323], [31.925907, 65.112473], [31.924448, 65.112924], [31.922709, 65.11361], [31.92198, 65.113846], [31.921165, 65.114018], [31.917452, 65.114211], [31.916143, 65.114383], [31.913933, 65.115091], [31.912989, 65.115542], [31.91271, 65.115906], [31.91286, 65.116228], [31.913204, 65.116529], [31.913654, 65.117108], [31.91374, 65.117473], [31.91344, 65.117902], [31.913054, 65.118245], [31.912925, 65.118503], [31.913054, 65.119146], [31.913032, 65.119897], [31.913075, 65.120069], [31.913354, 65.120563], [31.913182, 65.120927], [31.91241, 65.121442], [31.911873, 65.122558], [31.911637, 65.122751], [31.911315, 65.12288], [31.909363, 65.123202], [31.908118, 65.123459], [31.905372, 65.123803], [31.903955, 65.124039], [31.90226, 65.12391], [31.901402, 65.123996], [31.900587, 65.124253], [31.899621, 65.124725], [31.898484, 65.12494], [31.896295, 65.125197], [31.894772, 65.125455], [31.892218, 65.125798], [31.890823, 65.126077], [31.890287, 65.126227], [31.889708, 65.126442], [31.889472, 65.126571], [31.887648, 65.127236], [31.884129, 65.128609], [31.877305, 65.130519], [31.875803, 65.131013], [31.872756, 65.132472], [31.872777, 65.132493], [31.871211, 65.13303], [31.869065, 65.133545], [31.866748, 65.133995], [31.858465, 65.135798], [31.857886, 65.136055], [31.857199, 65.136441], [31.856963, 65.136656], [31.856684, 65.137085], [31.856534, 65.137643], [31.856448, 65.138523], [31.856942, 65.139145], [31.856684, 65.13966], [31.856255, 65.140046], [31.855783, 65.140261], [31.855032, 65.140797], [31.854517, 65.141119], [31.853809, 65.141419], [31.851899, 65.142106], [31.851191, 65.142407], [31.850376, 65.142664], [31.849732, 65.142922], [31.849174, 65.143265], [31.848595, 65.14378], [31.847479, 65.144552], [31.845612, 65.145947], [31.844754, 65.146655], [31.843466, 65.147599], [31.842823, 65.148157], [31.842565, 65.148715], [31.842372, 65.148973], [31.842114, 65.149573], [31.842114, 65.150174], [31.84278, 65.151226], [31.842973, 65.151633], [31.84293, 65.151912], [31.842715, 65.152148], [31.841793, 65.152556], [31.840591, 65.153007], [31.839818, 65.153264], [31.838316, 65.153693], [31.834797, 65.154294], [31.83321, 65.154487], [31.831171, 65.154873], [31.82954, 65.155238], [31.82866, 65.15571], [31.82748, 65.156955], [31.82615, 65.158586], [31.825163, 65.15953], [31.824648, 65.160088], [31.824111, 65.160538], [31.822845, 65.161053], [31.822159, 65.161203], [31.821408, 65.161418], [31.820807, 65.161676], [31.819283, 65.162126], [31.81776, 65.162491], [31.815743, 65.162791], [31.814734, 65.162899], [31.813383, 65.163306], [31.810486, 65.163843], [31.799821, 65.165602], [31.798233, 65.165967], [31.797311, 65.166375], [31.795444, 65.16734], [31.79362, 65.168349], [31.79259, 65.168864], [31.792268, 65.168971], [31.791281, 65.169508], [31.789071, 65.170559], [31.788277, 65.171031], [31.78699, 65.171718], [31.786174, 65.17204], [31.78508, 65.172705], [31.784737, 65.173005], [31.784415, 65.17337], [31.783707, 65.174057], [31.783063, 65.174851], [31.782226, 65.17573], [31.78096, 65.176889], [31.78081, 65.177061], [31.78066, 65.177318], [31.778728, 65.179164], [31.777677, 65.180279], [31.776947, 65.180837], [31.775767, 65.181545], [31.774287, 65.182339], [31.773879, 65.182511], [31.769309, 65.184743], [31.768493, 65.185172], [31.765596, 65.187017], [31.763858, 65.188304], [31.763815, 65.18839], [31.76403, 65.188669], [31.764137, 65.189184], [31.763558, 65.190279], [31.762785, 65.191373], [31.76197, 65.19221], [31.76124, 65.193047], [31.760489, 65.193626], [31.75991, 65.193905], [31.758666, 65.194313], [31.757292, 65.194656], [31.756284, 65.194978], [31.751928, 65.196652], [31.749825, 65.197381], [31.746263, 65.198046], [31.743066, 65.198583], [31.742036, 65.198711], [31.741027, 65.198754], [31.740448, 65.198733], [31.738753, 65.198433], [31.737487, 65.198282], [31.736907, 65.198261], [31.736071, 65.198433], [31.732187, 65.19957], [31.731307, 65.199656], [31.730041, 65.199527], [31.728689, 65.199484], [31.726651, 65.199334], [31.726028, 65.199334], [31.724355, 65.199613], [31.720857, 65.200385], [31.720063, 65.200514], [31.719441, 65.200471], [31.717939, 65.200278], [31.717102, 65.20002], [31.712746, 65.199119], [31.71236, 65.199012], [31.711823, 65.198797], [31.709935, 65.197789], [31.709055, 65.197617], [31.707081, 65.197596], [31.705601, 65.197703], [31.702682, 65.19781], [31.700365, 65.197853], [31.694657, 65.198068], [31.693885, 65.198068], [31.693542, 65.198003], [31.691975, 65.197853], [31.690988, 65.19781], [31.689679, 65.19766], [31.687662, 65.19751], [31.683671, 65.197102], [31.682083, 65.196973], [31.680946, 65.19693], [31.677448, 65.196587], [31.676311, 65.196587], [31.675624, 65.196716], [31.674788, 65.196952], [31.673929, 65.197381], [31.672813, 65.197789], [31.671891, 65.198411], [31.670689, 65.199119], [31.670324, 65.199462], [31.669788, 65.199806], [31.667535, 65.200793], [31.66717, 65.200986], [31.666719, 65.201351], [31.666398, 65.201544], [31.664402, 65.202231], [31.6632, 65.203024], [31.662814, 65.203325], [31.660432, 65.20472], [31.659531, 65.205213], [31.658351, 65.205707], [31.655604, 65.207059], [31.653501, 65.208024], [31.650626, 65.209462], [31.648459, 65.210449], [31.646828, 65.211307], [31.645262, 65.212015], [31.645047, 65.212165], [31.642193, 65.213517], [31.641206, 65.213775], [31.639962, 65.213946], [31.639318, 65.214161], [31.638932, 65.214225], [31.634941, 65.212745], [31.633052, 65.212101], [31.631186, 65.211693], [31.609277, 65.207788], [31.603505, 65.206694], [31.597733, 65.205685], [31.596059, 65.205342], [31.595759, 65.205256], [31.59445, 65.204655], [31.593742, 65.204226], [31.592926, 65.20384], [31.591768, 65.203024], [31.588957, 65.201329], [31.588249, 65.201029], [31.586382, 65.20045], [31.585395, 65.200214], [31.583828, 65.199977], [31.57782, 65.199162], [31.576082, 65.198969], [31.57516, 65.198819], [31.573979, 65.198497], [31.5731, 65.198196], [31.569473, 65.196737], [31.564581, 65.195536], [31.561319, 65.194828], [31.553916, 65.193111], [31.552801, 65.192789], [31.542158, 65.189227], [31.540527, 65.188777], [31.540076, 65.188691], [31.538789, 65.188541], [31.538231, 65.188541], [31.533381, 65.188905], [31.532073, 65.188884], [31.529541, 65.188626], [31.528253, 65.188541], [31.525356, 65.188476], [31.520979, 65.18824], [31.515378, 65.187618], [31.514112, 65.187296], [31.512975, 65.186717], [31.511151, 65.185622], [31.510057, 65.185043], [31.508533, 65.184592], [31.505057, 65.183906], [31.504006, 65.183648], [31.498749, 65.182511], [31.497354, 65.182275], [31.492569, 65.181288], [31.491475, 65.180945], [31.48935, 65.179829], [31.488685, 65.179442], [31.488513, 65.1794], [31.487634, 65.178927], [31.486947, 65.178477], [31.485574, 65.178091], [31.468493, 65.176825], [31.463687, 65.176589], [31.457378, 65.17676], [31.454846, 65.177168], [31.451327, 65.17779], [31.449096, 65.178927], [31.44725, 65.179721], [31.442873, 65.180859], [31.431243, 65.181738], [31.423475, 65.181223], [31.411716, 65.180344], [31.410214, 65.180151], [31.385667, 65.171932], [31.382148, 65.170945], [31.380989, 65.170752], [31.354339, 65.171095], [31.348545, 65.17219], [31.346786, 65.172447], [31.325328, 65.170816], [31.305243, 65.171761], [31.302669, 65.172426], [31.285889, 65.177147], [31.267006, 65.182339], [31.262886, 65.18309], [31.250269, 65.184292], [31.247093, 65.184721], [31.243274, 65.18573], [31.226279, 65.191802], [31.217439, 65.193776], [31.212675, 65.195149], [31.210229, 65.195643], [31.185424, 65.197617], [31.184887, 65.197639], [31.181561, 65.19693], [31.180639, 65.197639], [31.180489, 65.197681], [31.180531, 65.19766], [31.177978, 65.199849], [31.172506, 65.204398], [31.169567, 65.206908], [31.164545, 65.211093], [31.164395, 65.211929], [31.16476, 65.212659], [31.165103, 65.213517], [31.164953, 65.214075], [31.164395, 65.215363], [31.164245, 65.216264], [31.164717, 65.216865], [31.165554, 65.217616], [31.165661, 65.217744], [31.16564, 65.217787], [31.165683, 65.21783], [31.167871, 65.21989], [31.169223, 65.221242], [31.170124, 65.22195], [31.17124, 65.222358], [31.172764, 65.222615], [31.175682, 65.222851], [31.177098, 65.223109], [31.180918, 65.224439], [31.183385, 65.225383], [31.184523, 65.225963], [31.186647, 65.227808], [31.187548, 65.228731], [31.187634, 65.229439], [31.18875, 65.230383], [31.191518, 65.231477], [31.192526, 65.231928], [31.193041, 65.232507], [31.192913, 65.232765], [31.192848, 65.232851], [31.192204, 65.233258], [31.190252, 65.234245], [31.189994, 65.234331], [31.190037, 65.23431], [31.19008, 65.234353], [31.18993, 65.23431], [31.189801, 65.234331], [31.189951, 65.234267], [31.189973, 65.234353], [31.18993, 65.234331], [31.190016, 65.23431], [31.189844, 65.234288], [31.189973, 65.234353], [31.189908, 65.234331], [31.189887, 65.234267], [31.189823, 65.234396], [31.18978, 65.234353], [31.189844, 65.23431], [31.189844, 65.234438], [31.189651, 65.234481], [31.188085, 65.235254], [31.185917, 65.236627], [31.18551, 65.236842], [31.183299, 65.237679], [31.182527, 65.238022], [31.180253, 65.239159], [31.179287, 65.240039], [31.178514, 65.240919], [31.178171, 65.241241], [31.176047, 65.242228], [31.175382, 65.242635], [31.174674, 65.243193], [31.174051, 65.243773], [31.173644, 65.24433], [31.173171, 65.244867], [31.171991, 65.245875], [31.171047, 65.246541], [31.170082, 65.247163], [31.16873, 65.247764], [31.167292, 65.248257], [31.166434, 65.248665], [31.16564, 65.24918], [31.164031, 65.250424], [31.162035, 65.251905], [31.15725, 65.255725], [31.156005, 65.256969], [31.155426, 65.257742], [31.15504, 65.258364], [31.154503, 65.258943], [31.151263, 65.261175], [31.150104, 65.262097], [31.148431, 65.263235], [31.143925, 65.266003], [31.142208, 65.267183], [31.136414, 65.271603], [31.132895, 65.27435], [31.131608, 65.275294], [31.130256, 65.276045], [31.12266, 65.279929], [31.116094, 65.28495], [31.115536, 65.285336], [31.113111, 65.287181], [31.112489, 65.287611], [31.111824, 65.287975], [31.106781, 65.290271], [31.106138, 65.290593], [31.105451, 65.291323], [31.104121, 65.295807], [31.103477, 65.29776], [31.102876, 65.299734], [31.102769, 65.299927], [31.101889, 65.300721], [31.100838, 65.301236], [31.098134, 65.302245], [31.096096, 65.302888], [31.094379, 65.303618], [31.093606, 65.30409], [31.093349, 65.304348], [31.09322, 65.304519], [31.093027, 65.305313], [31.093049, 65.305485], [31.092855, 65.307781], [31.092898, 65.308425], [31.092984, 65.308768], [31.093113, 65.308982], [31.094121, 65.309991], [31.094744, 65.310763], [31.095516, 65.312695], [31.095859, 65.313768], [31.09764, 65.31763], [31.098005, 65.318145], [31.098542, 65.318638], [31.09925, 65.319411], [31.100087, 65.319926], [31.104164, 65.321321], [31.10543, 65.321793], [31.106524, 65.322522], [31.107189, 65.323423], [31.107318, 65.324368], [31.107168, 65.324689], [31.106266, 65.325634], [31.106052, 65.325805], [31.104786, 65.326728], [31.099722, 65.330097], [31.098413, 65.331041], [31.097748, 65.331663], [31.096224, 65.33323], [31.095666, 65.333723], [31.094164, 65.335225], [31.092083, 65.337392], [31.091546, 65.338508], [31.090474, 65.342113], [31.090302, 65.343036], [31.090152, 65.344645], [31.090581, 65.345761], [31.092705, 65.348293], [31.093564, 65.349366], [31.094551, 65.35016], [31.098992, 65.352499], [31.104528, 65.355331], [31.106331, 65.356061], [31.107897, 65.356468], [31.108756, 65.356576], [31.109356, 65.356511], [31.109807, 65.35634], [31.111288, 65.355374], [31.111609, 65.355224], [31.112017, 65.355116], [31.112296, 65.355074], [31.113712, 65.355009], [31.114807, 65.355009], [31.115558, 65.355052], [31.116287, 65.355159], [31.118991, 65.355867], [31.119484, 65.356039], [31.120407, 65.356447], [31.123325, 65.357949], [31.125042, 65.358893], [31.1256, 65.359322], [31.126029, 65.359944], [31.126501, 65.36121], [31.127531, 65.3637], [31.127638, 65.363893], [31.127767, 65.3643], [31.129012, 65.367412], [31.129054, 65.367691], [31.130406, 65.370781], [31.133067, 65.377668], [31.133518, 65.378698], [31.133818, 65.3796], [31.134204, 65.380308], [31.134741, 65.381102], [31.134741, 65.38196], [31.134805, 65.383548], [31.134762, 65.383805], [31.13487, 65.384492], [31.135642, 65.385222], [31.137208, 65.385887], [31.145019, 65.388333], [31.146693, 65.38917], [31.147057, 65.389599], [31.147186, 65.389814], [31.147358, 65.3902], [31.147401, 65.390328], [31.147358, 65.390328], [31.14768, 65.39108], [31.148109, 65.392324], [31.148238, 65.392517], [31.149203, 65.394942], [31.149268, 65.395006], [31.149139, 65.394985], [31.149225, 65.394985], [31.149096, 65.394835], [31.149139, 65.394835], [31.149589, 65.395607], [31.149589, 65.395714], [31.149439, 65.396036], [31.149075, 65.396315], [31.148259, 65.39683], [31.148109, 65.39698], [31.148409, 65.397452], [31.14871, 65.39756], [31.150298, 65.397925], [31.150813, 65.398118], [31.151349, 65.399062], [31.15195, 65.400714], [31.152336, 65.401894], [31.153688, 65.405563], [31.153945, 65.405928], [31.154589, 65.406314], [31.155641, 65.406636], [31.157164, 65.407173], [31.158065, 65.407902], [31.160855, 65.4111], [31.161584, 65.411829], [31.161842, 65.411979], [31.162142, 65.412087], [31.165919, 65.412945], [31.167249, 65.413395], [31.168451, 65.413868], [31.169202, 65.414383], [31.169588, 65.415005], [31.170768, 65.417923], [31.171455, 65.418738], [31.175274, 65.422858], [31.176047, 65.423631], [31.182248, 65.429017], [31.183621, 65.430261], [31.185874, 65.432192], [31.189222, 65.435154], [31.190681, 65.436334], [31.191861, 65.436913], [31.198749, 65.439724], [31.202182, 65.441076], [31.213319, 65.445689], [31.2154, 65.446762], [31.221644, 65.450131], [31.222932, 65.451075], [31.223854, 65.452706], [31.224563, 65.453693], [31.224842, 65.453972], [31.225142, 65.454465], [31.225314, 65.454873], [31.225442, 65.454938], [31.225507, 65.455023], [31.226708, 65.456955], [31.227502, 65.457727], [31.228575, 65.4585], [31.230785, 65.460173], [31.232717, 65.461482], [31.242029, 65.467254], [31.242566, 65.467683], [31.243617, 65.46867], [31.243789, 65.468906], [31.244389, 65.469293], [31.245098, 65.469443], [31.247844, 65.469808], [31.248295, 65.469894], [31.249024, 65.470108], [31.251277, 65.470966], [31.251599, 65.471052], [31.252415, 65.471224], [31.253724, 65.471396], [31.25514, 65.471696], [31.256642, 65.472104], [31.257543, 65.472254], [31.258766, 65.472361], [31.26265, 65.472125], [31.263251, 65.472125], [31.263937, 65.47219], [31.265118, 65.472468], [31.266813, 65.473091], [31.267542, 65.473241], [31.26898, 65.473434], [31.269452, 65.473563], [31.27016, 65.473863], [31.270868, 65.474292], [31.271727, 65.474593], [31.272799, 65.474829], [31.27413, 65.474915], [31.276125, 65.474872], [31.276061, 65.474915], [31.276168, 65.474915], [31.276233, 65.474893], [31.276147, 65.474872], [31.276168, 65.474893], [31.276147, 65.474893], [31.276233, 65.47485], [31.276147, 65.474893], [31.276168, 65.474915], [31.27619, 65.474872], [31.276168, 65.474872], [31.276619, 65.474979], [31.277842, 65.475494], [31.278722, 65.475988], [31.279859, 65.476696], [31.280031, 65.476824], [31.280181, 65.477275], [31.28046, 65.477575], [31.281769, 65.478198], [31.282734, 65.478562], [31.283872, 65.479206], [31.284279, 65.479378], [31.28458, 65.479442], [31.285803, 65.479592], [31.288034, 65.480022], [31.292862, 65.480129], [31.294043, 65.480215], [31.294944, 65.480322], [31.295545, 65.480451], [31.297433, 65.481094], [31.303484, 65.483605], [31.304514, 65.483841], [31.305866, 65.483991], [31.306574, 65.48412], [31.30681, 65.484206], [31.308097, 65.484914], [31.309514, 65.48588], [31.309792, 65.486008], [31.31093, 65.486287], [31.312217, 65.486437], [31.313247, 65.486673], [31.314363, 65.487017], [31.314663, 65.487167], [31.314964, 65.487403], [31.315457, 65.488454], [31.315929, 65.489999], [31.316788, 65.492596], [31.317689, 65.495106], [31.317732, 65.4956], [31.317689, 65.497874], [31.317496, 65.500149], [31.317431, 65.501415], [31.316037, 65.502531], [31.313955, 65.503968], [31.311466, 65.505792], [31.310543, 65.506565], [31.309814, 65.50811], [31.309771, 65.508925], [31.309921, 65.511672], [31.31005, 65.512423], [31.310522, 65.513281], [31.311058, 65.513968], [31.311509, 65.514204], [31.311638, 65.514332], [31.311767, 65.514568], [31.311895, 65.515169], [31.311917, 65.51562], [31.311616, 65.516693], [31.311616, 65.516864], [31.311852, 65.518989], [31.311895, 65.520169], [31.312046, 65.521113], [31.312131, 65.523023], [31.312046, 65.523903], [31.312067, 65.525812], [31.312003, 65.52652], [31.312024, 65.526971], [31.312282, 65.527658], [31.313955, 65.531005], [31.313977, 65.531134], [31.314835, 65.5327], [31.31535, 65.533752], [31.315414, 65.533945], [31.315414, 65.535018], [31.315329, 65.535211], [31.314835, 65.535876], [31.314148, 65.536434], [31.313526, 65.53682], [31.312217, 65.537335], [31.304063, 65.53961], [31.302025, 65.540253], [31.301746, 65.540446], [31.301574, 65.540704], [31.301445, 65.540704], [31.300952, 65.541433], [31.30063, 65.541755], [31.295738, 65.544266], [31.293635, 65.545446], [31.293034, 65.546261], [31.292626, 65.546948], [31.290545, 65.55066], [31.2887, 65.554351], [31.286811, 65.558321], [31.286404, 65.559308], [31.286146, 65.559672], [31.285696, 65.560187], [31.284236, 65.561689], [31.283743, 65.56214], [31.283121, 65.563213], [31.283121, 65.563642], [31.2837, 65.564694], [31.285202, 65.567054], [31.285438, 65.567633], [31.285395, 65.56862], [31.28503, 65.570273], [31.284987, 65.570809], [31.284708, 65.572096], [31.28473, 65.572247], [31.284666, 65.572611], [31.284837, 65.573277], [31.285116, 65.573792], [31.285459, 65.574199], [31.288657, 65.576946], [31.289622, 65.577847], [31.289858, 65.57819], [31.28988, 65.578791], [31.289644, 65.580207], [31.289343, 65.582911], [31.289172, 65.583769], [31.289129, 65.584499], [31.288979, 65.585314], [31.288614, 65.585937], [31.287004, 65.587696], [31.286082, 65.588597], [31.285374, 65.589391], [31.2837, 65.591086], [31.282327, 65.59261], [31.282155, 65.592717], [31.279709, 65.595228], [31.278872, 65.596129], [31.278486, 65.596751], [31.278464, 65.597245], [31.278614, 65.597867], [31.278851, 65.598575], [31.279215, 65.600206], [31.279923, 65.60291], [31.280782, 65.605892], [31.28091, 65.606665], [31.280267, 65.607115], [31.280009, 65.607158], [31.271297, 65.608145], [31.270546, 65.608274], [31.269817, 65.608489], [31.263337, 65.611557], [31.262886, 65.612201], [31.262693, 65.613209], [31.261341, 65.614347], [31.260139, 65.615205], [31.259088, 65.616128], [31.257414, 65.618209], [31.256728, 65.619346], [31.256792, 65.620119], [31.256878, 65.620269], [31.258165, 65.621771], [31.258165, 65.621814], [31.258101, 65.621814], [31.258959, 65.622801], [31.25926, 65.623294], [31.260032, 65.625633], [31.260204, 65.625912], [31.260526, 65.626277], [31.266834, 65.630461], [31.26868, 65.63162], [31.274344, 65.634925], [31.274774, 65.635654], [31.274902, 65.636062], [31.275095, 65.63692], [31.27428, 65.637564], [31.273293, 65.638036], [31.272692, 65.638272], [31.271769, 65.638873], [31.266899, 65.642606], [31.266169, 65.643314], [31.266019, 65.64398], [31.265826, 65.646404], [31.266169, 65.647005], [31.267628, 65.649215], [31.269152, 65.651297], [31.269474, 65.651812], [31.269838, 65.652477], [31.26986, 65.653271], [31.269624, 65.65355], [31.268486, 65.654494], [31.26825, 65.65458], [31.266641, 65.654923], [31.264517, 65.655481], [31.261792, 65.656361], [31.258552, 65.657155], [31.253294, 65.658549], [31.251835, 65.659193], [31.251063, 65.659644], [31.25072, 65.659923], [31.250548, 65.660137], [31.250312, 65.660738], [31.250033, 65.661854], [31.249561, 65.662519], [31.248016, 65.664021], [31.247243, 65.664622], [31.24617, 65.665158], [31.245806, 65.665695], [31.245763, 65.667497], [31.24557, 65.668034], [31.245312, 65.668313], [31.244561, 65.668913], [31.243896, 65.669514], [31.243424, 65.670244], [31.243188, 65.67078], [31.242737, 65.67151], [31.242372, 65.672304], [31.242458, 65.67284], [31.24278, 65.674299], [31.242544, 65.674922], [31.241149, 65.676552], [31.239154, 65.678655], [31.238124, 65.679793], [31.237995, 65.680372], [31.238231, 65.680994], [31.238875, 65.68181], [31.239111, 65.682389], [31.239089, 65.683183], [31.239111, 65.683633], [31.238982, 65.68402], [31.237223, 65.685028], [31.236965, 65.685672], [31.236751, 65.686509], [31.236386, 65.687625], [31.236128, 65.688655], [31.236343, 65.689556], [31.236493, 65.689727], [31.237695, 65.692216], [31.238532, 65.693804], [31.238703, 65.694749], [31.23733, 65.695972], [31.232931, 65.698825], [31.231665, 65.699705], [31.231172, 65.700735], [31.231172, 65.700864], [31.231837, 65.701594], [31.232373, 65.701937], [31.233489, 65.702538], [31.234261, 65.702817], [31.236064, 65.703374], [31.23733, 65.703847], [31.238532, 65.704168], [31.240141, 65.704769], [31.241471, 65.70552], [31.2419, 65.706336], [31.241857, 65.706743], [31.241879, 65.707108], [31.242008, 65.707409], [31.242887, 65.707838], [31.246471, 65.708717], [31.249389, 65.709597], [31.251063, 65.710112], [31.255633, 65.711614], [31.2575, 65.712172], [31.259582, 65.712902], [31.262071, 65.713674], [31.263444, 65.713932], [31.267628, 65.714318], [31.26928, 65.714425], [31.271126, 65.714404], [31.274688, 65.714254], [31.277842, 65.714296], [31.279344, 65.714275], [31.280653, 65.714425], [31.281082, 65.714532], [31.283872, 65.715605], [31.28591, 65.716249], [31.286962, 65.7167], [31.28827, 65.717322], [31.291124, 65.718567], [31.292605, 65.718888], [31.29518, 65.719339], [31.296489, 65.719468], [31.297905, 65.719532], [31.299536, 65.719725], [31.302347, 65.720154], [31.304299, 65.720777], [31.306016, 65.721635], [31.307904, 65.722493], [31.309406, 65.72333], [31.309642, 65.723545], [31.309835, 65.72406], [31.309814, 65.724103], [31.3099, 65.724639], [31.309943, 65.725648], [31.309192, 65.726785], [31.308805, 65.727707], [31.308655, 65.728416], [31.308505, 65.729896], [31.308419, 65.730368], [31.307883, 65.731291], [31.307325, 65.732063], [31.306853, 65.732514], [31.306381, 65.732793], [31.305544, 65.733523], [31.305394, 65.734209], [31.306316, 65.735239], [31.306617, 65.735733], [31.306831, 65.735883], [31.308097, 65.737728], [31.308934, 65.739187], [31.309256, 65.740003], [31.308763, 65.740668], [31.308526, 65.740925], [31.30814, 65.741226], [31.307818, 65.741569], [31.307518, 65.74232], [31.307389, 65.743157], [31.30769, 65.743994], [31.307711, 65.744487], [31.307668, 65.744723], [31.307303, 65.745603], [31.306552, 65.746998], [31.306273, 65.747599], [31.305565, 65.7488], [31.305201, 65.749079], [31.304793, 65.749208], [31.303098, 65.749401], [31.30078, 65.749787], [31.300158, 65.749938], [31.299235, 65.750302], [31.298248, 65.75056], [31.296489, 65.751118], [31.294751, 65.751611], [31.292498, 65.752126], [31.29091, 65.752384], [31.28767, 65.75277], [31.283915, 65.752555], [31.280825, 65.752212], [31.270182, 65.752341], [31.247179, 65.756225], [31.243917, 65.755452], [31.237394, 65.755881], [31.22967, 65.75777], [31.2204, 65.758134], [31.216795, 65.757212], [31.199457, 65.755881], [31.191389, 65.75616], [31.184694, 65.759186], [31.162378, 65.763842], [31.131479, 65.762641], [31.125471, 65.760388], [31.107618, 65.76116], [31.096975, 65.763349], [31.091139, 65.76573], [31.084787, 65.76616], [31.074831, 65.768069], [31.071398, 65.771932], [31.062643, 65.772854], [31.056163, 65.772146], [31.053373, 65.771288], [31.051742, 65.77088], [31.050219, 65.77058], [31.048932, 65.770494], [31.046636, 65.77058], [31.045885, 65.770687], [31.045756, 65.770837], [31.045455, 65.770988], [31.044919, 65.771159], [31.04449, 65.771417], [31.044189, 65.771953], [31.044018, 65.772876], [31.043846, 65.773026], [31.043653, 65.773305], [31.042902, 65.774099], [31.042537, 65.774743], [31.042129, 65.775279], [31.041443, 65.775794], [31.040971, 65.776009], [31.039512, 65.776803], [31.039361, 65.776846], [31.039147, 65.777039], [31.038095, 65.777489], [31.037151, 65.777597], [31.035499, 65.777639], [31.033461, 65.777618], [31.031572, 65.777768], [31.027603, 65.778391], [31.0258, 65.778584], [31.025371, 65.778712], [31.024963, 65.778755], [31.024212, 65.778927], [31.023182, 65.779013], [31.022324, 65.779184], [31.021616, 65.779442], [31.02123, 65.779721], [31.021037, 65.779935], [31.020929, 65.780236], [31.020929, 65.780386], [31.021037, 65.780665], [31.021015, 65.780815], [31.021079, 65.780858], [31.02123, 65.781309], [31.021487, 65.781802], [31.021895, 65.78309], [31.022067, 65.783412], [31.022431, 65.784377], [31.022667, 65.784828], [31.022732, 65.785085], [31.022732, 65.785257], [31.022796, 65.785343], [31.022818, 65.785579], [31.023054, 65.786094], [31.02329, 65.786802], [31.02344, 65.787059], [31.023504, 65.787446], [31.023654, 65.787768], [31.023805, 65.788325], [31.023933, 65.788497], [31.024084, 65.78884], [31.024212, 65.789184], [31.024191, 65.789291], [31.02432, 65.789527], [31.024534, 65.790128], [31.024749, 65.790557], [31.024813, 65.790836], [31.02492, 65.791008], [31.024877, 65.791308], [31.024556, 65.791737], [31.024277, 65.791909], [31.02374, 65.792123], [31.022388, 65.792574], [31.018376, 65.793776], [31.017882, 65.793969], [31.016809, 65.794269], [31.016144, 65.794505], [31.015608, 65.794634], [31.013011, 65.795471], [31.011509, 65.7959], [31.009986, 65.796415], [31.008055, 65.796951], [31.005094, 65.797938], [31.004085, 65.798217], [31.002948, 65.798604], [31.001532, 65.799011], [31.001017, 65.799097], [30.999729, 65.799569], [30.999321, 65.799677], [30.999193, 65.799762], [30.998656, 65.799977], [30.997927, 65.800406], [30.997326, 65.80105], [30.997176, 65.801393], [30.997111, 65.801801], [30.996575, 65.803968], [30.996575, 65.804226], [30.996382, 65.805191], [30.996253, 65.805534], [30.996231, 65.805792], [30.996274, 65.806092], [30.996618, 65.806672], [30.997111, 65.807144], [30.997497, 65.807401], [30.997991, 65.807852], [30.998527, 65.80841], [30.999193, 65.808989], [30.999321, 65.809054], [30.999557, 65.809311], [30.999836, 65.809547], [31.000673, 65.809998], [31.003763, 65.810985], [31.004943, 65.811435], [31.00533, 65.81165], [31.00593, 65.812165], [31.006724, 65.813109], [31.007046, 65.81356], [31.007389, 65.814139], [31.00754, 65.814504], [31.007626, 65.814633], [31.00769, 65.814911], [31.007862, 65.815298], [31.008033, 65.816092], [31.008248, 65.816671], [31.008269, 65.81695], [31.008398, 65.817465], [31.008527, 65.818259], [31.008634, 65.818538], [31.00872, 65.818667], [31.00872, 65.818795], [31.008934, 65.819525], [31.009042, 65.819675], [31.009149, 65.819761], [31.009256, 65.820018], [31.009514, 65.820319], [31.009471, 65.820448], [31.009578, 65.820641], [31.009578, 65.820791], [31.009707, 65.82107], [31.009771, 65.82137], [31.0099, 65.821692], [31.009921, 65.821885], [31.0102, 65.82298], [31.010329, 65.823709], [31.010501, 65.824031], [31.010544, 65.824267], [31.010608, 65.824396], [31.01063, 65.824889], [31.010844, 65.825683], [31.010844, 65.826069], [31.010909, 65.826284], [31.010909, 65.826391], [31.010823, 65.826499], [31.01093, 65.826992], [31.010994, 65.827057], [31.01108, 65.8274], [31.011059, 65.82785], [31.01123, 65.828129], [31.011252, 65.82843], [31.011445, 65.829181], [31.011488, 65.829589], [31.011574, 65.829782], [31.011617, 65.830232], [31.01181, 65.831091], [31.011917, 65.831284], [31.011981, 65.831584], [31.012067, 65.831734], [31.012067, 65.832013], [31.012153, 65.832571], [31.012325, 65.833279], [31.012368, 65.833794], [31.012325, 65.833966], [31.012389, 65.834095], [31.012475, 65.834674], [31.012604, 65.835039], [31.012711, 65.835554], [31.01269, 65.835661], [31.012818, 65.836026], [31.013033, 65.837399], [31.01314, 65.837635], [31.01314, 65.837742], [31.013205, 65.837893], [31.013205, 65.838043], [31.013398, 65.838751], [31.013634, 65.840038], [31.013805, 65.840403], [31.013784, 65.840725], [31.013891, 65.841154], [31.013913, 65.841626], [31.013977, 65.841841], [31.013998, 65.842163], [31.013934, 65.842485], [31.013698, 65.842914], [31.013226, 65.843515], [31.012496, 65.844137], [31.011853, 65.844802], [31.011681, 65.844909], [31.011295, 65.84536], [31.010844, 65.845746], [31.009814, 65.846776], [31.009449, 65.847077], [31.008806, 65.847742], [31.008183, 65.848235], [31.00799, 65.848514], [31.00681, 65.84963], [31.006424, 65.850102], [31.00475, 65.851604], [31.00387, 65.852527], [31.00372, 65.852634], [31.002604, 65.853685], [31.002476, 65.853879], [31.002347, 65.853964], [31.001982, 65.854394], [31.00151, 65.854866], [31.001403, 65.855059], [31.001124, 65.855273], [31.000845, 65.855595], [31.000652, 65.855724], [31.000416, 65.855981], [30.999429, 65.856797], [30.999429, 65.856861], [30.999214, 65.857119], [30.998656, 65.85772], [30.998549, 65.857784], [30.998356, 65.857998], [30.998313, 65.858106], [30.99797, 65.858385], [30.997905, 65.858492], [30.99754, 65.858814], [30.997197, 65.85905], [30.996875, 65.859329], [30.996854, 65.859415], [30.996146, 65.859951], [30.995695, 65.860359], [30.995609, 65.860445], [30.995588, 65.860573], [30.995438, 65.860659], [30.994987, 65.861174], [30.99488, 65.861239], [30.994558, 65.861668], [30.993142, 65.862891], [30.992777, 65.86332], [30.99209, 65.863749], [30.991854, 65.863835], [30.990524, 65.864286], [30.990095, 65.864393], [30.989258, 65.864736], [30.98782, 65.865208], [30.987369, 65.865423], [30.987198, 65.865444], [30.986189, 65.865745], [30.984387, 65.866367], [30.983335, 65.866818], [30.983185, 65.866925], [30.982735, 65.867139], [30.98252, 65.867311], [30.982241, 65.86774], [30.98222, 65.867998], [30.982305, 65.868556], [30.982756, 65.869714], [30.98282, 65.869779], [30.982992, 65.870337], [30.983121, 65.870508], [30.983207, 65.870787], [30.983614, 65.871603], [30.983765, 65.872032], [30.983893, 65.872182], [30.984065, 65.872697], [30.984237, 65.872954], [30.984451, 65.873663], [30.984516, 65.873748], [30.984494, 65.874242], [30.984451, 65.874457], [30.98428, 65.874607], [30.983443, 65.875014], [30.982477, 65.875422], [30.980288, 65.87613], [30.979022, 65.876645], [30.978207, 65.87686], [30.973336, 65.878555], [30.973122, 65.878662], [30.971898, 65.879113], [30.970354, 65.879585], [30.969731, 65.879842], [30.969388, 65.879928], [30.96883, 65.880186], [30.968444, 65.880443], [30.968337, 65.880593], [30.968251, 65.880958], [30.968079, 65.881323], [30.967993, 65.881666], [30.9678, 65.881967], [30.967736, 65.882224], [30.967328, 65.883147], [30.967092, 65.883469], [30.966985, 65.883726], [30.966899, 65.884177], [30.966706, 65.884649], [30.966684, 65.884842], [30.966534, 65.885357], [30.966362, 65.885765], [30.966384, 65.885936], [30.966277, 65.886258], [30.966255, 65.886451], [30.966169, 65.886602], [30.966126, 65.886966], [30.965762, 65.88746], [30.965611, 65.887825], [30.96559, 65.888147], [30.965504, 65.88834], [30.965375, 65.888833], [30.965311, 65.888876], [30.965225, 65.889112], [30.965204, 65.889498], [30.965118, 65.889713], [30.965075, 65.890013], [30.964968, 65.890121], [30.964839, 65.890764], [30.964732, 65.891], [30.964624, 65.891537], [30.964603, 65.891816], [30.964195, 65.892824], [30.964109, 65.893318], [30.963981, 65.893597], [30.963895, 65.89409], [30.963809, 65.894198], [30.963551, 65.895163], [30.963487, 65.895249], [30.963401, 65.895764], [30.963208, 65.8963], [30.963208, 65.896408], [30.962994, 65.89688], [30.962929, 65.897373], [30.962672, 65.898296], [30.962457, 65.898832], [30.962371, 65.899176], [30.962371, 65.899412], [30.962221, 65.899948], [30.962114, 65.90012], [30.962114, 65.900313], [30.962071, 65.900377], [30.962007, 65.900764], [30.961878, 65.901064], [30.961899, 65.901193], [30.96177, 65.901536], [30.96177, 65.901686], [30.961856, 65.902051], [30.9622, 65.903145], [30.9625, 65.903575], [30.962629, 65.90366], [30.962672, 65.903768], [30.963165, 65.904283], [30.963251, 65.904497], [30.963423, 65.904647], [30.963637, 65.904926], [30.963637, 65.904969], [30.964238, 65.905677], [30.964367, 65.905785], [30.964496, 65.905999], [30.964603, 65.906085], [30.964989, 65.906622], [30.965225, 65.906858], [30.965461, 65.907179], [30.96559, 65.907287], [30.966169, 65.908016], [30.966684, 65.908767], [30.967071, 65.909154], [30.967221, 65.909411], [30.967221, 65.909776], [30.967092, 65.910184], [30.966792, 65.910462], [30.966813, 65.91057], [30.966577, 65.910741], [30.966491, 65.91087], [30.965912, 65.911214], [30.965375, 65.911364], [30.965182, 65.911492], [30.963144, 65.912072], [30.962328, 65.912243], [30.961213, 65.912565], [30.960097, 65.912823], [30.959668, 65.912973], [30.958702, 65.913231], [30.958101, 65.913445], [30.957264, 65.913595], [30.956106, 65.913939], [30.955676, 65.914003], [30.95499, 65.914239], [30.953574, 65.914561], [30.952994, 65.914733], [30.952243, 65.915012], [30.951793, 65.915269], [30.9516, 65.915441], [30.951342, 65.915763], [30.951299, 65.91587], [30.951321, 65.915913], [30.951235, 65.91602], [30.95117, 65.916664], [30.950999, 65.917114], [30.950741, 65.91735], [30.950226, 65.917651], [30.949604, 65.917887], [30.949218, 65.917973], [30.947759, 65.918144], [30.940635, 65.918681], [30.938982, 65.918852], [30.933725, 65.91926], [30.931236, 65.919518], [30.923876, 65.920183], [30.92349, 65.920183], [30.921044, 65.920354], [30.917975, 65.920655], [30.916259, 65.920912], [30.912203, 65.921771], [30.911195, 65.921942], [30.909521, 65.922329], [30.906152, 65.923037], [30.904371, 65.923337], [30.902869, 65.923509], [30.901496, 65.923616], [30.900595, 65.923616], [30.897698, 65.923552], [30.8942, 65.923337], [30.89184, 65.923401], [30.890531, 65.923552], [30.890037, 65.923638], [30.889093, 65.923874], [30.888085, 65.924002], [30.886497, 65.924303], [30.882699, 65.92471], [30.881326, 65.924904], [30.88021, 65.924989], [30.878772, 65.925182], [30.876734, 65.925376], [30.874159, 65.925697], [30.871927, 65.925826], [30.866949, 65.925848], [30.866305, 65.925891], [30.863902, 65.926191], [30.861778, 65.926556], [30.859353, 65.927071], [30.857701, 65.92735], [30.856864, 65.927436], [30.855555, 65.9275], [30.854439, 65.927457], [30.85431, 65.9275], [30.852272, 65.92765], [30.847315, 65.927843], [30.83841, 65.928358], [30.838196, 65.928401], [30.834505, 65.928551], [30.833647, 65.928702], [30.832424, 65.929002], [30.830385, 65.929689], [30.828347, 65.930289], [30.827982, 65.930483], [30.827767, 65.930525], [30.827016, 65.930804], [30.826823, 65.930933], [30.826523, 65.931019], [30.82427, 65.931985], [30.823926, 65.932221], [30.822102, 65.933079], [30.820729, 65.933851], [30.820257, 65.93398], [30.818583, 65.934559], [30.817682, 65.934795], [30.816781, 65.934903], [30.815601, 65.934924], [30.813841, 65.934881], [30.812683, 65.934903], [30.81161, 65.934881], [30.805773, 65.934989], [30.80425, 65.935246], [30.803627, 65.935332], [30.803477, 65.93531], [30.802597, 65.935482], [30.801975, 65.93574], [30.801739, 65.936298], [30.801696, 65.936555], [30.801632, 65.936598], [30.801546, 65.936941], [30.801246, 65.937285], [30.800902, 65.937499], [30.800731, 65.937692], [30.800559, 65.937821], [30.800452, 65.937993], [30.800301, 65.938079], [30.800151, 65.938229], [30.799357, 65.938658], [30.799229, 65.938744], [30.799186, 65.938851], [30.798885, 65.938958], [30.798542, 65.939237], [30.79837, 65.939688], [30.798349, 65.939945], [30.79822, 65.940417], [30.79807, 65.940589], [30.797748, 65.940782], [30.797061, 65.941104], [30.796654, 65.941254], [30.796096, 65.941576], [30.79528, 65.941919], [30.793392, 65.942928], [30.791826, 65.943636], [30.791311, 65.943958], [30.789658, 65.944795], [30.788972, 65.945074], [30.787835, 65.94561], [30.787427, 65.945846], [30.787148, 65.946168], [30.787191, 65.946533], [30.787126, 65.946855], [30.787126, 65.947348], [30.787191, 65.947498], [30.788307, 65.948593], [30.788392, 65.948743], [30.788693, 65.949108], [30.788843, 65.949194], [30.789337, 65.949709], [30.789873, 65.950438], [30.789937, 65.950631], [30.790088, 65.950846], [30.790345, 65.951082], [30.790474, 65.951318], [30.790839, 65.951769], [30.79086, 65.951854], [30.791096, 65.952112], [30.791332, 65.952541], [30.791397, 65.952777], [30.791418, 65.953185], [30.791332, 65.953206], [30.791182, 65.953464], [30.790989, 65.953592], [30.790839, 65.953764], [30.79056, 65.953957], [30.790474, 65.954064], [30.790023, 65.954322], [30.789809, 65.954515], [30.789229, 65.954773], [30.788779, 65.95503], [30.788371, 65.955116], [30.787577, 65.955395], [30.785539, 65.955717], [30.784637, 65.955974], [30.783693, 65.956318], [30.781075, 65.957648], [30.780518, 65.95782], [30.779788, 65.95797], [30.777985, 65.95812], [30.777385, 65.95812], [30.77614, 65.95797], [30.775561, 65.957948], [30.77363, 65.957991], [30.771419, 65.958163], [30.768973, 65.958463], [30.768244, 65.958506], [30.767922, 65.958571], [30.767815, 65.958549], [30.766227, 65.958742], [30.764424, 65.958828], [30.760519, 65.959236], [30.759189, 65.959407], [30.758008, 65.95945], [30.757515, 65.959536], [30.752987, 65.959922], [30.750477, 65.960201], [30.749661, 65.960244], [30.748631, 65.960416], [30.747752, 65.960738], [30.747344, 65.960995], [30.747001, 65.961296], [30.747001, 65.961339], [30.746571, 65.961961], [30.74655, 65.962133], [30.746271, 65.962304], [30.746056, 65.962519], [30.746056, 65.962562], [30.745971, 65.962605], [30.745863, 65.962841], [30.745134, 65.963828], [30.744662, 65.964557], [30.744554, 65.964622], [30.744426, 65.964901], [30.744233, 65.965029], [30.743932, 65.965459], [30.743932, 65.965501], [30.743739, 65.965652], [30.743567, 65.965888], [30.743417, 65.966188], [30.742709, 65.966725], [30.742323, 65.966939], [30.741679, 65.967111], [30.739748, 65.96739], [30.736508, 65.968012], [30.734941, 65.968355], [30.73404, 65.968742], [30.733225, 65.969192], [30.733096, 65.969299], [30.732667, 65.969471], [30.731229, 65.970201], [30.730628, 65.970437], [30.729834, 65.970844], [30.727775, 65.971789], [30.726616, 65.972175], [30.724556, 65.973012], [30.723891, 65.973248], [30.722968, 65.973484], [30.721766, 65.973934], [30.720136, 65.974428], [30.719492, 65.974685], [30.718784, 65.9749], [30.718204, 65.975136], [30.716144, 65.976123], [30.715544, 65.97638], [30.714878, 65.976617], [30.713398, 65.976917], [30.711595, 65.977174], [30.71078, 65.97726], [30.710329, 65.977346], [30.705394, 65.978011], [30.700073, 65.978805], [30.698335, 65.978977], [30.697197, 65.979234], [30.69576, 65.979385], [30.691232, 65.980007], [30.690073, 65.980136], [30.687928, 65.9805], [30.685954, 65.980693], [30.685503, 65.980801], [30.684494, 65.980908], [30.682434, 65.98123], [30.681919, 65.981273], [30.680718, 65.981487], [30.679945, 65.981552], [30.678615, 65.981809], [30.67825, 65.981917], [30.677349, 65.98226], [30.676813, 65.98256], [30.675074, 65.983676], [30.674109, 65.984384], [30.673894, 65.984449], [30.673572, 65.984663], [30.672714, 65.985328], [30.672542, 65.985393], [30.672199, 65.985672], [30.670633, 65.986702], [30.670397, 65.986938], [30.67001, 65.987238], [30.669774, 65.987538], [30.669646, 65.987753], [30.669624, 65.987925], [30.669238, 65.988526], [30.669152, 65.988568], [30.669088, 65.98874], [30.668895, 65.989019], [30.668852, 65.989169], [30.668573, 65.989534], [30.668508, 65.98977], [30.66823, 65.990135], [30.667993, 65.990371], [30.667371, 65.9908], [30.666835, 65.991251], [30.665547, 65.992023], [30.665268, 65.992259], [30.664217, 65.99301], [30.664088, 65.993032], [30.663702, 65.993311], [30.662972, 65.993718], [30.6622, 65.994255], [30.661492, 65.994684], [30.661106, 65.994984], [30.660741, 65.995156], [30.660483, 65.995371], [30.658638, 65.996551], [30.658402, 65.996744], [30.658187, 65.99683], [30.657694, 65.997194], [30.657436, 65.99728], [30.655612, 65.998439], [30.654818, 65.998847], [30.653724, 65.999619], [30.653037, 66.000027], [30.651793, 66.000842], [30.651042, 66.001143], [30.649368, 66.001615], [30.646729, 66.001979], [30.637223, 66.002967], [30.635099, 66.00331], [30.634734, 66.003439], [30.634305, 66.003503], [30.633554, 66.003718], [30.632481, 66.004168], [30.629498, 66.005756], [30.627889, 66.006679], [30.627245, 66.007001], [30.626966, 66.007108], [30.627009, 66.007043], [30.626966, 66.007086], [30.627074, 66.007065], [30.626966, 66.007086], [30.627052, 66.007043], [30.626988, 66.007086], [30.627009, 66.007043], [30.626923, 66.007065], [30.627052, 66.007043], [30.627009, 66.007086], [30.627009, 66.007215], [30.627009, 66.007108], [30.625486, 66.00788], [30.625057, 66.008009], [30.623812, 66.008267], [30.620529, 66.008889], [30.61922, 66.009061], [30.61701, 66.009726], [30.615658, 66.010284], [30.615208, 66.010563], [30.614993, 66.010734], [30.61465, 66.011185], [30.614585, 66.011378], [30.614585, 66.011914], [30.614757, 66.01258], [30.614886, 66.012708], [30.615036, 66.013288], [30.615637, 66.014446], [30.616345, 66.015047], [30.616667, 66.015262], [30.61686, 66.015476], [30.617718, 66.015991], [30.61804, 66.016249], [30.618705, 66.016614], [30.620593, 66.017772], [30.620958, 66.01803], [30.621173, 66.018309], [30.621323, 66.018695], [30.621344, 66.018845], [30.62128, 66.01921], [30.621173, 66.019403], [30.620787, 66.019725], [30.619842, 66.020176], [30.61922, 66.020519], [30.618169, 66.020991], [30.617396, 66.021442], [30.617117, 66.021549], [30.616002, 66.022278], [30.615637, 66.022708], [30.615379, 66.023094], [30.615186, 66.023265], [30.614542, 66.024081], [30.613169, 66.025261], [30.612654, 66.02554], [30.611753, 66.026098], [30.609779, 66.027106], [30.60744, 66.028201], [30.605637, 66.029231], [30.604393, 66.03011], [30.603771, 66.030625], [30.60347, 66.030926], [30.602955, 66.031312], [30.602741, 66.03157], [30.601925, 66.032192], [30.601603, 66.032578], [30.601239, 66.032879], [30.600702, 66.033222], [30.600187, 66.033501], [30.600016, 66.033694], [30.59978, 66.033801], [30.59935, 66.034123], [30.598342, 66.034681], [30.598041, 66.034788], [30.597484, 66.035089], [30.596561, 66.035453], [30.596153, 66.035582], [30.595788, 66.035647], [30.59463, 66.036033], [30.594265, 66.036226], [30.593256, 66.036955], [30.592956, 66.037277], [30.592012, 66.037921], [30.591969, 66.03805], [30.591454, 66.038458], [30.591368, 66.038565], [30.591218, 66.038629], [30.590982, 66.038865], [30.590317, 66.03923], [30.589694, 66.039445], [30.587849, 66.039745], [30.5833, 66.040324], [30.579287, 66.040904], [30.578687, 66.041054], [30.578322, 66.041183], [30.577485, 66.04159], [30.577292, 66.041783], [30.577249, 66.041891], [30.57712, 66.042019], [30.57697, 66.042341], [30.576927, 66.042706], [30.57697, 66.043092], [30.576863, 66.0435], [30.57682, 66.043972], [30.57682, 66.044745], [30.576734, 66.045238], [30.576713, 66.045903], [30.576691, 66.046075], [30.576605, 66.046225], [30.576627, 66.04629], [30.576584, 66.046461], [30.576605, 66.047019], [30.576584, 66.047448], [30.576519, 66.04792], [30.576348, 66.048457], [30.576176, 66.048714], [30.575919, 66.04895], [30.575253, 66.049401], [30.574696, 66.049658], [30.57152, 66.050924], [30.570254, 66.051504], [30.569782, 66.051654], [30.569267, 66.051869], [30.56888, 66.051976], [30.56652, 66.052963], [30.563323, 66.054207], [30.562679, 66.054486], [30.562078, 66.054808], [30.561842, 66.055066], [30.561778, 66.055323], [30.561842, 66.055559], [30.562014, 66.055709], [30.562443, 66.055924], [30.564203, 66.056503], [30.564653, 66.056718], [30.566499, 66.057362], [30.567421, 66.057619], [30.569696, 66.058177], [30.570211, 66.05837], [30.570447, 66.05852], [30.570619, 66.058756], [30.570597, 66.058928], [30.570361, 66.059229], [30.569953, 66.059658], [30.569803, 66.059894], [30.569546, 66.06013], [30.569288, 66.060473], [30.568065, 66.061653], [30.5674, 66.062039], [30.566112, 66.062533], [30.563731, 66.063284], [30.563044, 66.063584], [30.562572, 66.063713], [30.561821, 66.064014], [30.561606, 66.064035], [30.555577, 66.065923], [30.555083, 66.066116], [30.553839, 66.066481], [30.553431, 66.066653], [30.552251, 66.066996], [30.551071, 66.067447], [30.550169, 66.067704], [30.549783, 66.067897], [30.549375, 66.068262], [30.549118, 66.068584], [30.548775, 66.069121], [30.548174, 66.069893], [30.548109, 66.070086], [30.547981, 66.070215], [30.547187, 66.071395], [30.546908, 66.071738], [30.5465, 66.072404], [30.5462, 66.07279], [30.546028, 66.07309], [30.545577, 66.073712], [30.545298, 66.074313], [30.545148, 66.074764], [30.545084, 66.075322], [30.545105, 66.075493], [30.545041, 66.075966], [30.544977, 66.076116], [30.544977, 66.076352], [30.544869, 66.076674], [30.544869, 66.076888], [30.544719, 66.077382], [30.544569, 66.077596], [30.544419, 66.077768], [30.544118, 66.078004], [30.543882, 66.078111], [30.542659, 66.078819], [30.541672, 66.079313], [30.541436, 66.079485], [30.540771, 66.079785], [30.540664, 66.079871], [30.540492, 66.080107], [30.540406, 66.080386], [30.540428, 66.080858], [30.540385, 66.080987], [30.540385, 66.081287], [30.54017, 66.082381], [30.54017, 66.082682], [30.540084, 66.083004], [30.540063, 66.083583], [30.540106, 66.083862], [30.540277, 66.084377], [30.540578, 66.084742], [30.54105, 66.085128], [30.541372, 66.085343], [30.542166, 66.085664], [30.543603, 66.086115], [30.544912, 66.086372], [30.546071, 66.086694], [30.547144, 66.08693], [30.547895, 66.087166], [30.549826, 66.087639], [30.551328, 66.088046], [30.555341, 66.089269], [30.555577, 66.089312], [30.558795, 66.090235], [30.560018, 66.090771], [30.560405, 66.09105], [30.560619, 66.091286], [30.560791, 66.091673], [30.560877, 66.091951], [30.560898, 66.092273], [30.560877, 66.092703], [30.560769, 66.093303], [30.560834, 66.093754], [30.560791, 66.094355], [30.560748, 66.094484], [30.560769, 66.094805], [30.560727, 66.09517], [30.560769, 66.095771], [30.560855, 66.095986], [30.560855, 66.096222], [30.560791, 66.096415], [30.560791, 66.096543], [30.560662, 66.096887], [30.560684, 66.097016], [30.560576, 66.097123], [30.560405, 66.097552], [30.560405, 66.097702], [30.560212, 66.098324], [30.560126, 66.098796], [30.55989, 66.099333], [30.559718, 66.099612], [30.559482, 66.099848], [30.558838, 66.100299], [30.55813, 66.100706], [30.557744, 66.101092], [30.557508, 66.101393], [30.557465, 66.10165], [30.557229, 66.102273], [30.556714, 66.102959], [30.556263, 66.103324], [30.555791, 66.10356], [30.55519, 66.103753], [30.552787, 66.104011], [30.552294, 66.104075], [30.551929, 66.104161], [30.551414, 66.104375], [30.550706, 66.104826], [30.549225, 66.105599], [30.548732, 66.105813], [30.548324, 66.105942], [30.544569, 66.106865], [30.541329, 66.107594], [30.541093, 66.10768], [30.54017, 66.107895], [30.538175, 66.108431], [30.537531, 66.108538], [30.537574, 66.108581], [30.537424, 66.108495], [30.537702, 66.108581], [30.537681, 66.108624], [30.537466, 66.108581], [30.537681, 66.108517], [30.537702, 66.108581], [30.537595, 66.108581], [30.537402, 66.108517], [30.537617, 66.108581], [30.537574, 66.108495], [30.537574, 66.108538], [30.537509, 66.108581], [30.537359, 66.108581], [30.537295, 66.108624], [30.537424, 66.108646], [30.537466, 66.108517], [30.537702, 66.108624], [30.537488, 66.10856], [30.53766, 66.108603], [30.537424, 66.108581], [30.537509, 66.108538], [30.53766, 66.108538], [30.537595, 66.108603], [30.537552, 66.108517], [30.536823, 66.108731], [30.536029, 66.109075], [30.534956, 66.109439], [30.533475, 66.110019], [30.533132, 66.110105], [30.532617, 66.110319], [30.53236, 66.110469], [30.530836, 66.111006], [30.530385, 66.111242], [30.529591, 66.1118], [30.529141, 66.112208], [30.528948, 66.112637], [30.528905, 66.113023], [30.528926, 66.11328], [30.528862, 66.113667], [30.52869, 66.114225], [30.528712, 66.114439], [30.529141, 66.114868], [30.52957, 66.115126], [30.529892, 66.115255], [30.529978, 66.115362], [30.530278, 66.115555], [30.530536, 66.11592], [30.53075, 66.116134], [30.531029, 66.116499], [30.53133, 66.116757], [30.532317, 66.117336], [30.532531, 66.117379], [30.533003, 66.117615], [30.533175, 66.117744], [30.533475, 66.117851], [30.533947, 66.118108], [30.534591, 66.118387], [30.534892, 66.11858], [30.535535, 66.118881], [30.537145, 66.119417], [30.538217, 66.119889], [30.541264, 66.121005], [30.542316, 66.121477], [30.542809, 66.121799], [30.54399, 66.122378], [30.544269, 66.122572], [30.544376, 66.122872], [30.544462, 66.122915], [30.544526, 66.123172], [30.544505, 66.12328], [30.544612, 66.123537], [30.544826, 66.123795], [30.544934, 66.123838], [30.545105, 66.123988], [30.545492, 66.124159], [30.545878, 66.124288], [30.546629, 66.12446], [30.547144, 66.124782], [30.547165, 66.124953], [30.547358, 66.12534], [30.547337, 66.125447], [30.547273, 66.12549], [30.54738, 66.125855], [30.54753, 66.126176], [30.547659, 66.126327], [30.547852, 66.126413], [30.547938, 66.12652], [30.550663, 66.1277], [30.552916, 66.128966], [30.553946, 66.129309], [30.554096, 66.129309], [30.554611, 66.129588], [30.554869, 66.129781], [30.555105, 66.13006], [30.55519, 66.130318], [30.555233, 66.130511], [30.555212, 66.130597], [30.555276, 66.131326], [30.555083, 66.131584], [30.554633, 66.131884], [30.553603, 66.132249], [30.552508, 66.1327], [30.551907, 66.133064], [30.550577, 66.13403], [30.549933, 66.134609], [30.549333, 66.135618], [30.549268, 66.13579], [30.54929, 66.135961], [30.549225, 66.136047], [30.548989, 66.136305], [30.548582, 66.136605], [30.547552, 66.137184], [30.546221, 66.137785], [30.544912, 66.138279], [30.543754, 66.138794], [30.5415, 66.139652], [30.540363, 66.140167], [30.540106, 66.140296], [30.53987, 66.140489], [30.539762, 66.140596], [30.539677, 66.140789], [30.539698, 66.141025], [30.53987, 66.141411], [30.54002, 66.141605], [30.540449, 66.141948], [30.541136, 66.142205], [30.544826, 66.14315], [30.544998, 66.143257], [30.545341, 66.1436], [30.545577, 66.144115], [30.545535, 66.144244], [30.545577, 66.144823], [30.545556, 66.14493], [30.545599, 66.145209], [30.545556, 66.145403], [30.54562, 66.145918], [30.545771, 66.146282], [30.545728, 66.14654], [30.545749, 66.146626], [30.545706, 66.146797], [30.545599, 66.147012], [30.545084, 66.147484], [30.545084, 66.147548], [30.54444, 66.147849], [30.543732, 66.148299], [30.542101, 66.149844], [30.541822, 66.150037], [30.541715, 66.150188], [30.540857, 66.15096], [30.540621, 66.151261], [30.540621, 66.151389], [30.540728, 66.151668], [30.5409, 66.15184], [30.541672, 66.152205], [30.543045, 66.15272], [30.543303, 66.15287], [30.543453, 66.15302], [30.543539, 66.153149], [30.543539, 66.153385], [30.543496, 66.153556], [30.543518, 66.153664], [30.543346, 66.154007], [30.543346, 66.154265], [30.543281, 66.154415], [30.543303, 66.154522], [30.543367, 66.154565], [30.543603, 66.155037], [30.54414, 66.155638], [30.545041, 66.156346], [30.54605, 66.157247], [30.546135, 66.157419], [30.546672, 66.157977], [30.546779, 66.158191], [30.546779, 66.15847], [30.546822, 66.158578], [30.546779, 66.158706], [30.546758, 66.159071], [30.546779, 66.159758], [30.546693, 66.159972], [30.546629, 66.160487], [30.546564, 66.160638], [30.546564, 66.161002], [30.546457, 66.161775], [30.54635, 66.161989], [30.5462, 66.162182], [30.546264, 66.16229], [30.5462, 66.162483], [30.5462, 66.162655], [30.545964, 66.163298], [30.545642, 66.164478], [30.545513, 66.164779], [30.545535, 66.16495], [30.545363, 66.165487], [30.54532, 66.165938], [30.545148, 66.166259], [30.545084, 66.166474], [30.544934, 66.167311], [30.544655, 66.167976], [30.544376, 66.168191], [30.54414, 66.168298], [30.543324, 66.168534], [30.541286, 66.168813], [30.539977, 66.169049], [30.538453, 66.169221], [30.536479, 66.169521], [30.526094, 66.170959], [30.524592, 66.171281], [30.523304, 66.171409], [30.521523, 66.171645], [30.513627, 66.172847], [30.512189, 66.17304], [30.510559, 66.173319], [30.50955, 66.173576], [30.506696, 66.174542], [30.504658, 66.175186], [30.503907, 66.175465], [30.503392, 66.175594], [30.501031, 66.176366], [30.492234, 66.17937], [30.491375, 66.179563], [30.490217, 66.179713], [30.48865, 66.179799], [30.481655, 66.179692], [30.480689, 66.179756], [30.479638, 66.179906], [30.478951, 66.1801], [30.477557, 66.180615], [30.476591, 66.181044], [30.476033, 66.181366], [30.475711, 66.181687], [30.475583, 66.18216], [30.475604, 66.182696], [30.475518, 66.183297], [30.475561, 66.183726], [30.475518, 66.183855], [30.475497, 66.184327], [30.475625, 66.184734], [30.475647, 66.185421], [30.475604, 66.186172], [30.47554, 66.186387], [30.475625, 66.186773], [30.475604, 66.187095], [30.475647, 66.187524], [30.475604, 66.187739], [30.475625, 66.18791], [30.475561, 66.188168], [30.475668, 66.189176], [30.475604, 66.189541], [30.475668, 66.189713], [30.475625, 66.18997], [30.475668, 66.190185], [30.475625, 66.190507], [30.475668, 66.191107], [30.475625, 66.191751], [30.47569, 66.192395], [30.475625, 66.192502], [30.475668, 66.193039], [30.475625, 66.193596], [30.475711, 66.193875], [30.475625, 66.194326], [30.47569, 66.194798], [30.475625, 66.194884], [30.475583, 66.195056], [30.475647, 66.195249], [30.475625, 66.196107], [30.475668, 66.196279], [30.475583, 66.196965], [30.475625, 66.198789], [30.475583, 66.199154], [30.475304, 66.19954], [30.475304, 66.199648], [30.475196, 66.199841], [30.475046, 66.200077], [30.474488, 66.200678], [30.474231, 66.200892], [30.472793, 66.201729], [30.468609, 66.203467], [30.468051, 66.203746], [30.466978, 66.204154], [30.465691, 66.204712], [30.464382, 66.205184], [30.462558, 66.205956], [30.461957, 66.206171], [30.461227, 66.206535], [30.45979, 66.207093], [30.459296, 66.207329], [30.456721, 66.208316], [30.456163, 66.208638], [30.45567, 66.208982], [30.455005, 66.209561], [30.454811, 66.209818], [30.454125, 66.210956], [30.453503, 66.212351], [30.452794, 66.213273], [30.452194, 66.214389], [30.451786, 66.214947], [30.451679, 66.215161], [30.451207, 66.215741], [30.450155, 66.216513], [30.449404, 66.216792], [30.449211, 66.2169], [30.448117, 66.217178], [30.446486, 66.217693], [30.446314, 66.217693], [30.443568, 66.218444], [30.442902, 66.218595], [30.442366, 66.218766], [30.440714, 66.21911], [30.439598, 66.219432], [30.438053, 66.219818], [30.4358, 66.220569], [30.434834, 66.221062], [30.434598, 66.221255], [30.433568, 66.221942], [30.433354, 66.222157], [30.432839, 66.222543], [30.431487, 66.223444], [30.430951, 66.223959], [30.430629, 66.224431], [30.43065, 66.224903], [30.430715, 66.225053], [30.430929, 66.225311], [30.431337, 66.22574], [30.431787, 66.226083], [30.432496, 66.226749], [30.432732, 66.226899], [30.432839, 66.227049], [30.433311, 66.227478], [30.433719, 66.22795], [30.434577, 66.228658], [30.434899, 66.229023], [30.43492, 66.229173], [30.434899, 66.229517], [30.434641, 66.230268], [30.434641, 66.230375], [30.434341, 66.230954], [30.434148, 66.231534], [30.433783, 66.232263], [30.433611, 66.232864], [30.433354, 66.233358], [30.433268, 66.233679], [30.432796, 66.234688], [30.432774, 66.235181], [30.432946, 66.235568], [30.433289, 66.23589], [30.433697, 66.236147], [30.434212, 66.236383], [30.434834, 66.236576], [30.438074, 66.237241], [30.43904, 66.237606], [30.439383, 66.237864], [30.439727, 66.238186], [30.439791, 66.238293], [30.44022, 66.238679], [30.44125, 66.239494], [30.441422, 66.239709], [30.442173, 66.240396], [30.442752, 66.240825], [30.44346, 66.241447], [30.44389, 66.241726], [30.444383, 66.242305], [30.444941, 66.242756], [30.446314, 66.243979], [30.446679, 66.244387], [30.447752, 66.245202], [30.448117, 66.245631], [30.448117, 66.245782], [30.448224, 66.246103], [30.448203, 66.246254], [30.448267, 66.246404], [30.448245, 66.246511], [30.448396, 66.246812], [30.448524, 66.24752], [30.448546, 66.247734], [30.448503, 66.247884], [30.448567, 66.248099], [30.448567, 66.248314], [30.448696, 66.248743], [30.448632, 66.249107], [30.448417, 66.249408], [30.447795, 66.249923], [30.447151, 66.250288], [30.446894, 66.250373], [30.446872, 66.250416], [30.445585, 66.250846], [30.444619, 66.251232], [30.444083, 66.251382], [30.443417, 66.251489], [30.442881, 66.251511], [30.441358, 66.251446], [30.440521, 66.251446], [30.439491, 66.251554], [30.43771, 66.252047], [30.436916, 66.252326], [30.435886, 66.25282], [30.435457, 66.253163], [30.434985, 66.25385], [30.434942, 66.254172], [30.435028, 66.254214], [30.435113, 66.25445], [30.435306, 66.254815], [30.435328, 66.254923], [30.435671, 66.255459], [30.436594, 66.256167], [30.436551, 66.25621], [30.436723, 66.256339], [30.436744, 66.256489], [30.436851, 66.256639], [30.436959, 66.256961], [30.437002, 66.257369], [30.43698, 66.257497], [30.436873, 66.257583], [30.436594, 66.257948], [30.435693, 66.258849], [30.435328, 66.2593], [30.434019, 66.261081], [30.433955, 66.261467], [30.434019, 66.261939], [30.434491, 66.262454], [30.43492, 66.262733], [30.436379, 66.263484], [30.43771, 66.264042], [30.438611, 66.264342], [30.443696, 66.266274], [30.446293, 66.267196], [30.449726, 66.26857], [30.45037, 66.268763], [30.450971, 66.269063], [30.452945, 66.269685], [30.454275, 66.270329], [30.454575, 66.270565], [30.454747, 66.27078], [30.45479, 66.271037], [30.454704, 66.271273], [30.45464, 66.271402], [30.454296, 66.271617], [30.454103, 66.271874], [30.453867, 66.272003], [30.45376, 66.272153], [30.453846, 66.27211], [30.453846, 66.272067], [30.45391, 66.272024], [30.453996, 66.272067], [30.454103, 66.272046], [30.453889, 66.272046], [30.45376, 66.272132], [30.453631, 66.27211], [30.453717, 66.272024], [30.453631, 66.272067], [30.453782, 66.272153], [30.454018, 66.272046], [30.454146, 66.272024], [30.453846, 66.272024], [30.453867, 66.272089], [30.453674, 66.272432], [30.452966, 66.27314], [30.45303, 66.273204], [30.453438, 66.273226], [30.455133, 66.273119], [30.455691, 66.27314], [30.456485, 66.273355], [30.457172, 66.273591], [30.457451, 66.273634], [30.457601, 66.273526], [30.457901, 66.273419], [30.459446, 66.273097], [30.460798, 66.27299], [30.461721, 66.272861], [30.462858, 66.272754], [30.465562, 66.272282], [30.465648, 66.272217], [30.466291, 66.272003], [30.466463, 66.271853], [30.466506, 66.271702], [30.466635, 66.271595], [30.467085, 66.271381], [30.467579, 66.271252], [30.468137, 66.271209], [30.468501, 66.271316], [30.468866, 66.271531], [30.469295, 66.271595], [30.469746, 66.271552], [30.470218, 66.271402], [30.470733, 66.271295], [30.472986, 66.271252], [30.474553, 66.27078], [30.476934, 66.270265], [30.478007, 66.269964], [30.479638, 66.269793], [30.481848, 66.269664], [30.482664, 66.269685], [30.483608, 66.269514], [30.485002, 66.269492], [30.485796, 66.269428], [30.486719, 66.269278], [30.487449, 66.269213], [30.488049, 66.269213], [30.489101, 66.269278], [30.490238, 66.269449], [30.490839, 66.2696], [30.491998, 66.270007], [30.492577, 66.270157], [30.493199, 66.270286], [30.493714, 66.270308], [30.493822, 66.270286], [30.493822, 66.270222], [30.493843, 66.270265], [30.493736, 66.270286], [30.493822, 66.270265], [30.493864, 66.270308], [30.494422, 66.270372], [30.494465, 66.270308], [30.494594, 66.270329], [30.496289, 66.270866], [30.497898, 66.271102], [30.499057, 66.271488], [30.499486, 66.271552], [30.500109, 66.271574], [30.501353, 66.271359], [30.50337, 66.271187], [30.504507, 66.271252], [30.50498, 66.271209], [30.505409, 66.271123], [30.505967, 66.270908], [30.507211, 66.270329], [30.507512, 66.270115], [30.508048, 66.269921], [30.508778, 66.26975], [30.509571, 66.269406], [30.510172, 66.269299], [30.511438, 66.268956], [30.511846, 66.268891], [30.51264, 66.268591], [30.513176, 66.268462], [30.514721, 66.268334], [30.516073, 66.268033], [30.516438, 66.267926], [30.516846, 66.267711], [30.516996, 66.267561], [30.517811, 66.267261], [30.519099, 66.267046], [30.52, 66.26681], [30.520601, 66.266574], [30.521309, 66.266188], [30.52236, 66.265887], [30.522875, 66.265587], [30.522961, 66.265437], [30.523133, 66.264943], [30.523304, 66.26475], [30.523669, 66.264493], [30.523948, 66.264149], [30.524163, 66.263956], [30.52545, 66.263334], [30.525772, 66.263098], [30.526544, 66.262647], [30.526609, 66.26254], [30.526781, 66.262411], [30.527317, 66.262154], [30.527725, 66.261853], [30.528562, 66.26151], [30.529227, 66.261124], [30.530085, 66.260802], [30.531136, 66.260072], [30.532917, 66.2593], [30.533325, 66.259042], [30.534398, 66.258527], [30.535042, 66.258141], [30.535664, 66.257626], [30.536007, 66.257455], [30.536673, 66.257025], [30.53796, 66.256317], [30.538432, 66.256167], [30.539076, 66.255867], [30.539677, 66.255674], [30.540728, 66.255051], [30.541286, 66.254837], [30.54223, 66.254365], [30.543453, 66.253828], [30.543968, 66.253699], [30.544784, 66.253335], [30.545921, 66.252734], [30.546522, 66.252348], [30.547079, 66.25209], [30.547487, 66.251833], [30.548689, 66.251296], [30.549397, 66.250695], [30.549719, 66.250502], [30.55077, 66.249987], [30.551006, 66.249837], [30.551629, 66.249601], [30.552036, 66.249494], [30.554246, 66.248635], [30.554525, 66.248421], [30.554869, 66.248056], [30.555384, 66.247863], [30.556113, 66.247777], [30.556607, 66.247777], [30.556864, 66.24782], [30.557444, 66.248035], [30.558881, 66.248335], [30.560018, 66.248314], [30.560533, 66.248185], [30.561413, 66.248078], [30.56195, 66.248163], [30.563344, 66.248228], [30.564374, 66.24812], [30.565383, 66.247841], [30.566627, 66.247391], [30.567336, 66.247305], [30.568408, 66.247434], [30.569095, 66.247477], [30.569202, 66.247455], [30.572378, 66.247756], [30.572829, 66.247734], [30.572915, 66.247777], [30.575103, 66.24797], [30.576498, 66.24797], [30.577592, 66.248056], [30.578644, 66.248056], [30.579888, 66.247906], [30.580189, 66.247927], [30.581068, 66.248249], [30.581648, 66.248335], [30.58212, 66.248356], [30.582356, 66.248314], [30.582914, 66.248078], [30.58315, 66.24782], [30.58315, 66.247756], [30.583407, 66.247563], [30.583772, 66.247455], [30.584609, 66.247305], [30.586626, 66.247048], [30.587785, 66.247005], [30.588729, 66.247048], [30.589222, 66.247112], [30.589888, 66.247284], [30.588579, 66.246983], [30.58845, 66.246983], [30.58845, 66.247048], [30.588707, 66.247048], [30.589244, 66.247219], [30.591111, 66.247434], [30.591368, 66.247412], [30.592055, 66.247434], [30.592591, 66.24752], [30.593922, 66.247884], [30.595295, 66.24797], [30.595703, 66.24812], [30.595853, 66.248249], [30.596067, 66.248314], [30.596175, 66.248399], [30.596711, 66.248399], [30.59699, 66.248442], [30.59787, 66.248678], [30.598878, 66.249], [30.599329, 66.249193], [30.599844, 66.249301], [30.600252, 66.249344], [30.601646, 66.249344], [30.602269, 66.249279], [30.603084, 66.249258], [30.604028, 66.249344], [30.604844, 66.249344], [30.605916, 66.249537], [30.608577, 66.250095], [30.610337, 66.250095], [30.61083, 66.250202], [30.611281, 66.250223], [30.611967, 66.250373], [30.612289, 66.250502], [30.613448, 66.250588], [30.61407, 66.250695], [30.614757, 66.25091], [30.614972, 66.251039], [30.615937, 66.251446], [30.616989, 66.251983], [30.617246, 66.252283], [30.617353, 66.252519], [30.617353, 66.252584], [30.617697, 66.252906], [30.617804, 66.253077], [30.618491, 66.253485], [30.618534, 66.253571], [30.618491, 66.253764], [30.618555, 66.253893], [30.618877, 66.254172], [30.618941, 66.254257], [30.618941, 66.254322], [30.619199, 66.254493], [30.620057, 66.254837], [30.621559, 66.25518], [30.622525, 66.25548], [30.622954, 66.255674], [30.623769, 66.256167], [30.624048, 66.25621], [30.624477, 66.256446], [30.625529, 66.256725], [30.630593, 66.256961], [30.631751, 66.256918], [30.635313, 66.257111], [30.637094, 66.257068], [30.638446, 66.25709], [30.640292, 66.257369], [30.642137, 66.257776], [30.642781, 66.257841], [30.644776, 66.257755], [30.647544, 66.25797], [30.648467, 66.258098], [30.654518, 66.258613], [30.658316, 66.258656], [30.659024, 66.258592], [30.660955, 66.258549], [30.661899, 66.258463], [30.665697, 66.25827], [30.667414, 66.258248], [30.668315, 66.25827], [30.670332, 66.258206], [30.671813, 66.258098], [30.672993, 66.25812], [30.674688, 66.258055], [30.677349, 66.257884], [30.678572, 66.257755], [30.679731, 66.257712], [30.679881, 66.257669], [30.682263, 66.257497], [30.683422, 66.25754], [30.684645, 66.257669], [30.685996, 66.257862], [30.688443, 66.258291], [30.689859, 66.258484], [30.69282, 66.258313], [30.695223, 66.258313], [30.695524, 66.258356], [30.69606, 66.258356], [30.696833, 66.258291], [30.69724, 66.258291], [30.698764, 66.258656], [30.700137, 66.258892], [30.702562, 66.259214], [30.703334, 66.259278], [30.704278, 66.2593], [30.705223, 66.259214], [30.706317, 66.259042], [30.707175, 66.258999], [30.707797, 66.259085], [30.709428, 66.259472], [30.710737, 66.259686], [30.712497, 66.259772], [30.71402, 66.259643], [30.715115, 66.259472], [30.715479, 66.25945], [30.716509, 66.259472], [30.717196, 66.259622], [30.718591, 66.259751], [30.7205, 66.259815], [30.722238, 66.259944], [30.723097, 66.260072], [30.723676, 66.260223], [30.724062, 66.260244], [30.724749, 66.260394], [30.725178, 66.260437], [30.725908, 66.260437], [30.727345, 66.260609], [30.730028, 66.260759], [30.732281, 66.260716], [30.733246, 66.260866], [30.734555, 66.26121], [30.735371, 66.261574], [30.735607, 66.261853], [30.735735, 66.262433], [30.735757, 66.262819], [30.735843, 66.262991], [30.736014, 66.263141], [30.736186, 66.263205], [30.736293, 66.263334], [30.736765, 66.263591], [30.737044, 66.263806], [30.737667, 66.264106], [30.738418, 66.264321], [30.73889, 66.264385], [30.740241, 66.264257], [30.741872, 66.263634], [30.742602, 66.263463], [30.74331, 66.263227], [30.743632, 66.263076], [30.744275, 66.262669], [30.744876, 66.262561], [30.745584, 66.262583], [30.746486, 66.262733], [30.747537, 66.262819], [30.748803, 66.262991], [30.750348, 66.263055], [30.751078, 66.263141], [30.752129, 66.263377], [30.752537, 66.263527], [30.753288, 66.263999], [30.753674, 66.2643], [30.754039, 66.264493], [30.754318, 66.264557], [30.75464, 66.264578], [30.756313, 66.264514], [30.75685, 66.264428], [30.757579, 66.264407], [30.759317, 66.264621], [30.760691, 66.264385], [30.761249, 66.264321], [30.76245, 66.264342], [30.762987, 66.264428], [30.763695, 66.2643], [30.765068, 66.2643], [30.765819, 66.264235], [30.767342, 66.263935], [30.769596, 66.263763], [30.772149, 66.263892], [30.772664, 66.264021], [30.774102, 66.264235], [30.775067, 66.264428], [30.775775, 66.264664], [30.777256, 66.2649], [30.777664, 66.265029], [30.779616, 66.265308], [30.780281, 66.265351], [30.782234, 66.265287], [30.782535, 66.265265], [30.783243, 66.265115], [30.783801, 66.265051], [30.784981, 66.265072], [30.786333, 66.265308], [30.787019, 66.265694], [30.78762, 66.265866], [30.788929, 66.266059], [30.790667, 66.266081], [30.791182, 66.266166], [30.791482, 66.266317], [30.79189, 66.26681], [30.792083, 66.266917], [30.792834, 66.267046], [30.793671, 66.267239], [30.796332, 66.268119], [30.797276, 66.268226], [30.797877, 66.268441], [30.800087, 66.268806], [30.800602, 66.268827], [30.800859, 66.268784], [30.801246, 66.268655], [30.801846, 66.268355], [30.801954, 66.268334], [30.802426, 66.268055], [30.803198, 66.267947], [30.804035, 66.267883], [30.805859, 66.26799], [30.806117, 66.268055], [30.806996, 66.268119], [30.808241, 66.268312], [30.808498, 66.268312], [30.809206, 66.268462], [30.810086, 66.268591], [30.810644, 66.268763], [30.811138, 66.268999], [30.812361, 66.269278], [30.812983, 66.269707], [30.813283, 66.269793], [30.813605, 66.26975], [30.813863, 66.269793], [30.814742, 66.269771], [30.815172, 66.269814], [30.815579, 66.269943], [30.81633, 66.270458], [30.816502, 66.270501], [30.816974, 66.270544], [30.818262, 66.270544], [30.818648, 66.270587], [30.81912, 66.270651], [30.820257, 66.270973], [30.820622, 66.271123], [30.820815, 66.271338], [30.821008, 66.271466], [30.821137, 66.271488], [30.82118, 66.271552], [30.822188, 66.27196], [30.822896, 66.272582], [30.823047, 66.272754], [30.823047, 66.272818], [30.823519, 66.273183], [30.824356, 66.273569], [30.824785, 66.273827], [30.825858, 66.274127], [30.827188, 66.27417], [30.828347, 66.274385], [30.830192, 66.274449], [30.831351, 66.27432], [30.832166, 66.274149], [30.833904, 66.273913], [30.834891, 66.273934], [30.83605, 66.274127], [30.836329, 66.274127], [30.837166, 66.274363], [30.838282, 66.274792], [30.838646, 66.2749], [30.839505, 66.275393], [30.840706, 66.275629], [30.842165, 66.276058], [30.842401, 66.276166], [30.842788, 66.276487], [30.843088, 66.276638], [30.844225, 66.277024], [30.844225, 66.27711], [30.844805, 66.277303], [30.844848, 66.277367], [30.844998, 66.277432], [30.845062, 66.277603], [30.845019, 66.277861], [30.845191, 66.278011], [30.845234, 66.27814], [30.84532, 66.278183], [30.845363, 66.27829], [30.84547, 66.278397], [30.847122, 66.279298], [30.848817, 66.280114], [30.848946, 66.280328], [30.849375, 66.280543], [30.849633, 66.280736], [30.849676, 66.280908], [30.849804, 66.281058], [30.850362, 66.281551], [30.850512, 66.281852], [30.850706, 66.282109], [30.850706, 66.282281], [30.851006, 66.282581], [30.850985, 66.282646], [30.851414, 66.283225], [30.851392, 66.28344], [30.851414, 66.283504], [30.851542, 66.283569], [30.851607, 66.283697], [30.8518, 66.283719], [30.853066, 66.284126], [30.854353, 66.284362], [30.854804, 66.284491], [30.854911, 66.28447], [30.855576, 66.284641], [30.856692, 66.284835], [30.856971, 66.284813], [30.857057, 66.284835], [30.857057, 66.284877], [30.857036, 66.284792], [30.857078, 66.284835], [30.85695, 66.284813], [30.857186, 66.284877], [30.857465, 66.284856], [30.857958, 66.28492], [30.858495, 66.285049], [30.859203, 66.285006], [30.859739, 66.285071], [30.86004, 66.285178], [30.860447, 66.285714], [30.860812, 66.285929], [30.861928, 66.286251], [30.862915, 66.286379], [30.863923, 66.286358], [30.865683, 66.286015], [30.866091, 66.285993], [30.866305, 66.286036], [30.86637, 66.285993], [30.866112, 66.285822], [30.866134, 66.285864], [30.866091, 66.285907], [30.86637, 66.286015], [30.866284, 66.285993], [30.86652, 66.286015], [30.867357, 66.286208], [30.867936, 66.286294], [30.86903, 66.286358], [30.86976, 66.286272], [30.869996, 66.286186], [30.870318, 66.285929], [30.870726, 66.285822], [30.87167, 66.285693], [30.873107, 66.28565], [30.873386, 66.285671], [30.873966, 66.285822], [30.874545, 66.285907], [30.875232, 66.286101], [30.876219, 66.286272], [30.876305, 66.286315], [30.876305, 66.286272], [30.876262, 66.286315], [30.876347, 66.286272], [30.87624, 66.286294], [30.877034, 66.286358], [30.877399, 66.286444], [30.877914, 66.286465], [30.878643, 66.286616], [30.881712, 66.28683], [30.8836, 66.286873], [30.886003, 66.28683], [30.886754, 66.286852], [30.888042, 66.286787], [30.889265, 66.286852], [30.891647, 66.28683], [30.892784, 66.286852], [30.89435, 66.286551], [30.894951, 66.286272], [30.895016, 66.286165], [30.895187, 66.286036], [30.895187, 66.285972], [30.895016, 66.2858], [30.894887, 66.285779], [30.894758, 66.285671], [30.894694, 66.2855], [30.894629, 66.285457], [30.894479, 66.285457], [30.894243, 66.285199], [30.894179, 66.285028], [30.894329, 66.284813], [30.894436, 66.284513], [30.894651, 66.284191], [30.894951, 66.283933], [30.895466, 66.283633], [30.895466, 66.283461], [30.895359, 66.283332], [30.894737, 66.283118], [30.894458, 66.282968], [30.89435, 66.282882], [30.89435, 66.282817], [30.894393, 66.282775], [30.895488, 66.282281], [30.895852, 66.282066], [30.896003, 66.281916], [30.896239, 66.281788], [30.897011, 66.281702], [30.897355, 66.281573], [30.89847, 66.281444], [30.899436, 66.281079], [30.900745, 66.280994], [30.902032, 66.2808], [30.903255, 66.280779], [30.904715, 66.280972], [30.905187, 66.280972], [30.907096, 66.281122], [30.909242, 66.281187], [30.909779, 66.281144], [30.910615, 66.281315], [30.911366, 66.28153], [30.912117, 66.281551], [30.912547, 66.281487], [30.913405, 66.281466], [30.91437, 66.281337], [30.91525, 66.281144], [30.916302, 66.281101], [30.917503, 66.280951], [30.919048, 66.280865], [30.920143, 66.280693], [30.920572, 66.280672], [30.921537, 66.280715], [30.922203, 66.280672], [30.922868, 66.280564], [30.923232, 66.280543], [30.923254, 66.2805], [30.924413, 66.280307], [30.925443, 66.280243], [30.926494, 66.280071], [30.928747, 66.280007], [30.930271, 66.280049], [30.930464, 66.280007], [30.930528, 66.279942], [30.930829, 66.279985], [30.931086, 66.280092], [30.931472, 66.280414], [30.931923, 66.280672], [30.932073, 66.280908], [30.932288, 66.281079], [30.933082, 66.281337], [30.934412, 66.281702], [30.934884, 66.281981], [30.935549, 66.28226], [30.935957, 66.282474], [30.93645, 66.282624], [30.936214, 66.282603], [30.936429, 66.282646], [30.936644, 66.282624], [30.936408, 66.282581], [30.936343, 66.282624], [30.936944, 66.28271], [30.938875, 66.283139], [30.939133, 66.283161], [30.940442, 66.283418], [30.94278, 66.283311], [30.943467, 66.283332], [30.943982, 66.28329], [30.946943, 66.28344], [30.948767, 66.283311], [30.949969, 66.283332], [30.950827, 66.283247], [30.952093, 66.283054], [30.951964, 66.283054], [30.952758, 66.282989], [30.953102, 66.282989], [30.95381, 66.283075], [30.954582, 66.283011], [30.955848, 66.283032], [30.957221, 66.282946], [30.958638, 66.282753], [30.959968, 66.282646], [30.961084, 66.282367], [30.96177, 66.282238], [30.963401, 66.282195], [30.964925, 66.281959], [30.966126, 66.281873], [30.967628, 66.281873], [30.969152, 66.282002], [30.969474, 66.281959], [30.970911, 66.281959], [30.971255, 66.282002], [30.972006, 66.281981], [30.975203, 66.281573], [30.976276, 66.281337], [30.97737, 66.281037], [30.978314, 66.280607], [30.979151, 66.280436], [30.979237, 66.280328], [30.980246, 66.279813], [30.982112, 66.278998], [30.983228, 66.278569], [30.98385, 66.278247], [30.984451, 66.277775], [30.985288, 66.277281], [30.986726, 66.276745], [30.987369, 66.276466], [30.988335, 66.276294], [30.989279, 66.276251], [30.990223, 66.276101], [30.990867, 66.275887], [30.991318, 66.275672], [30.991597, 66.275608], [30.994, 66.275436], [30.995566, 66.2755], [30.997068, 66.275651], [30.99754, 66.275629], [30.998227, 66.275694], [31.00033, 66.275586], [31.001489, 66.275436], [31.003591, 66.275028], [31.0043, 66.274835], [31.005845, 66.274621], [31.007883, 66.274535], [31.008398, 66.27447], [31.009256, 66.274428], [31.010394, 66.274299], [31.01211, 66.273934], [31.014771, 66.273655], [31.01638, 66.273398], [31.018397, 66.272818], [31.018333, 66.273097], [31.018032, 66.273483], [31.017925, 66.274127], [31.017968, 66.27417], [31.017882, 66.274234], [31.017839, 66.274428], [31.017775, 66.274449], [31.017796, 66.274535], [31.017689, 66.274556], [31.017689, 66.274513], [31.017668, 66.274578], [31.017711, 66.27447], [31.017904, 66.274728], [31.017947, 66.275221], [31.017904, 66.275372], [31.018032, 66.275586], [31.018011, 66.276101], [31.018054, 66.276251], [31.017947, 66.276445], [31.017968, 66.276745], [31.017861, 66.277088], [31.017453, 66.277582], [31.017389, 66.277732], [31.017367, 66.277882], [31.017432, 66.278118], [31.01741, 66.278311], [31.017067, 66.278783], [31.017024, 66.278955], [31.016852, 66.27917], [31.016316, 66.280135], [31.016273, 66.280328], [31.016166, 66.280479], [31.016015, 66.2808], [31.016015, 66.281101], [31.015758, 66.281423], [31.015136, 66.282024], [31.015114, 66.282152], [31.014685, 66.282817], [31.014664, 66.283118], [31.014406, 66.283418], [31.014234, 66.283805], [31.013827, 66.284234], [31.013376, 66.28462], [31.013269, 66.284813], [31.013269, 66.285092], [31.013483, 66.285457], [31.013569, 66.285929], [31.013655, 66.286079], [31.013848, 66.286272], [31.013998, 66.286616], [31.01402, 66.286766], [31.014277, 66.287152], [31.014428, 66.287517], [31.0149, 66.288053], [31.014986, 66.288439], [31.015007, 66.288568], [31.014964, 66.288869], [31.014857, 66.289105], [31.014599, 66.289512], [31.014578, 66.289684], [31.014406, 66.290027], [31.014556, 66.2911], [31.014513, 66.291594], [31.014471, 66.291744], [31.01402, 66.292323], [31.013677, 66.292559], [31.013312, 66.292881], [31.012754, 66.29316], [31.01226, 66.293739], [31.011724, 66.29404], [31.011316, 66.294362], [31.011252, 66.294469], [31.01123, 66.294619], [31.011252, 66.295005], [31.011145, 66.295156], [31.011166, 66.29522], [31.011102, 66.295349], [31.010608, 66.295628], [31.009986, 66.295799], [31.009557, 66.295864], [31.009364, 66.29595], [31.009321, 66.296035], [31.008956, 66.296229], [31.008698, 66.296486], [31.008291, 66.296786], [31.008248, 66.297173], [31.008012, 66.297452], [31.00799, 66.297516], [31.00799, 66.297602], [31.008141, 66.297731], [31.008183, 66.297881], [31.008098, 66.298095], [31.007561, 66.298546], [31.007003, 66.298868], [31.006767, 66.299125], [31.006703, 66.299876], [31.006767, 66.300155], [31.006767, 66.300413], [31.006875, 66.30082], [31.007196, 66.301572], [31.007153, 66.301679], [31.007304, 66.302129], [31.007304, 66.302365], [31.007239, 66.302623], [31.007325, 66.302859], [31.007325, 66.303116], [31.007475, 66.30376], [31.007475, 66.303953], [31.007583, 66.304254], [31.007776, 66.305026], [31.007776, 66.305284], [31.00769, 66.305412], [31.007561, 66.305563], [31.007239, 66.305734], [31.00681, 66.305884], [31.005866, 66.306099], [31.005372, 66.306271], [31.004815, 66.306571], [31.004064, 66.306872], [31.003785, 66.307065], [31.003377, 66.307494], [31.003377, 66.307601], [31.003677, 66.307816], [31.004857, 66.308223], [31.005222, 66.308417], [31.006166, 66.308524], [31.00651, 66.308653], [31.00696, 66.30876], [31.007239, 66.308889], [31.007282, 66.309017], [31.007175, 66.309296], [31.006832, 66.309854], [31.006746, 66.310112], [31.007132, 66.31067], [31.007132, 66.310734], [31.007239, 66.310755], [31.007347, 66.310863], [31.007497, 66.311163], [31.007647, 66.311614], [31.007819, 66.311764], [31.007947, 66.312], [31.008012, 66.312257], [31.008141, 66.312451], [31.008334, 66.312901], [31.00872, 66.313459], [31.008849, 66.313545], [31.009063, 66.313995], [31.00902, 66.314038], [31.009192, 66.314468], [31.009578, 66.314983], [31.009664, 66.315283], [31.009793, 66.315498], [31.010029, 66.315626], [31.010007, 66.315712], [31.010136, 66.315991], [31.010136, 66.316141], [31.010501, 66.316613], [31.01063, 66.316957], [31.011016, 66.317622], [31.011273, 66.317879], [31.011295, 66.318094], [31.011445, 66.318373], [31.011531, 66.318652], [31.011788, 66.319145], [31.012067, 66.31951], [31.012196, 66.319746], [31.01226, 66.319982], [31.012411, 66.320089], [31.012732, 66.320712], [31.01284, 66.32084], [31.01299, 66.32127], [31.013934, 66.322965], [31.014084, 66.323415], [31.014385, 66.323866], [31.014535, 66.323995], [31.014707, 66.324274], [31.014749, 66.324445], [31.014921, 66.324703], [31.015071, 66.325046], [31.015071, 66.325111], [31.015157, 66.325196], [31.015264, 66.325497], [31.015458, 66.325733], [31.015522, 66.325926], [31.015715, 66.326291], [31.015865, 66.326441], [31.016166, 66.326892], [31.016294, 66.327235], [31.016509, 66.327514], [31.01653, 66.327664], [31.016659, 66.327814], [31.016981, 66.328522], [31.017496, 66.329273], [31.017668, 66.329681], [31.017882, 66.329981], [31.018118, 66.330561], [31.01859, 66.331376], [31.018719, 66.331526], [31.019127, 66.332342], [31.019277, 66.332513], [31.019427, 66.332814], [31.019685, 66.3332], [31.019771, 66.333458], [31.019685, 66.333694], [31.019213, 66.33408], [31.018998, 66.334187], [31.018612, 66.334466], [31.018376, 66.334573], [31.017796, 66.335003], [31.016938, 66.335496], [31.016638, 66.335732], [31.016466, 66.33599], [31.01638, 66.336033], [31.016273, 66.336204], [31.016123, 66.336633], [31.016123, 66.336698], [31.01623, 66.336891], [31.016123, 66.337105], [31.016166, 66.33732], [31.015951, 66.337835], [31.016058, 66.338243], [31.016638, 66.338629], [31.017196, 66.339101], [31.017646, 66.339401], [31.017775, 66.339552], [31.018526, 66.340067], [31.018676, 66.340195], [31.018762, 66.340324], [31.019663, 66.341054], [31.020092, 66.341268], [31.020371, 66.341526], [31.020457, 66.341654], [31.021101, 66.342041], [31.021273, 66.342212], [31.021659, 66.34247], [31.021788, 66.34262], [31.021981, 66.342706], [31.022152, 66.342835], [31.022582, 66.343221], [31.023268, 66.34365], [31.023826, 66.344165], [31.024169, 66.34438], [31.025135, 66.345109], [31.025242, 66.345238], [31.025457, 66.345367], [31.026122, 66.346032], [31.026294, 66.346268], [31.02683, 66.346804], [31.026873, 66.34689], [31.027109, 66.347083], [31.027367, 66.347362], [31.027517, 66.347663], [31.027517, 66.347984], [31.027753, 66.34822], [31.02771, 66.348285], [31.02771, 66.348435], [31.027903, 66.348843], [31.027946, 66.349143], [31.027924, 66.349422], [31.02801, 66.349744], [31.028182, 66.350087], [31.028461, 66.350516], [31.02874, 66.350795], [31.028954, 66.351074], [31.029083, 66.351396], [31.029469, 66.351911], [31.029577, 66.352147], [31.029942, 66.352533], [31.02992, 66.352576], [31.029963, 66.352662], [31.030349, 66.353156], [31.030564, 66.353327], [31.030564, 66.353456], [31.030628, 66.353499], [31.030778, 66.353821], [31.030886, 66.353971], [31.030886, 66.354036], [31.030735, 66.354207], [31.030156, 66.354787], [31.030242, 66.354937], [31.030478, 66.355151], [31.030478, 66.355302], [31.030628, 66.355602], [31.030757, 66.355709], [31.030693, 66.355859], [31.030757, 66.356074], [31.031036, 66.356374], [31.031079, 66.356546], [31.031336, 66.356889], [31.031379, 66.357018], [31.031379, 66.357233], [31.031229, 66.357383], [31.030693, 66.357791], [31.03007, 66.358048], [31.029384, 66.358241], [31.028547, 66.35837], [31.027839, 66.358413], [31.027045, 66.358542], [31.024084, 66.358863], [31.023483, 66.359014], [31.022324, 66.359378], [31.02168, 66.359529], [31.021165, 66.359722], [31.020908, 66.359936], [31.020843, 66.360065], [31.020564, 66.360301], [31.020543, 66.360537], [31.020307, 66.360902], [31.020286, 66.361074], [31.020071, 66.361267], [31.020007, 66.361417], [31.019384, 66.36234], [31.019427, 66.362619], [31.019556, 66.362898], [31.019535, 66.363112], [31.019642, 66.363777], [31.019706, 66.363928], [31.020135, 66.364292], [31.020543, 66.364378], [31.023654, 66.364679], [31.024126, 66.364764], [31.025629, 66.364915], [31.028139, 66.364936], [31.029405, 66.365], [31.031916, 66.365], [31.032173, 66.365043], [31.032581, 66.365043], [31.033482, 66.365129], [31.034212, 66.365151], [31.034619, 66.365236], [31.035392, 66.365322], [31.036078, 66.365472], [31.037387, 66.365859], [31.038331, 66.366095], [31.038804, 66.366138], [31.039855, 66.366417], [31.040434, 66.366502], [31.041057, 66.366738], [31.041614, 66.366846], [31.042344, 66.36706], [31.042838, 66.367125], [31.045949, 66.367876], [31.047666, 66.368133], [31.048781, 66.368176], [31.05024, 66.368155], [31.053245, 66.367897], [31.053523, 66.367833], [31.055026, 66.367768], [31.056334, 66.367618], [31.057472, 66.367532], [31.057686, 66.367554], [31.058094, 66.367489], [31.062021, 66.367189], [31.062686, 66.367189], [31.063501, 66.367125], [31.064789, 66.366953], [31.066505, 66.366846], [31.067643, 66.366674], [31.06908, 66.366116], [31.069402, 66.36603], [31.070389, 66.365859], [31.071011, 66.365794], [31.071999, 66.365494], [31.072342, 66.365472], [31.073071, 66.365301], [31.074509, 66.365108], [31.075689, 66.364743], [31.077578, 66.364099], [31.079444, 66.363649], [31.079874, 66.363498], [31.08041, 66.363413], [31.080753, 66.363284], [31.081998, 66.363026], [31.082277, 66.362898], [31.082212, 66.362597], [31.082406, 66.362447], [31.082556, 66.362425], [31.083006, 66.362232], [31.083393, 66.362147], [31.083586, 66.362039], [31.084895, 66.36176], [31.085796, 66.361481], [31.085882, 66.361417], [31.086719, 66.361224], [31.087319, 66.360988], [31.087748, 66.360859], [31.089465, 66.36058], [31.090624, 66.360451], [31.09101, 66.360301], [31.091246, 66.360323], [31.09131, 66.360408], [31.091353, 66.360387], [31.092276, 66.360473], [31.093413, 66.360838], [31.093971, 66.361074], [31.094593, 66.361031], [31.098306, 66.360408], [31.101245, 66.360044], [31.101846, 66.360044], [31.104721, 66.360215], [31.105666, 66.360215], [31.106996, 66.360451], [31.107511, 66.360602], [31.108434, 66.361074], [31.108841, 66.361331], [31.109614, 66.361674], [31.110236, 66.362104], [31.110558, 66.362275], [31.110665, 66.362383], [31.110773, 66.36264], [31.110751, 66.362898], [31.110558, 66.363026], [31.110172, 66.363198], [31.108777, 66.363627], [31.108348, 66.36382], [31.107082, 66.364185], [31.10573, 66.364679], [31.101031, 66.366159], [31.097362, 66.367425], [31.095688, 66.367876], [31.095623, 66.36794], [31.094486, 66.368262], [31.094207, 66.368412], [31.093778, 66.368519], [31.093006, 66.368798], [31.092727, 66.368863], [31.091396, 66.369356], [31.09086, 66.369614], [31.090066, 66.369914], [31.089487, 66.370279], [31.089208, 66.370494], [31.089186, 66.370665], [31.0891, 66.370815], [31.088542, 66.371352], [31.088435, 66.371524], [31.088006, 66.371996], [31.087834, 66.372317], [31.087706, 66.372425], [31.087577, 66.372639], [31.087255, 66.37294], [31.087062, 66.37324], [31.086847, 66.373476], [31.086719, 66.373755], [31.085774, 66.374764], [31.085281, 66.37545], [31.084616, 66.37618], [31.084444, 66.376437], [31.08395, 66.376888], [31.083779, 66.377231], [31.083693, 66.377296], [31.083693, 66.37736], [31.083564, 66.377403], [31.083221, 66.377768], [31.083028, 66.377875], [31.08071, 66.37854], [31.080603, 66.378626], [31.080024, 66.378819], [31.079337, 66.378969], [31.079037, 66.379098], [31.078522, 66.379205], [31.078178, 66.379356], [31.076655, 66.379763], [31.075904, 66.380042], [31.075475, 66.3803], [31.074981, 66.380901], [31.074767, 66.381072], [31.074488, 66.381416], [31.074209, 66.381694], [31.074016, 66.381845], [31.07378, 66.382167], [31.073694, 66.382381], [31.073629, 66.38281], [31.073586, 66.382875], [31.073608, 66.383132], [31.073543, 66.383433], [31.073265, 66.384055], [31.073093, 66.384226], [31.072964, 66.38442], [31.072664, 66.384634], [31.071956, 66.385342], [31.071784, 66.385428], [31.071312, 66.385879], [31.07099, 66.386093], [31.07069, 66.386372], [31.07011, 66.38678], [31.069681, 66.387231], [31.068673, 66.38811], [31.068437, 66.388239], [31.068201, 66.388497], [31.067964, 66.388668], [31.067793, 66.388733], [31.067342, 66.389119], [31.067235, 66.38929], [31.067085, 66.389376], [31.06687, 66.389612], [31.066076, 66.390256], [31.065003, 66.391265], [31.06451, 66.391565], [31.061141, 66.394462], [31.060647, 66.394955], [31.060197, 66.395535], [31.060068, 66.39562], [31.059768, 66.395964], [31.059467, 66.396221], [31.05921, 66.396372], [31.058952, 66.396608], [31.058952, 66.396715], [31.05803, 66.397766], [31.056141, 66.399547], [31.055841, 66.399912], [31.055219, 66.40047], [31.05436, 66.401393], [31.054081, 66.401607], [31.053674, 66.402015], [31.053502, 66.402251], [31.05318, 66.402551], [31.053137, 66.402659], [31.052365, 66.403302], [31.051914, 66.403839], [31.051871, 66.403946], [31.051592, 66.404118], [31.05112, 66.404676], [31.050584, 66.405148], [31.050412, 66.405448], [31.050069, 66.405727], [31.049296, 66.406049], [31.04876, 66.406199], [31.047773, 66.406392], [31.046614, 66.406693], [31.040434, 66.407615], [31.039855, 66.40783], [31.039791, 66.408044], [31.039919, 66.408259], [31.040413, 66.408624], [31.041657, 66.409332], [31.04228, 66.409589], [31.042838, 66.409933], [31.043395, 66.410212], [31.043739, 66.410469], [31.044211, 66.410684], [31.045048, 66.411199], [31.045498, 66.411392], [31.047387, 66.412422], [31.04773, 66.412658], [31.048738, 66.413151], [31.049146, 66.413409], [31.049253, 66.413538], [31.049554, 66.413623], [31.049575, 66.413666], [31.049897, 66.413795], [31.05112, 66.414503], [31.051764, 66.414782], [31.052043, 66.414889], [31.052408, 66.414975], [31.053008, 66.415233], [31.054124, 66.415576], [31.056442, 66.416392], [31.059017, 66.417379], [31.062042, 66.417936], [31.062858, 66.418237], [31.063566, 66.418559], [31.064317, 66.418795], [31.064767, 66.419009], [31.066119, 66.419481], [31.066913, 66.419696], [31.067686, 66.420018], [31.069445, 66.42064], [31.070711, 66.421155], [31.072728, 66.421756], [31.0732, 66.421928], [31.074316, 66.422228], [31.075003, 66.422335], [31.076075, 66.422593], [31.076397, 66.4227], [31.077749, 66.423], [31.078135, 66.423129], [31.080582, 66.423687], [31.081869, 66.42373], [31.084015, 66.423494], [31.088693, 66.423151], [31.089465, 66.423151], [31.090002, 66.423108], [31.09086, 66.423151], [31.09131, 66.423258], [31.091611, 66.423387], [31.09189, 66.423623], [31.092812, 66.424202], [31.093349, 66.424674], [31.093778, 66.424889], [31.094357, 66.425082], [31.094937, 66.425211], [31.096053, 66.425254], [31.09616, 66.425275], [31.096117, 66.425339], [31.097168, 66.425447], [31.099979, 66.425575], [31.10058, 66.425661], [31.101138, 66.425833], [31.101546, 66.426047], [31.101696, 66.42609], [31.101825, 66.426219], [31.101975, 66.426284], [31.102147, 66.426455], [31.102662, 66.42682], [31.102833, 66.42697], [31.103112, 66.427378], [31.103005, 66.427507], [31.102983, 66.427893], [31.103005, 66.428172], [31.102876, 66.428537], [31.102833, 66.428579], [31.102833, 66.428794], [31.102747, 66.42903], [31.102769, 66.429245], [31.10264, 66.429524], [31.102554, 66.429974], [31.102426, 66.430232], [31.101567, 66.430682], [31.100795, 66.43094], [31.100237, 66.431176], [31.099357, 66.431712], [31.099228, 66.431905], [31.09867, 66.432463], [31.09867, 66.432528], [31.098284, 66.432807], [31.097834, 66.433236], [31.097791, 66.433365], [31.097576, 66.433622], [31.097576, 66.434051], [31.097769, 66.434609], [31.098434, 66.435575], [31.098585, 66.435918], [31.098864, 66.436326], [31.098885, 66.436433], [31.099121, 66.436776], [31.099228, 66.436819], [31.09925, 66.436927], [31.099486, 66.437334], [31.099572, 66.437549], [31.10043, 66.438729], [31.100666, 66.439158], [31.100838, 66.439394], [31.100966, 66.439501], [31.101074, 66.43978], [31.101331, 66.440188], [31.101546, 66.440403], [31.101825, 66.440531], [31.103627, 66.441068], [31.105086, 66.441433], [31.105709, 66.441669], [31.107683, 66.442227], [31.108219, 66.44242], [31.108326, 66.44242], [31.109635, 66.442784], [31.1103, 66.443128], [31.111309, 66.443986], [31.111502, 66.444093], [31.111803, 66.444351], [31.111953, 66.444501], [31.112039, 66.444716], [31.112146, 66.445338], [31.112318, 66.445767], [31.112339, 66.446239], [31.112382, 66.446432], [31.112296, 66.446582], [31.112017, 66.446818], [31.111416, 66.447548], [31.111395, 66.447677], [31.111524, 66.44787], [31.111953, 66.44802], [31.113455, 66.448385], [31.118433, 66.449393], [31.119291, 66.449608], [31.122252, 66.450166], [31.124269, 66.450638], [31.124656, 66.450788], [31.125535, 66.451389], [31.12605, 66.451689], [31.12693, 66.452312], [31.127445, 66.452548], [31.1309, 66.45302], [31.131951, 66.453234], [31.13281, 66.45332], [31.133904, 66.453513], [31.135234, 66.453685], [31.13635, 66.4539], [31.13708, 66.453985], [31.138303, 66.4542], [31.139225, 66.454221], [31.140084, 66.454178], [31.143023, 66.454157], [31.143517, 66.454114], [31.144461, 66.454136], [31.145276, 66.454093], [31.146049, 66.454157], [31.1465, 66.454307], [31.146779, 66.454457], [31.146972, 66.454629], [31.147401, 66.45523], [31.147487, 66.455466], [31.147572, 66.455573], [31.147916, 66.455917], [31.148066, 66.456002], [31.14813, 66.456174], [31.149117, 66.456968], [31.149246, 66.457097], [31.149418, 66.457354], [31.149482, 66.457483], [31.149504, 66.457676], [31.149375, 66.458062], [31.149396, 66.45847], [31.149761, 66.459006], [31.15004, 66.459307], [31.15004, 66.459393], [31.150233, 66.459629], [31.150426, 66.460036], [31.150577, 66.460187], [31.150984, 66.460787], [31.151006, 66.460873], [31.150941, 66.461152], [31.150619, 66.461732], [31.150534, 66.461796], [31.150255, 66.462375], [31.15019, 66.46259], [31.150255, 66.462697], [31.150684, 66.462976], [31.151499, 66.463234], [31.152379, 66.463384], [31.154482, 66.463663], [31.15519, 66.463899], [31.155383, 66.464028], [31.155641, 66.464349], [31.155812, 66.464671], [31.155791, 66.464757], [31.155855, 66.464907], [31.156005, 66.465079], [31.156542, 66.466216], [31.156713, 66.466667], [31.156928, 66.466903], [31.157486, 66.467353], [31.157722, 66.46759], [31.157979, 66.467761], [31.158173, 66.467976], [31.15873, 66.468448], [31.158988, 66.468727], [31.159675, 66.469242], [31.159996, 66.469585], [31.160404, 66.469864], [31.161198, 66.470529], [31.161434, 66.470679], [31.162786, 66.471216], [31.163773, 66.471516], [31.164181, 66.471624], [31.164352, 66.471624], [31.164803, 66.471752], [31.165039, 66.471903], [31.166648, 66.472396], [31.167142, 66.472632], [31.168193, 66.473233], [31.168687, 66.473576], [31.168794, 66.473726], [31.168837, 66.473812], [31.168773, 66.473898], [31.168644, 66.474413], [31.168429, 66.474649], [31.168365, 66.474778], [31.16815, 66.474971], [31.168129, 66.475078], [31.167871, 66.475443], [31.167829, 66.475615], [31.167678, 66.475872], [31.167356, 66.476237], [31.166799, 66.477074], [31.166241, 66.47776], [31.166005, 66.478297], [31.165833, 66.478469], [31.164975, 66.47967], [31.164824, 66.479777], [31.164674, 66.479949], [31.164524, 66.480314], [31.164352, 66.480593], [31.164095, 66.480915], [31.163945, 66.481215], [31.16358, 66.481666], [31.163516, 66.481837], [31.163279, 66.482138], [31.163129, 66.482417], [31.163151, 66.482846], [31.163237, 66.483018], [31.163215, 66.483168], [31.163387, 66.483447], [31.16343, 66.483597], [31.163752, 66.484198], [31.163837, 66.484477], [31.164202, 66.484906], [31.164267, 66.485163], [31.164224, 66.485485], [31.164052, 66.485786], [31.163451, 66.486344], [31.163365, 66.486537], [31.163365, 66.486687], [31.163408, 66.486751], [31.163408, 66.48688], [31.163516, 66.48703], [31.163516, 66.487159], [31.163623, 66.487438], [31.163923, 66.487931], [31.164224, 66.488768], [31.164481, 66.489133], [31.164503, 66.48924], [31.165039, 66.490163], [31.165339, 66.490978], [31.16549, 66.491644], [31.165468, 66.491858], [31.165554, 66.492588], [31.165468, 66.49306], [31.165511, 66.493146], [31.165533, 66.493489], [31.165618, 66.493661], [31.165704, 66.493746], [31.166455, 66.494176], [31.166927, 66.494369], [31.167657, 66.494755], [31.168494, 66.494948], [31.168816, 66.494948], [31.170167, 66.494776], [31.172249, 66.494369], [31.173622, 66.494154], [31.174352, 66.49409], [31.174738, 66.494111], [31.175253, 66.494218], [31.178193, 66.495184], [31.179673, 66.495549], [31.180961, 66.495699], [31.181948, 66.495978], [31.183021, 66.496407], [31.183793, 66.496793], [31.184329, 66.497223], [31.184651, 66.497566], [31.185059, 66.497866], [31.185145, 66.498467], [31.18493, 66.499089], [31.18478, 66.499325], [31.184737, 66.499454], [31.18478, 66.500076], [31.184887, 66.500398], [31.185038, 66.500634], [31.185209, 66.500699], [31.18508, 66.500677], [31.185295, 66.501021], [31.185488, 66.501235], [31.185789, 66.501428], [31.186947, 66.501857], [31.187784, 66.502051], [31.188471, 66.502158], [31.188664, 66.502158], [31.191732, 66.502651], [31.192183, 66.50278], [31.192419, 66.502973], [31.192612, 66.503209], [31.192698, 66.503402], [31.192955, 66.503553], [31.1945, 66.504175], [31.195509, 66.504668], [31.196517, 66.505033], [31.197032, 66.505183], [31.199028, 66.506106], [31.1998, 66.506385], [31.200337, 66.506642], [31.201732, 66.507179], [31.202418, 66.507394], [31.203105, 66.507501], [31.204049, 66.507737], [31.207911, 66.508531], [31.208898, 66.508681], [31.212203, 66.509003], [31.213211, 66.509153], [31.214799, 66.50926], [31.215679, 66.509411], [31.225893, 66.51044], [31.226901, 66.510591], [31.229176, 66.510784], [31.230549, 66.510998], [31.234583, 66.51147], [31.236536, 66.511771], [31.23703, 66.511814], [31.238253, 66.512093], [31.240141, 66.512629], [31.2413, 66.513037], [31.242845, 66.513487], [31.245527, 66.51441], [31.246213, 66.514539], [31.246621, 66.514711], [31.247222, 66.514839], [31.248316, 66.51514], [31.249024, 66.515268], [31.249861, 66.515354], [31.251556, 66.515462], [31.25514, 66.515783], [31.256148, 66.515826], [31.256706, 66.515891], [31.2575, 66.516062], [31.259946, 66.516728], [31.262307, 66.517264], [31.263036, 66.5175], [31.265826, 66.518251], [31.267285, 66.518551], [31.267886, 66.518723], [31.268508, 66.51883], [31.268765, 66.51883], [31.269624, 66.519002], [31.270847, 66.519152], [31.272392, 66.51926], [31.274495, 66.519496], [31.276555, 66.519624], [31.278078, 66.519839], [31.280353, 66.520032], [31.282541, 66.52029], [31.283743, 66.520354], [31.28385, 66.520418], [31.287605, 66.52074], [31.288142, 66.520826], [31.289858, 66.521212], [31.290416, 66.521384], [31.291275, 66.521813], [31.292927, 66.522564], [31.294, 66.523143], [31.295566, 66.523852], [31.296875, 66.524538], [31.297411, 66.524731], [31.297905, 66.52501], [31.298398, 66.525482], [31.298613, 66.525633], [31.298699, 66.525761], [31.299021, 66.525997], [31.299664, 66.526598], [31.300029, 66.526834], [31.300351, 66.527156], [31.300566, 66.527456], [31.301145, 66.527929], [31.301102, 66.528014], [31.301252, 66.528207], [31.301403, 66.528508], [31.301574, 66.52868], [31.301896, 66.529237], [31.302154, 66.529452], [31.302175, 66.529624], [31.302261, 66.529731], [31.302261, 66.529838], [31.302518, 66.530182], [31.302797, 66.530461], [31.302797, 66.530589], [31.302905, 66.530782], [31.303291, 66.531212], [31.303548, 66.531383], [31.303806, 66.531469], [31.304278, 66.531748], [31.3046, 66.532027], [31.304664, 66.532134], [31.304664, 66.53237], [31.304793, 66.532585], [31.304965, 66.533121], [31.305158, 66.533465], [31.305265, 66.533572], [31.306917, 66.534387], [31.308505, 66.535224], [31.308956, 66.535396], [31.309556, 66.535525], [31.31005, 66.535525], [31.313462, 66.535761], [31.314191, 66.535932], [31.315951, 66.536469], [31.316101, 66.536554], [31.317496, 66.537048], [31.318504, 66.53737], [31.319084, 66.53767], [31.320672, 66.538743], [31.320929, 66.539086], [31.321423, 66.539494], [31.321916, 66.540052], [31.322302, 66.540374], [31.323096, 66.541211], [31.32404, 66.541897], [31.324148, 66.542112], [31.324384, 66.542348], [31.324856, 66.542713], [31.324942, 66.542927], [31.3261, 66.544], [31.326251, 66.544258], [31.326251, 66.544429], [31.326165, 66.544623], [31.325607, 66.545266], [31.325414, 66.545567], [31.325392, 66.545695], [31.32565, 66.546318], [31.325864, 66.546704], [31.325864, 66.54679], [31.32595, 66.547026], [31.325864, 66.547326], [31.325907, 66.547412], [31.325778, 66.547434], [31.325542, 66.547562], [31.324577, 66.547863], [31.324255, 66.548056], [31.324019, 66.548421], [31.32404, 66.548614], [31.324148, 66.548785], [31.324405, 66.549021], [31.324791, 66.549172], [31.326079, 66.549322], [31.327924, 66.549429], [31.328546, 66.549558], [31.328933, 66.549729], [31.329083, 66.549837], [31.329104, 66.549966], [31.329061, 66.550116], [31.328847, 66.550309], [31.327753, 66.550867], [31.327517, 66.55121], [31.327774, 66.552455], [31.327753, 66.552648], [31.327838, 66.553098], [31.327838, 66.553528], [31.327989, 66.554171], [31.32801, 66.554557], [31.328096, 66.554772], [31.328117, 66.555695], [31.32816, 66.555823], [31.328117, 66.555866], [31.328117, 66.556038], [31.328053, 66.556188], [31.328096, 66.55636], [31.328053, 66.556467], [31.328096, 66.556639], [31.327946, 66.557089], [31.327946, 66.55724], [31.327881, 66.557304], [31.327774, 66.558077], [31.327645, 66.558549], [31.327538, 66.558634], [31.327366, 66.558978], [31.327302, 66.559021], [31.327152, 66.559385], [31.327002, 66.559428], [31.326916, 66.559557], [31.326873, 66.559772], [31.326444, 66.560437], [31.326379, 66.560673], [31.326143, 66.561059], [31.326143, 66.561145], [31.326229, 66.561338], [31.326422, 66.561596], [31.326894, 66.561832], [31.327753, 66.562153], [31.331229, 66.563741], [31.332581, 66.564299], [31.333718, 66.564557], [31.334362, 66.56475], [31.334555, 66.564857], [31.334941, 66.565308], [31.335091, 66.565415], [31.335306, 66.565758], [31.335456, 66.565887], [31.335628, 66.566188], [31.335499, 66.566359], [31.335413, 66.566424], [31.334812, 66.566617], [31.333804, 66.566788], [31.333246, 66.566981], [31.333096, 66.567067], [31.332967, 66.567175], [31.332709, 66.567496], [31.332538, 66.56784], [31.332516, 66.568076], [31.332795, 66.568183], [31.333096, 66.568247], [31.336722, 66.568591], [31.336979, 66.568655], [31.33816, 66.568827], [31.33876, 66.56902], [31.339426, 66.56932], [31.339554, 66.569428], [31.340112, 66.569664], [31.340799, 66.57005], [31.341357, 66.570264], [31.341786, 66.570543], [31.342279, 66.570737], [31.342473, 66.570865], [31.342773, 66.571187], [31.342773, 66.571359], [31.342837, 66.571616], [31.342902, 66.571724], [31.34288, 66.571767], [31.342945, 66.572196], [31.343009, 66.572367], [31.342987, 66.572475], [31.34288, 66.572646], [31.342666, 66.572839], [31.341893, 66.573183], [31.340606, 66.573633], [31.339855, 66.573977], [31.337194, 66.574985], [31.336143, 66.575307], [31.335585, 66.575565], [31.335241, 66.575736], [31.335091, 66.575929], [31.334919, 66.576037], [31.334726, 66.576251], [31.333482, 66.576959], [31.333117, 66.577324], [31.332344, 66.577861], [31.33183, 66.578268], [31.331658, 66.578354], [31.331293, 66.578719], [31.330285, 66.579491], [31.32992, 66.579813], [31.329362, 66.580221], [31.328997, 66.580435], [31.328353, 66.58095], [31.327538, 66.58153], [31.327345, 66.581744], [31.326937, 66.582023], [31.326658, 66.582302], [31.325778, 66.582925], [31.32447, 66.584019], [31.323676, 66.584555], [31.322474, 66.585521], [31.322216, 66.585693], [31.320865, 66.586851], [31.319813, 66.587538], [31.319599, 66.587752], [31.319255, 66.587967], [31.319019, 66.58816], [31.318848, 66.588375], [31.317646, 66.58919], [31.317582, 66.589276], [31.317067, 66.589662], [31.316423, 66.59022], [31.314856, 66.591357], [31.313483, 66.592409], [31.313312, 66.592602], [31.312968, 66.592838], [31.312947, 66.592902], [31.31241, 66.593267], [31.312153, 66.593525], [31.311659, 66.593846], [31.311058, 66.594361], [31.310822, 66.594447], [31.310543, 66.594705], [31.309986, 66.595112], [31.308741, 66.596142], [31.308033, 66.596657], [31.307303, 66.59728], [31.306359, 66.597988], [31.305909, 66.598267], [31.30578, 66.598417], [31.305608, 66.598503], [31.305479, 66.598674], [31.305093, 66.598953], [31.304986, 66.599104], [31.304707, 66.599662], [31.304728, 66.600176], [31.304879, 66.600498], [31.305437, 66.601271], [31.305694, 66.601829], [31.305973, 66.602215], [31.30608, 66.60243], [31.306295, 66.602644], [31.306445, 66.603009], [31.306681, 66.603331], [31.306939, 66.603824], [31.307303, 66.604339], [31.307625, 66.604919], [31.307904, 66.605283], [31.307926, 66.605498], [31.308033, 66.605519], [31.308226, 66.605734], [31.308269, 66.60582], [31.308248, 66.605992], [31.308333, 66.606077], [31.308441, 66.606335], [31.308526, 66.606399], [31.308956, 66.607236], [31.30917, 66.607472], [31.309256, 66.60773], [31.309385, 66.607858], [31.309449, 66.608245], [31.309642, 66.608802], [31.30975, 66.60891], [31.309835, 66.60906], [31.31035, 66.609553], [31.310994, 66.610433], [31.31108, 66.610583], [31.311058, 66.610648], [31.311466, 66.611334], [31.311681, 66.611549], [31.311895, 66.611892], [31.312088, 66.612429], [31.312282, 66.612729], [31.312475, 66.612944], [31.312582, 66.613137], [31.312668, 66.613394], [31.312904, 66.613781], [31.313226, 66.614188], [31.313462, 66.614553], [31.313526, 66.614746], [31.313805, 66.615111], [31.313869, 66.615347], [31.314127, 66.615733], [31.31462, 66.616613], [31.315114, 66.6173], [31.31535, 66.617729], [31.315543, 66.617943], [31.315586, 66.618072], [31.316144, 66.618394], [31.317002, 66.618587], [31.318826, 66.618866], [31.319556, 66.619102], [31.319878, 66.619317], [31.320006, 66.61981], [31.320199, 66.619982], [31.320629, 66.620111], [31.321036, 66.620175], [31.321744, 66.620433], [31.322624, 66.62099], [31.32477, 66.621956], [31.325199, 66.622085], [31.326079, 66.622471], [31.326208, 66.622514], [31.326336, 66.622492], [31.326594, 66.622686], [31.326701, 66.622836], [31.32683, 66.623179], [31.327366, 66.624123], [31.32771, 66.624617], [31.327903, 66.62481], [31.328074, 66.625046], [31.328697, 66.625668], [31.328761, 66.625818], [31.329061, 66.625947], [31.331207, 66.627127], [31.331551, 66.627363], [31.331808, 66.627492], [31.332259, 66.627857], [31.333203, 66.629101], [31.333417, 66.629488], [31.333975, 66.630174], [31.33419, 66.630367], [31.334362, 66.630475], [31.335949, 66.631183], [31.337258, 66.631719], [31.338675, 66.632384], [31.33964, 66.632771], [31.340112, 66.633007], [31.340692, 66.633243], [31.34155, 66.633736], [31.34273, 66.634723], [31.343996, 66.635689], [31.344468, 66.636097], [31.344661, 66.636311], [31.344983, 66.636504], [31.345069, 66.636633], [31.345391, 66.636869], [31.34582, 66.637255], [31.347258, 66.638307], [31.347665, 66.638564], [31.348202, 66.6388], [31.348631, 66.639058], [31.350455, 66.639744], [31.351098, 66.640045], [31.351206, 66.640152], [31.351871, 66.640453], [31.352214, 66.64056], [31.35245, 66.640774], [31.354811, 66.642234], [31.355433, 66.642813], [31.356055, 66.643736], [31.356313, 66.643972], [31.356956, 66.644379], [31.358222, 66.644937], [31.359338, 66.645345], [31.359939, 66.645474], [31.360025, 66.645559], [31.360304, 66.645645], [31.361098, 66.64601], [31.362364, 66.64674], [31.363565, 66.647512], [31.363952, 66.647813], [31.36451, 66.648606], [31.364746, 66.649229], [31.365067, 66.649722], [31.365218, 66.650108], [31.365282, 66.650151], [31.365261, 66.650216], [31.365411, 66.650409], [31.365454, 66.650581], [31.365518, 66.650645], [31.365625, 66.650924], [31.365797, 66.651181], [31.366054, 66.651718], [31.366054, 66.651847], [31.366248, 66.652083], [31.366312, 66.652297], [31.366441, 66.652426], [31.366634, 66.652769], [31.366806, 66.653177], [31.367299, 66.65367], [31.367492, 66.653842], [31.367986, 66.6541], [31.368737, 66.654636], [31.370367, 66.65558], [31.370947, 66.655988], [31.371633, 66.656353], [31.37232, 66.656782], [31.372642, 66.656932], [31.37468, 66.658219], [31.374938, 66.658348], [31.37541, 66.65867], [31.375796, 66.658863], [31.377191, 66.659786], [31.377406, 66.65985], [31.377577, 66.659958], [31.378328, 66.660623], [31.378414, 66.660773], [31.378607, 66.660923], [31.378757, 66.661159], [31.379079, 66.66146], [31.379294, 66.661717], [31.379809, 66.662103], [31.380281, 66.662532], [31.380753, 66.662769], [31.381311, 66.662919], [31.382727, 66.663133], [31.384723, 66.663348], [31.385366, 66.663455], [31.386568, 66.663798], [31.38704, 66.663884], [31.387941, 66.664142], [31.389508, 66.664635], [31.389701, 66.664743], [31.38998, 66.664828], [31.390387, 66.665064], [31.39086, 66.665236], [31.39101, 66.665365], [31.391568, 66.665515], [31.393778, 66.666481], [31.394014, 66.666652], [31.394314, 66.66676], [31.394615, 66.666974], [31.394808, 66.667189], [31.395537, 66.667768], [31.395623, 66.667918], [31.396031, 66.668219], [31.396546, 66.668734], [31.396868, 66.668927], [31.397018, 66.669099], [31.397576, 66.669399], [31.398391, 66.669742], [31.398842, 66.669871], [31.400601, 66.670536], [31.401181, 66.670686], [31.403069, 66.671416], [31.403992, 66.671716], [31.40455, 66.671952], [31.404893, 66.672017], [31.406309, 66.67251], [31.408133, 66.673025], [31.409978, 66.673669], [31.410214, 66.673884], [31.410257, 66.674077], [31.4103, 66.67412], [31.410365, 66.674441], [31.410558, 66.674763], [31.410579, 66.675021], [31.410644, 66.675193], [31.410558, 66.675364], [31.410751, 66.675815], [31.411244, 66.676287], [31.411459, 66.676394], [31.412467, 66.676737], [31.414227, 66.677531], [31.415085, 66.677853], [31.415772, 66.678218], [31.416265, 66.678368], [31.417081, 66.678733], [31.417295, 66.678754], [31.418046, 66.679055], [31.41854, 66.679334], [31.419098, 66.67957], [31.419441, 66.679677], [31.420278, 66.680106], [31.421351, 66.680471], [31.421694, 66.680643], [31.424205, 66.681415], [31.425578, 66.681909], [31.4256, 66.681995], [31.424698, 66.682467], [31.424441, 66.682703], [31.42399, 66.682982], [31.423304, 66.683282], [31.420965, 66.684055], [31.420385, 66.684312], [31.419162, 66.684655], [31.418304, 66.685042], [31.418154, 66.685149], [31.417939, 66.685385], [31.417853, 66.685664], [31.417875, 66.685857], [31.418197, 66.686179], [31.419227, 66.686608], [31.420106, 66.687037], [31.421072, 66.687445], [31.422424, 66.688196], [31.423604, 66.688689], [31.424076, 66.68899], [31.424419, 66.68929], [31.425235, 66.690191], [31.426436, 66.691693], [31.426479, 66.691801], [31.426436, 66.691994], [31.426093, 66.692444], [31.426072, 66.692552], [31.425685, 66.692938], [31.425406, 66.693668], [31.425278, 66.693796], [31.425127, 66.694354], [31.424977, 66.694633], [31.424999, 66.694805], [31.425085, 66.694998], [31.425085, 66.695105], [31.425385, 66.695556], [31.425449, 66.695792], [31.425428, 66.695985], [31.425342, 66.696264], [31.425235, 66.696479], [31.425235, 66.696629], [31.425106, 66.696865], [31.424913, 66.697637], [31.424763, 66.697916], [31.424655, 66.698667], [31.424591, 66.698882], [31.424612, 66.699053], [31.424849, 66.699289], [31.425192, 66.699504], [31.4256, 66.699654], [31.426372, 66.699869], [31.428153, 66.700277], [31.429848, 66.700448], [31.431114, 66.70047], [31.432552, 66.700405], [31.435728, 66.700148], [31.438045, 66.700083], [31.441457, 66.700277], [31.444118, 66.700513], [31.445941, 66.700598], [31.446886, 66.700792], [31.448109, 66.701264], [31.448731, 66.701457], [31.449911, 66.701993], [31.450877, 66.702487], [31.4521, 66.703259], [31.452658, 66.703753], [31.45313, 66.704396], [31.453645, 66.705276], [31.454052, 66.705877], [31.454524, 66.706456], [31.455426, 66.7074], [31.455962, 66.708259], [31.45622, 66.708538], [31.456627, 66.709117], [31.457486, 66.709847], [31.45785, 66.710104], [31.460468, 66.711542], [31.461155, 66.711864], [31.462099, 66.712228], [31.463494, 66.712572], [31.464889, 66.712679], [31.467142, 66.712915], [31.468214, 66.713173], [31.468965, 66.71343], [31.470425, 66.714031], [31.472141, 66.714653], [31.473021, 66.715104], [31.473493, 66.715404], [31.473858, 66.715726], [31.474266, 66.715962], [31.474673, 66.71637], [31.475124, 66.716756], [31.475617, 66.717099], [31.476325, 66.717507], [31.47684, 66.7177], [31.479887, 66.71828], [31.480574, 66.718494], [31.480939, 66.718666], [31.481389, 66.719031], [31.481733, 66.71946], [31.481947, 66.719653], [31.482076, 66.719846], [31.482312, 66.720018], [31.482591, 66.720382], [31.482956, 66.720747], [31.483299, 66.721198], [31.483879, 66.721756], [31.484115, 66.722056], [31.484115, 66.722399], [31.483943, 66.723022], [31.483836, 66.723236], [31.483836, 66.723386], [31.483643, 66.724116], [31.4836, 66.724545], [31.483643, 66.724931], [31.483514, 66.725725], [31.483449, 66.725854], [31.483128, 66.726154], [31.481347, 66.727292], [31.480982, 66.727635], [31.480896, 66.727807], [31.480896, 66.728064], [31.481003, 66.728279], [31.481153, 66.728408], [31.481411, 66.728536], [31.481711, 66.728772], [31.481926, 66.728794], [31.481668, 66.728772], [31.481819, 66.728751], [31.481947, 66.728794], [31.48272, 66.729137], [31.483364, 66.729545], [31.484265, 66.730682], [31.484351, 66.730875], [31.484909, 66.731712], [31.485316, 66.732399], [31.485466, 66.732806], [31.485445, 66.733042], [31.485509, 66.73345], [31.485509, 66.733751], [31.485681, 66.734351], [31.485767, 66.734523], [31.48581, 66.734909], [31.485724, 66.73521], [31.485466, 66.735596], [31.485402, 66.735853], [31.485316, 66.736025], [31.485402, 66.73639], [31.48611, 66.737227], [31.486282, 66.737484], [31.486368, 66.737742], [31.486282, 66.738149], [31.486046, 66.738621], [31.485896, 66.739093], [31.485681, 66.73948], [31.48566, 66.739651], [31.484866, 66.740681], [31.484286, 66.741304], [31.484072, 66.741668], [31.483836, 66.741883], [31.483707, 66.742055], [31.483578, 66.742312], [31.483428, 66.742441], [31.483192, 66.742763], [31.48317, 66.742913], [31.482934, 66.743535], [31.482741, 66.743857], [31.482398, 66.744908], [31.482398, 66.745166], [31.482527, 66.745509], [31.48287, 66.745917], [31.483063, 66.746196], [31.483085, 66.746303], [31.483407, 66.746668], [31.483793, 66.746968], [31.484415, 66.747312], [31.484587, 66.747483], [31.484737, 66.747548], [31.484866, 66.747677], [31.485531, 66.747998], [31.487848, 66.748835], [31.488063, 66.748943], [31.488385, 66.749179], [31.488428, 66.749307], [31.488449, 66.749715], [31.488299, 66.750144], [31.488342, 66.750402], [31.4892, 66.751818], [31.489415, 66.75244], [31.489586, 66.752805], [31.489715, 66.752955], [31.489758, 66.753213], [31.490015, 66.753663], [31.490101, 66.753942], [31.490402, 66.754586], [31.49053, 66.754779], [31.490809, 66.755058], [31.491153, 66.75523], [31.491732, 66.755423], [31.493878, 66.755809], [31.494951, 66.755959], [31.499371, 66.756753], [31.500422, 66.757161], [31.502461, 66.758105], [31.502718, 66.758298], [31.502997, 66.758706], [31.503448, 66.759113], [31.504328, 66.7595], [31.505122, 66.759779], [31.506559, 66.760058], [31.507439, 66.760186], [31.508083, 66.760337], [31.508619, 66.76053], [31.509091, 66.760744], [31.509649, 66.76113], [31.509821, 66.761367], [31.509842, 66.761667], [31.509993, 66.761989], [31.510229, 66.762096], [31.510229, 66.76216], [31.510615, 66.762439], [31.511087, 66.762997], [31.511516, 66.763384], [31.511902, 66.763791], [31.511924, 66.763856], [31.511816, 66.76407], [31.511452, 66.764349], [31.509499, 66.765358], [31.508791, 66.765637], [31.508319, 66.765765], [31.506602, 66.76613], [31.504478, 66.766345], [31.503942, 66.766431], [31.503362, 66.766688], [31.502761, 66.767117], [31.502375, 66.767332], [31.501839, 66.767503], [31.501259, 66.767739], [31.500101, 66.768061], [31.498041, 66.768405], [31.497354, 66.768555], [31.496732, 66.76892], [31.496539, 66.769199], [31.49641, 66.769671], [31.496367, 66.77025], [31.496281, 66.770508], [31.496195, 66.770615], [31.495938, 66.770744], [31.495616, 66.77098], [31.494801, 66.771323], [31.494436, 66.771537], [31.493363, 66.772031], [31.493062, 66.772224], [31.492204, 66.77261], [31.491539, 66.772975], [31.49141, 66.773125], [31.491453, 66.773404], [31.491646, 66.77364], [31.492097, 66.773898], [31.492376, 66.774112], [31.493513, 66.774756], [31.494586, 66.775293], [31.494801, 66.775464], [31.495573, 66.775936], [31.495809, 66.776237], [31.495873, 66.776494], [31.495702, 66.777202], [31.495702, 66.777352], [31.495766, 66.777717], [31.495745, 66.777803], [31.495895, 66.778018], [31.496345, 66.77834], [31.497075, 66.778704], [31.49832, 66.779541], [31.499371, 66.780078], [31.499564, 66.780228], [31.499714, 66.780464], [31.499736, 66.780571], [31.499693, 66.780743], [31.499586, 66.780914], [31.498856, 66.781429], [31.498341, 66.781665], [31.497375, 66.782202], [31.496109, 66.782781], [31.494908, 66.783446], [31.494286, 66.783833], [31.491882, 66.785099], [31.490166, 66.786172], [31.48935, 66.786772], [31.488921, 66.78733], [31.488707, 66.787717], [31.488749, 66.787931], [31.488728, 66.788103], [31.488578, 66.788425], [31.488492, 66.788768], [31.488385, 66.789476], [31.488406, 66.789819], [31.488385, 66.790013], [31.488428, 66.790227], [31.488385, 66.791107], [31.488406, 66.791429], [31.488363, 66.791493], [31.488385, 66.791643], [31.488342, 66.79203], [31.488385, 66.792566], [31.488363, 66.792759], [31.488277, 66.792974], [31.488149, 66.793124], [31.487634, 66.793446], [31.486368, 66.793682], [31.484715, 66.793896], [31.483685, 66.794089], [31.479351, 66.794626], [31.473858, 66.795355], [31.472871, 66.795527], [31.470317, 66.795828], [31.468279, 66.796107], [31.466348, 66.796471], [31.463472, 66.797115], [31.461777, 66.797437], [31.460726, 66.797716], [31.45755, 66.79836], [31.454095, 66.799153], [31.452229, 66.79954], [31.450319, 66.79999], [31.449804, 66.800141], [31.447916, 66.801063], [31.446864, 66.801664], [31.445126, 66.802479], [31.442809, 66.80366], [31.442444, 66.803917], [31.442229, 66.804303], [31.442358, 66.804947], [31.442294, 66.805269], [31.442186, 66.805441], [31.441864, 66.805762], [31.441349, 66.806041], [31.440169, 66.806513], [31.439526, 66.806685], [31.438946, 66.8069], [31.437144, 66.80735], [31.435663, 66.807801], [31.433732, 66.808252], [31.431457, 66.808573], [31.430342, 66.808681], [31.428432, 66.808981], [31.427102, 66.809131], [31.426694, 66.809217], [31.426286, 66.809367], [31.425106, 66.80999], [31.423218, 66.81117], [31.422188, 66.811728], [31.422038, 66.811856], [31.421222, 66.81235], [31.420836, 66.812543], [31.418926, 66.81368], [31.416952, 66.814474], [31.416501, 66.81456], [31.41457, 66.814796], [31.413648, 66.815011], [31.413004, 66.815268], [31.410064, 66.816577], [31.409764, 66.816663], [31.40809, 66.816942], [31.407446, 66.817092], [31.406052, 66.817307], [31.405215, 66.817393], [31.402962, 66.817435], [31.401352, 66.817564], [31.400408, 66.817779], [31.399378, 66.818079], [31.39852, 66.818401], [31.398134, 66.81868], [31.397554, 66.819324], [31.397039, 66.819796], [31.396675, 66.820203], [31.396632, 66.820482], [31.396696, 66.82059], [31.397147, 66.820804], [31.398155, 66.821105], [31.398692, 66.821384], [31.399679, 66.822113], [31.399786, 66.822371], [31.399743, 66.822542], [31.399528, 66.822886], [31.399421, 66.822993], [31.398713, 66.823422], [31.397576, 66.823894], [31.396203, 66.824087], [31.394121, 66.82413], [31.392426, 66.824302], [31.391375, 66.824538], [31.390731, 66.824795], [31.389465, 66.825375], [31.388692, 66.825611], [31.385109, 66.826233], [31.383693, 66.826576], [31.381354, 66.826898], [31.379466, 66.827349], [31.377427, 66.827563], [31.375496, 66.827671], [31.373028, 66.827907], [31.369702, 66.828078], [31.36908, 66.828143], [31.368651, 66.82825], [31.368093, 66.828465], [31.367664, 66.828701], [31.367235, 66.828872], [31.364338, 66.829795], [31.363866, 66.830031], [31.362299, 66.830696], [31.362085, 66.830825], [31.359488, 66.831919], [31.359338, 66.832027], [31.359016, 66.832349], [31.35818, 66.833443], [31.35715, 66.834687], [31.356656, 66.835353], [31.356377, 66.835632], [31.35569, 66.836082], [31.354446, 66.836554], [31.353759, 66.836855], [31.353502, 66.837005], [31.353309, 66.837241], [31.353201, 66.837284], [31.353094, 66.837498], [31.352879, 66.837756], [31.352815, 66.837992], [31.352558, 66.838292], [31.352407, 66.838636], [31.352214, 66.838872], [31.352086, 66.839215], [31.351978, 66.839365], [31.351828, 66.839687], [31.351764, 66.839945], [31.351227, 66.840588], [31.350991, 66.84076], [31.350154, 66.841103], [31.349854, 66.841146], [31.349232, 66.841361], [31.347429, 66.841854], [31.345863, 66.842434], [31.34449, 66.843034], [31.342837, 66.843635], [31.342344, 66.843893], [31.341893, 66.844043], [31.341614, 66.844215], [31.341249, 66.844365], [31.340584, 66.844708], [31.339576, 66.845352], [31.339125, 66.84576], [31.338331, 66.846961], [31.338181, 66.847476], [31.33816, 66.847755], [31.338202, 66.848056], [31.33816, 66.848163], [31.33816, 66.848356], [31.338052, 66.848613], [31.337387, 66.8496], [31.336657, 66.850437], [31.335906, 66.85151], [31.335391, 66.852132], [31.33449, 66.853441], [31.334276, 66.853892], [31.33419, 66.85415], [31.334125, 66.854493], [31.334168, 66.854579], [31.334125, 66.855029], [31.333997, 66.855308], [31.333954, 66.855909], [31.333589, 66.857754], [31.33346, 66.85799], [31.332945, 66.858441], [31.330907, 66.859578], [31.330134, 66.860115], [31.32904, 66.860737], [31.328825, 66.860909], [31.328353, 66.861123], [31.327989, 66.861338], [31.326744, 66.862132], [31.325414, 66.862904], [31.325199, 66.863119], [31.32462, 66.863398], [31.324362, 66.863612], [31.323955, 66.863848], [31.322281, 66.864406], [31.319856, 66.865029], [31.317989, 66.865565], [31.317775, 66.865672], [31.316273, 66.86623], [31.313161, 66.867282], [31.311402, 66.867775], [31.310157, 66.868054], [31.310093, 66.868097], [31.307368, 66.868827], [31.306874, 66.869041], [31.305887, 66.869835], [31.305115, 66.870329], [31.304879, 66.870543], [31.304664, 66.870865], [31.3046, 66.871037], [31.304621, 66.871123], [31.304578, 66.87123], [31.304621, 66.871809], [31.3046, 66.872002], [31.304664, 66.872625], [31.304578, 66.873097], [31.3046, 66.873182], [31.304256, 66.873912], [31.304085, 66.874127], [31.303806, 66.874663], [31.303634, 66.875157], [31.303634, 66.875285], [31.303677, 66.875457], [31.303763, 66.875607], [31.303999, 66.8758], [31.304428, 66.876015], [31.304814, 66.876315], [31.305158, 66.876809], [31.305286, 66.877066], [31.305394, 66.877453], [31.305329, 66.877731], [31.305222, 66.877946], [31.304922, 66.878311], [31.304836, 66.878483], [31.304793, 66.878697], [31.304943, 66.87904], [31.305093, 66.879212], [31.305179, 66.879405], [31.305286, 66.879491], [31.305437, 66.879813], [31.305415, 66.88007], [31.305265, 66.880264], [31.304965, 66.880521], [31.304299, 66.880864], [31.301188, 66.882066], [31.300115, 66.882581], [31.299836, 66.882838], [31.299686, 66.883074], [31.299579, 66.88316], [31.29945, 66.883568], [31.299686, 66.88389], [31.300823, 66.884984], [31.301596, 66.885821], [31.301467, 66.885821], [31.301596, 66.885821], [31.302325, 66.886529], [31.303226, 66.887516], [31.304771, 66.88904], [31.305029, 66.889404], [31.305458, 66.889769], [31.305694, 66.890113], [31.305673, 66.890392], [31.305608, 66.890542], [31.305437, 66.890628], [31.305072, 66.890928], [31.304492, 66.891293], [31.304385, 66.8914], [31.304106, 66.89155], [31.303892, 66.891765], [31.30357, 66.891958], [31.301381, 66.892838], [31.301081, 66.893117], [31.301124, 66.893288], [31.301274, 66.893546], [31.301639, 66.893911], [31.301853, 66.894061], [31.302411, 66.894297], [31.303226, 66.89449], [31.304149, 66.894833], [31.304707, 66.895219], [31.305372, 66.895906], [31.305608, 66.896099], [31.30593, 66.896292], [31.306123, 66.896507], [31.306123, 66.896593], [31.305994, 66.896893], [31.30563, 66.897258], [31.305522, 66.897451], [31.304922, 66.898009], [31.304385, 66.898846], [31.304171, 66.899275], [31.304213, 66.899532], [31.304342, 66.899726], [31.304857, 66.90009], [31.305909, 66.900648], [31.306681, 66.900992], [31.307539, 66.901292], [31.30917, 66.901657], [31.311681, 66.901957], [31.313161, 66.902408], [31.314363, 66.902708], [31.314856, 66.902923], [31.316015, 66.903266], [31.316444, 66.903438], [31.316895, 66.90376], [31.317174, 66.904082], [31.317195, 66.904318], [31.317431, 66.904768], [31.317388, 66.90494], [31.31741, 66.905047], [31.317496, 66.905176], [31.317517, 66.905369], [31.317689, 66.905777], [31.317667, 66.906034], [31.31771, 66.906292], [31.31756, 66.906614], [31.317431, 66.907214], [31.317088, 66.907536], [31.316831, 66.907708], [31.316423, 66.907944], [31.315693, 66.908287], [31.315414, 66.90848], [31.314706, 66.908802], [31.313977, 66.909231], [31.313247, 66.909553], [31.312496, 66.909811], [31.311702, 66.909961], [31.309792, 66.910476], [31.309428, 66.910669], [31.309256, 66.910969], [31.309213, 66.911184], [31.309385, 66.911527], [31.309599, 66.911699], [31.310007, 66.911914], [31.31035, 66.912171], [31.310543, 66.912235], [31.311402, 66.91275], [31.311616, 66.913008], [31.311659, 66.913137], [31.311616, 66.913265], [31.311488, 66.913394], [31.311166, 66.913587], [31.308891, 66.91466], [31.308248, 66.915068], [31.308226, 66.915154], [31.307368, 66.91569], [31.307196, 66.915905], [31.306788, 66.916141], [31.306467, 66.916441], [31.305651, 66.916956], [31.304836, 66.917578], [31.303076, 66.918716], [31.302647, 66.919102], [31.302432, 66.919402], [31.302196, 66.919982], [31.302154, 66.920304], [31.302325, 66.920668], [31.302475, 66.920819], [31.303076, 66.921076], [31.306445, 66.921827], [31.307904, 66.922213], [31.309878, 66.922664], [31.310973, 66.923007], [31.311702, 66.923372], [31.312153, 66.923758], [31.312475, 66.924209], [31.312646, 66.924359], [31.31314, 66.924659], [31.31447, 66.925153], [31.31668, 66.926097], [31.317903, 66.926505], [31.318461, 66.926548], [31.322839, 66.927299], [31.325736, 66.92805], [31.326229, 66.928264], [31.326336, 66.928372], [31.326422, 66.928522], [31.326487, 66.929037], [31.326422, 66.929166], [31.326508, 66.929895], [31.326572, 66.930045], [31.326594, 66.93026], [31.326572, 66.930453], [31.326637, 66.931161], [31.326594, 66.93144], [31.326529, 66.931612], [31.3261, 66.932019], [31.325736, 66.932449], [31.325499, 66.932642], [31.325306, 66.932899], [31.324834, 66.933393], [31.324384, 66.934036], [31.324255, 66.934144], [31.323461, 66.935538], [31.323289, 66.935989], [31.323289, 66.936075], [31.323633, 66.936976], [31.323826, 66.937341], [31.324062, 66.937598], [31.324105, 66.937727], [31.324491, 66.938135], [31.32462, 66.938221], [31.325499, 66.939079], [31.325736, 66.939358], [31.326036, 66.939594], [31.326615, 66.940152], [31.327066, 66.940495], [31.32771, 66.940774], [31.328868, 66.94116], [31.329233, 66.941332], [31.32977, 66.941461], [31.330327, 66.941675], [31.331036, 66.94189], [31.331186, 66.941976], [31.331572, 66.942105], [31.332817, 66.942727], [31.333804, 66.943006], [31.334362, 66.943113], [31.335048, 66.943156], [31.338911, 66.943113], [31.341721, 66.943521], [31.342923, 66.94395], [31.343631, 66.944293], [31.344254, 66.944679], [31.345198, 66.945109], [31.345992, 66.94528], [31.3467, 66.945366], [31.348309, 66.94543], [31.352343, 66.94528], [31.353845, 66.945302], [31.356677, 66.945538], [31.357343, 66.945624], [31.357965, 66.945752], [31.358351, 66.94586], [31.358952, 66.946117], [31.359252, 66.94631], [31.359617, 66.946654], [31.360068, 66.94689], [31.360626, 66.947083], [31.361634, 66.947297], [31.362664, 66.947684], [31.363072, 66.947898], [31.364016, 66.948134], [31.364209, 66.948241], [31.364617, 66.948585], [31.365797, 66.949336], [31.366012, 66.949572], [31.366441, 66.949829], [31.36732, 66.950537], [31.367471, 66.950773], [31.367621, 66.951138], [31.367642, 66.951331], [31.367707, 66.951439], [31.367707, 66.95161], [31.367642, 66.951911], [31.367599, 66.951954], [31.367342, 66.952597], [31.367235, 66.952683], [31.36687, 66.953198], [31.366441, 66.953627], [31.366097, 66.954078], [31.36466, 66.955773], [31.364231, 66.956417], [31.36408, 66.956846], [31.364016, 66.957125], [31.364102, 66.957468], [31.364338, 66.958069], [31.364638, 66.958605], [31.364788, 66.959078], [31.364853, 66.959528], [31.364746, 66.960108], [31.364574, 66.960365], [31.363909, 66.961009], [31.35951, 66.964549], [31.358866, 66.965279], [31.35878, 66.965644], [31.358802, 66.966373], [31.358995, 66.966802], [31.359209, 66.967124], [31.360261, 66.968369], [31.361892, 66.970193], [31.362256, 66.970729], [31.362664, 66.971115], [31.363952, 66.972553], [31.364166, 66.972918], [31.364316, 66.973261], [31.364274, 66.974141], [31.364338, 66.974656], [31.364488, 66.975021], [31.364703, 66.975385], [31.36496, 66.9756], [31.365067, 66.97575], [31.365711, 66.976201], [31.366977, 66.976823], [31.372663, 66.979376], [31.380324, 66.982896], [31.380646, 66.983089], [31.381268, 66.983389], [31.381826, 66.983732], [31.382684, 66.984376], [31.383779, 66.98532], [31.384315, 66.985943], [31.38483, 66.986629], [31.385152, 66.987101], [31.385238, 66.987273], [31.385238, 66.987337], [31.385302, 66.987402], [31.385302, 66.987466], [31.385409, 66.987509], [31.385602, 66.987724], [31.385645, 66.987874], [31.385838, 66.988196], [31.386439, 66.988796], [31.387319, 66.989547], [31.389465, 66.990878], [31.391396, 66.991779], [31.392104, 66.992037], [31.407725, 66.997101], [31.40839, 66.997358], [31.409313, 66.997787], [31.409893, 66.998131], [31.410665, 66.998688], [31.411781, 66.999675], [31.413776, 67.001585], [31.414012, 67.001886], [31.41427, 67.002122], [31.414484, 67.00225], [31.414635, 67.002508], [31.414806, 67.002701], [31.414935, 67.002916], [31.414999, 67.002958], [31.415257, 67.003645], [31.415257, 67.004396], [31.415128, 67.005083], [31.414957, 67.005533], [31.414635, 67.007078], [31.41442, 67.007722], [31.41442, 67.007894], [31.414334, 67.00828], [31.413884, 67.009803], [31.413776, 67.01034], [31.413798, 67.010404], [31.413733, 67.010469], [31.413712, 67.011155], [31.413841, 67.011542], [31.414206, 67.012121], [31.416008, 67.013988], [31.41721, 67.015018], [31.418218, 67.015747], [31.419527, 67.016563], [31.422102, 67.017957], [31.423819, 67.018944], [31.424655, 67.019374], [31.424913, 67.019545], [31.425256, 67.019674], [31.425471, 67.019803], [31.425492, 67.019846], [31.425986, 67.020082], [31.426694, 67.020489], [31.428368, 67.021326], [31.428861, 67.021648], [31.429934, 67.022227], [31.430277, 67.022464], [31.43135, 67.023021], [31.432831, 67.02388], [31.434247, 67.024609], [31.434762, 67.024953], [31.435728, 67.025425], [31.436178, 67.025725], [31.436951, 67.026154], [31.437401, 67.026347], [31.437959, 67.026734], [31.43826, 67.026991], [31.438281, 67.027055], [31.438817, 67.027592], [31.439161, 67.028386], [31.439504, 67.029802], [31.439611, 67.030489], [31.439719, 67.030811], [31.439847, 67.031047], [31.43989, 67.03124], [31.43989, 67.031368], [31.439826, 67.031454], [31.439869, 67.031733], [31.439676, 67.03227], [31.439311, 67.032828], [31.437594, 67.034737], [31.437144, 67.035381], [31.437036, 67.035724], [31.437015, 67.036089], [31.437058, 67.036432], [31.437273, 67.036754], [31.437423, 67.036883], [31.438624, 67.037677], [31.439011, 67.037977], [31.440985, 67.039243], [31.443259, 67.040767], [31.445319, 67.041926], [31.446714, 67.042569], [31.448988, 67.043449], [31.450662, 67.043943], [31.45725, 67.045702], [31.458795, 67.046067], [31.463258, 67.047311], [31.463344, 67.047354], [31.463344, 67.047419], [31.463601, 67.047462], [31.464803, 67.048105], [31.464846, 67.048191], [31.465017, 67.048299], [31.466627, 67.050208], [31.467571, 67.051152], [31.467742, 67.051367], [31.467957, 67.051732], [31.468107, 67.052397], [31.468064, 67.052955], [31.46785, 67.053577], [31.467742, 67.054071], [31.467678, 67.054178], [31.467678, 67.05435], [31.467313, 67.055422], [31.467335, 67.055508], [31.467249, 67.055809], [31.467077, 67.056259], [31.467056, 67.056452], [31.466991, 67.056581], [31.466777, 67.05744], [31.466734, 67.057826], [31.466927, 67.058512], [31.467099, 67.058899], [31.467463, 67.059542], [31.467807, 67.059993], [31.468021, 67.060315], [31.468043, 67.060401], [31.468279, 67.060637], [31.469116, 67.061817], [31.469631, 67.062375], [31.47036, 67.062954], [31.472141, 67.064113], [31.473708, 67.065014], [31.474695, 67.065658], [31.474888, 67.065744], [31.475059, 67.065872], [31.475553, 67.066087], [31.477119, 67.067095], [31.478106, 67.067782], [31.478836, 67.068211], [31.479287, 67.068576], [31.479952, 67.069027], [31.480896, 67.069842], [31.481132, 67.069992], [31.481304, 67.070164], [31.48184, 67.07055], [31.482183, 67.070893], [31.483063, 67.071559], [31.484544, 67.072868], [31.486647, 67.074541], [31.487462, 67.075271], [31.487827, 67.075507], [31.488342, 67.075936], [31.489479, 67.076601], [31.49008, 67.07688], [31.491711, 67.077438], [31.493384, 67.077824], [31.498749, 67.078661], [31.503791, 67.079348], [31.504178, 67.079434], [31.50613, 67.079713], [31.507225, 67.07982], [31.50834, 67.079863], [31.508662, 67.079906], [31.512117, 67.079884], [31.513619, 67.079949], [31.516773, 67.07997], [31.518726, 67.080056], [31.519906, 67.08012], [31.520721, 67.080206], [31.523318, 67.080635], [31.525185, 67.081172], [31.525592, 67.081258], [31.526772, 67.081687], [31.527738, 67.082159], [31.528725, 67.082802], [31.529133, 67.083124], [31.529583, 67.083553], [31.530227, 67.084347], [31.531321, 67.085828], [31.531772, 67.086579], [31.532158, 67.087309], [31.532373, 67.088081], [31.532523, 67.088768], [31.532545, 67.089004], [31.532523, 67.089755], [31.532437, 67.090034], [31.532266, 67.091343], [31.53218, 67.0916], [31.53218, 67.091815], [31.532266, 67.092394], [31.532588, 67.093016], [31.533274, 67.093832], [31.533682, 67.094218], [31.534283, 67.094669], [31.535527, 67.09572], [31.535677, 67.095784], [31.536235, 67.096278], [31.536514, 67.09645], [31.536965, 67.096879], [31.537158, 67.097007], [31.537287, 67.097158], [31.53763, 67.097437], [31.537973, 67.09763], [31.538274, 67.097995], [31.538681, 67.098381], [31.53881, 67.098424], [31.539218, 67.098767], [31.539647, 67.099067], [31.539776, 67.099261], [31.540591, 67.099883], [31.541171, 67.100441], [31.541664, 67.100784], [31.542458, 67.101556], [31.54293, 67.102265], [31.543424, 67.103466], [31.543509, 67.103874], [31.543745, 67.104646], [31.543767, 67.10514], [31.543917, 67.105183], [31.543982, 67.10529], [31.54411, 67.105805], [31.544218, 67.105955], [31.544389, 67.106449], [31.54469, 67.107608], [31.545119, 67.108638], [31.545226, 67.10911], [31.545441, 67.109582], [31.545441, 67.109753], [31.545591, 67.110011], [31.545591, 67.11014], [31.545677, 67.110247], [31.545763, 67.110526], [31.546041, 67.111062], [31.546041, 67.111127], [31.546192, 67.111341], [31.546256, 67.111556], [31.546471, 67.11162], [31.546943, 67.112049], [31.547372, 67.11235], [31.548273, 67.112779], [31.548552, 67.112865], [31.549518, 67.113272], [31.550462, 67.113551], [31.552114, 67.113938], [31.554088, 67.114259], [31.556599, 67.114581], [31.557049, 67.114667], [31.558873, 67.114882], [31.562542, 67.115418], [31.56383, 67.115568], [31.569602, 67.116427], [31.57207, 67.116899], [31.575331, 67.117671], [31.579151, 67.118808], [31.582133, 67.119796], [31.587433, 67.121405], [31.589729, 67.122156], [31.590523, 67.122478], [31.591961, 67.122971], [31.593484, 67.123572], [31.594429, 67.124001], [31.595094, 67.124237], [31.598227, 67.125696], [31.59975, 67.126512], [31.600008, 67.126683], [31.601402, 67.127327], [31.60254, 67.127778], [31.603634, 67.128164], [31.606016, 67.128786], [31.608011, 67.129194], [31.609685, 67.129451], [31.612839, 67.12973], [31.615028, 67.129816], [31.616272, 67.129795], [31.621851, 67.129473], [31.623783, 67.129409], [31.624941, 67.129301], [31.628739, 67.129237], [31.630392, 67.129173], [31.631915, 67.129173], [31.632838, 67.129087], [31.636893, 67.129087], [31.642193, 67.128786], [31.643953, 67.128636], [31.647236, 67.128314], [31.653265, 67.127413], [31.654574, 67.127177], [31.655969, 67.126855], [31.657493, 67.126619], [31.661076, 67.125739], [31.662213, 67.125417], [31.663501, 67.125138], [31.665239, 67.124645], [31.666312, 67.12443], [31.667728, 67.124237], [31.668565, 67.124216], [31.668822, 67.124151], [31.671955, 67.124023], [31.675775, 67.124023], [31.679615, 67.12413], [31.683564, 67.124345], [31.688735, 67.124709], [31.689658, 67.124731], [31.697704, 67.125525], [31.7053, 67.126426], [31.706523, 67.126598], [31.71015, 67.127198], [31.711394, 67.127349], [31.716716, 67.12825], [31.717638, 67.128357], [31.71854, 67.1284], [31.719892, 67.128421], [31.721866, 67.128271], [31.722059, 67.128185], [31.723604, 67.127907], [31.730577, 67.126147], [31.7315, 67.126083], [31.732702, 67.125739], [31.733324, 67.125503], [31.734311, 67.125289], [31.736929, 67.124902], [31.73901, 67.124817], [31.739976, 67.12486], [31.740834, 67.12501], [31.742422, 67.125332], [31.746842, 67.126447], [31.746778, 67.12649], [31.746928, 67.126469], [31.746842, 67.126426], [31.746971, 67.126447], [31.750168, 67.127091], [31.75328, 67.127606], [31.757035, 67.128035], [31.760253, 67.128336], [31.763021, 67.128507], [31.765017, 67.128593], [31.765918, 67.128572], [31.767935, 67.128658], [31.769909, 67.128636], [31.771519, 67.1287], [31.772313, 67.128658], [31.773107, 67.1287], [31.774137, 67.128658], [31.775124, 67.128722], [31.775231, 67.128679], [31.775789, 67.128636], [31.778213, 67.128593], [31.778342, 67.128529], [31.779115, 67.1284], [31.780252, 67.128357], [31.780531, 67.128121], [31.780531, 67.128057], [31.780231, 67.127885], [31.780102, 67.127864], [31.779437, 67.127907], [31.778192, 67.128078], [31.777312, 67.128271], [31.776862, 67.128271], [31.776797, 67.128228], [31.775853, 67.128164], [31.77375, 67.128336], [31.773171, 67.128336], [31.772806, 67.128293], [31.77242, 67.128143], [31.772356, 67.128014], [31.772613, 67.127885], [31.77257, 67.127928], [31.77272, 67.127928], [31.772677, 67.127842], [31.772592, 67.127799], [31.772592, 67.127735], [31.772634, 67.127842], [31.772613, 67.127885], [31.772527, 67.127907], [31.772184, 67.127735], [31.772077, 67.127756], [31.772356, 67.127885], [31.772356, 67.128143], [31.772441, 67.128207], [31.772699, 67.128293], [31.773192, 67.128357], [31.774137, 67.1284], [31.775252, 67.128314], [31.775553, 67.128207], [31.776261, 67.12825], [31.77654, 67.128228], [31.777033, 67.128293], [31.777548, 67.128271], [31.778256, 67.1281], [31.779201, 67.128014], [31.77993, 67.127885], [31.780488, 67.127971], [31.780552, 67.128014], [31.780509, 67.128057], [31.780595, 67.1281], [31.780917, 67.128121], [31.781904, 67.128143], [31.782741, 67.128014], [31.783192, 67.128035], [31.783514, 67.128143], [31.783771, 67.128271], [31.783621, 67.128379], [31.783986, 67.1284], [31.787719, 67.128185], [31.791303, 67.128057], [31.794285, 67.127864], [31.796174, 67.127799], [31.797375, 67.127799], [31.801388, 67.127628], [31.801753, 67.127649], [31.810979, 67.127585], [31.813983, 67.127628], [31.817009, 67.127585], [31.817266, 67.127628], [31.820592, 67.127585], [31.821365, 67.127628], [31.823039, 67.127606], [31.824176, 67.127628], [31.828832, 67.127907], [31.830677, 67.128185], [31.833767, 67.128786], [31.835119, 67.129151], [31.835849, 67.129301], [31.837222, 67.129709], [31.841492, 67.13076], [31.845462, 67.131833], [31.846857, 67.132177], [31.852543, 67.133722], [31.855225, 67.134515], [31.85692, 67.134945], [31.858336, 67.13546], [31.860353, 67.136125], [31.861126, 67.136447], [31.861233, 67.136532], [31.861619, 67.136704], [31.862757, 67.137133], [31.863186, 67.137369], [31.863958, 67.137691], [31.864194, 67.137841], [31.864216, 67.137884], [31.86531, 67.138356], [31.86589, 67.1387], [31.867971, 67.139708], [31.868851, 67.140202], [31.869623, 67.140545], [31.870653, 67.140974], [31.871447, 67.141253], [31.873807, 67.141961], [31.874322, 67.142154], [31.876232, 67.143077], [31.876683, 67.143249], [31.877348, 67.14342], [31.877691, 67.143463], [31.878206, 67.143892], [31.878421, 67.144], [31.87915, 67.144214], [31.880524, 67.144536], [31.881747, 67.144665], [31.882412, 67.144665], [31.883549, 67.144815], [31.886703, 67.145008], [31.889965, 67.145158], [31.890888, 67.145244], [31.891574, 67.145244], [31.894814, 67.145566], [31.896145, 67.145759], [31.897604, 67.146017], [31.898956, 67.146317], [31.900608, 67.146725], [31.904127, 67.14769], [31.911809, 67.149965], [31.912431, 67.150394], [31.912753, 67.150523], [31.913332, 67.150566], [31.91447, 67.150802], [31.917345, 67.151703], [31.919276, 67.152261], [31.926121, 67.153978], [31.926593, 67.154149], [31.928975, 67.154836], [31.93022, 67.155158], [31.930692, 67.155308], [31.931142, 67.155523], [31.93228, 67.155844], [31.933288, 67.156188], [31.933696, 67.156252], [31.933889, 67.156316], [31.934382, 67.156381], [31.935713, 67.156789], [31.938524, 67.157561], [31.939747, 67.157947], [31.940412, 67.158097], [31.94494, 67.159428], [31.945304, 67.159428], [31.945669, 67.159492], [31.94612, 67.159642], [31.946849, 67.159793], [31.946914, 67.159878], [31.947407, 67.159964], [31.951978, 67.161187], [31.952793, 67.161338], [31.954724, 67.161874], [31.959316, 67.16299], [31.959531, 67.163076], [31.960732, 67.163355], [31.961162, 67.163505], [31.961762, 67.163655], [31.962234, 67.163698], [31.964681, 67.164449], [31.965646, 67.164664], [31.966998, 67.165028], [31.967771, 67.165157], [31.96923, 67.165522], [31.972084, 67.16608], [31.976997, 67.166616], [31.983778, 67.167088], [31.986374, 67.167303], [31.990194, 67.167539], [31.99294, 67.167775], [31.996974, 67.168011], [31.998755, 67.168183], [32.000687, 67.168462], [32.002382, 67.168805], [32.006201, 67.169728], [32.008562, 67.170414], [32.008776, 67.170436], [32.009634, 67.170672], [32.011051, 67.170951], [32.014548, 67.171487], [32.014849, 67.171573], [32.016072, 67.171766], [32.021136, 67.172388], [32.022466, 67.172624], [32.024118, 67.172817], [32.025492, 67.173075], [32.026629, 67.173182], [32.02929, 67.173568], [32.031865, 67.17389], [32.032809, 67.173955], [32.03607, 67.174041], [32.037401, 67.174019], [32.037529, 67.173976], [32.03871, 67.173933], [32.039461, 67.173955], [32.04328, 67.173847], [32.045662, 67.17374], [32.055983, 67.17344], [32.058751, 67.173289], [32.063407, 67.172796], [32.066411, 67.17241], [32.072055, 67.171401], [32.074437, 67.171036], [32.075939, 67.170865], [32.077248, 67.170672], [32.07935, 67.170457], [32.08214, 67.170242], [32.084414, 67.170157], [32.090036, 67.169813], [32.091388, 67.16977], [32.095186, 67.16947], [32.097654, 67.169255], [32.098212, 67.169148], [32.099907, 67.168955], [32.102246, 67.168633], [32.106623, 67.167861], [32.109842, 67.167153], [32.11055, 67.166959], [32.112116, 67.166616], [32.112953, 67.166337], [32.113683, 67.166208], [32.114005, 67.166101], [32.115871, 67.165672], [32.116901, 67.165372], [32.119219, 67.1649], [32.132973, 67.161488], [32.134389, 67.161187], [32.134282, 67.161166], [32.134497, 67.161144], [32.134475, 67.161102], [32.134497, 67.161166], [32.134454, 67.161209], [32.134475, 67.161252], [32.134583, 67.161209], [32.134475, 67.161166], [32.134604, 67.161187], [32.134583, 67.161144], [32.134454, 67.161166], [32.136471, 67.160672], [32.137265, 67.160436], [32.13778, 67.160351], [32.139325, 67.159921], [32.141878, 67.159363], [32.142393, 67.159192], [32.143423, 67.158934], [32.145633, 67.158462], [32.145912, 67.158355], [32.146642, 67.158205], [32.147285, 67.158012], [32.147972, 67.157947], [32.148401, 67.157754], [32.148788, 67.15769], [32.149345, 67.157497], [32.150504, 67.157261], [32.150912, 67.157132], [32.151641, 67.156982], [32.1531, 67.156574], [32.154023, 67.156553], [32.154388, 67.156574], [32.15456, 67.156617], [32.156426, 67.15769], [32.157692, 67.158291], [32.158165, 67.158441], [32.160182, 67.159321], [32.161598, 67.159814], [32.163229, 67.160308], [32.167735, 67.161445], [32.170159, 67.161981], [32.172327, 67.162368], [32.17518, 67.162711], [32.179644, 67.163097], [32.181339, 67.163204], [32.183334, 67.163419], [32.184686, 67.163505], [32.185223, 67.163591], [32.187733, 67.163784], [32.188634, 67.163805], [32.193806, 67.164191], [32.194449, 67.164213], [32.198934, 67.164621], [32.201616, 67.164985], [32.2055, 67.165608], [32.206788, 67.165887], [32.210993, 67.166487], [32.215585, 67.16726], [32.216508, 67.167389], [32.218031, 67.167689], [32.221593, 67.168247], [32.225799, 67.168826], [32.226657, 67.168891], [32.233588, 67.16977], [32.236506, 67.170092], [32.238309, 67.170242], [32.240948, 67.170393], [32.24127, 67.17035], [32.241764, 67.170414], [32.242386, 67.170393], [32.243695, 67.170457], [32.248737, 67.170586], [32.254681, 67.170822], [32.257514, 67.170865], [32.258608, 67.170929], [32.259788, 67.170908], [32.261891, 67.171015], [32.265775, 67.171358], [32.271161, 67.171938], [32.272448, 67.172023], [32.272448, 67.172066], [32.272555, 67.172045], [32.273757, 67.172195], [32.277233, 67.172496], [32.278993, 67.172753], [32.279443, 67.172753], [32.280859, 67.172882], [32.284185, 67.173397], [32.284271, 67.173354], [32.286546, 67.173762], [32.287232, 67.173804], [32.287318, 67.173762], [32.288134, 67.173955], [32.290365, 67.174298], [32.291374, 67.174555], [32.29309, 67.174877], [32.297275, 67.175972], [32.303519, 67.177903], [32.304742, 67.178203], [32.306072, 67.178482], [32.306287, 67.178568], [32.306416, 67.178568], [32.306609, 67.178482], [32.306673, 67.178418], [32.306737, 67.178246], [32.307295, 67.177817], [32.307531, 67.177495], [32.308046, 67.177087], [32.308905, 67.176272], [32.308926, 67.176165], [32.309355, 67.175929], [32.310965, 67.174427], [32.311415, 67.174105], [32.311673, 67.173783], [32.312574, 67.173032], [32.312767, 67.172796], [32.313303, 67.172367], [32.313497, 67.172109], [32.314205, 67.17153], [32.314548, 67.171294], [32.315492, 67.170843], [32.316136, 67.170436], [32.317616, 67.169942], [32.319977, 67.16932], [32.321414, 67.169148], [32.322938, 67.169041], [32.323689, 67.168934], [32.32474, 67.168869], [32.325985, 67.168676], [32.330448, 67.168333], [32.331242, 67.168204], [32.332572, 67.167882], [32.333667, 67.167474], [32.335619, 67.16638], [32.337422, 67.165264], [32.33828, 67.1649], [32.339267, 67.164771], [32.341005, 67.164835], [32.3424, 67.164814], [32.344331, 67.164513], [32.345211, 67.164449], [32.348022, 67.164578], [32.349309, 67.165007], [32.352292, 67.165586], [32.355446, 67.166294], [32.356133, 67.166316], [32.358493, 67.166208], [32.359674, 67.166251], [32.360017, 67.166294], [32.360918, 67.16653], [32.361412, 67.166616], [32.362141, 67.166852], [32.362313, 67.166852], [32.363171, 67.167217], [32.36375, 67.167367], [32.364051, 67.167496], [32.365446, 67.167839], [32.365596, 67.167925], [32.366132, 67.168011], [32.367034, 67.16829], [32.367785, 67.16844], [32.370402, 67.169234], [32.371218, 67.169384], [32.372033, 67.169449], [32.37257, 67.169449], [32.373278, 67.169363], [32.373857, 67.169191], [32.374179, 67.169041], [32.374351, 67.168805], [32.374372, 67.168676], [32.374329, 67.168547], [32.374243, 67.168483], [32.374393, 67.168354], [32.374715, 67.168183], [32.375359, 67.168032], [32.375767, 67.167882], [32.37626, 67.167796], [32.376647, 67.167668], [32.377634, 67.167496], [32.378406, 67.167432], [32.380123, 67.167067], [32.380573, 67.166895], [32.381646, 67.166402], [32.382075, 67.166187], [32.382762, 67.165779], [32.384071, 67.165157], [32.384543, 67.164857], [32.386667, 67.163827], [32.387204, 67.163612], [32.387483, 67.163548], [32.388641, 67.163398], [32.389457, 67.163247], [32.390208, 67.162925], [32.390701, 67.162775], [32.392933, 67.161831], [32.393255, 67.161724], [32.394156, 67.161552], [32.395937, 67.161466], [32.396431, 67.161509], [32.399392, 67.161574], [32.400486, 67.161509], [32.401022, 67.161531], [32.401881, 67.161445], [32.402439, 67.161338], [32.403855, 67.160973], [32.404327, 67.160823], [32.404413, 67.160758], [32.404456, 67.160672], [32.404391, 67.160608], [32.403833, 67.160222], [32.403812, 67.160093], [32.403898, 67.159943], [32.403748, 67.159986], [32.403683, 67.159943], [32.403597, 67.159621], [32.403683, 67.159406], [32.404069, 67.159213], [32.404778, 67.159149], [32.404971, 67.15917], [32.405142, 67.159106], [32.405958, 67.159085], [32.408747, 67.158698], [32.410614, 67.158505], [32.411108, 67.158398], [32.412846, 67.157904], [32.416536, 67.158419], [32.417137, 67.158162], [32.421343, 67.153613], [32.424304, 67.153913], [32.427437, 67.153506], [32.431643, 67.153849], [32.432372, 67.15342], [32.431986, 67.15254], [32.433016, 67.152089], [32.434389, 67.151639], [32.43426, 67.150952], [32.43469, 67.150029], [32.434518, 67.149622], [32.433445, 67.147991], [32.433059, 67.147755], [32.432801, 67.146832], [32.432115, 67.145995], [32.431514, 67.145523], [32.431964, 67.145309], [32.431428, 67.142541], [32.430913, 67.141833], [32.430419, 67.140953], [32.43057, 67.140438], [32.430484, 67.140137], [32.430269, 67.139966], [32.426171, 67.13797], [32.426064, 67.13767], [32.426922, 67.135867], [32.426836, 67.135653], [32.425484, 67.134043], [32.425398, 67.133614], [32.425463, 67.132928], [32.425785, 67.132692], [32.426471, 67.131919], [32.426257, 67.131576], [32.425484, 67.130739], [32.425398, 67.130117], [32.425484, 67.129902], [32.426064, 67.129838], [32.426793, 67.129945], [32.427544, 67.129645], [32.428596, 67.129623], [32.428875, 67.129473], [32.428917, 67.129215]]}}]}